item_id,user_id,rating,timestamp,model_attr,category,brand,year,user_attr,split
236,3688,2.0,2005-05-09,Male,Headphones,Philips,2005,,0
236,3810,3.0,2005-06-07,Male,Headphones,Philips,2005,,0
236,4145,2.0,2005-08-07,Male,Headphones,Philips,2005,,0
236,4874,4.0,2005-11-16,Male,Headphones,Philips,2005,,0
236,4877,2.0,2005-11-16,Male,Headphones,Philips,2005,,0
236,5227,4.0,2006-01-04,Male,Headphones,Philips,2005,,0
236,5285,4.0,2006-01-13,Male,Headphones,Philips,2005,,0
236,5388,2.0,2006-01-29,Male,Headphones,Philips,2005,,0
236,5448,3.0,2006-02-06,Male,Headphones,Philips,2005,,0
236,5506,4.0,2006-02-16,Male,Headphones,Philips,2005,Male,0
236,5714,1.0,2006-03-06,Male,Headphones,Philips,2005,,0
236,5774,4.0,2006-03-12,Male,Headphones,Philips,2005,,0
236,5809,4.0,2006-03-15,Male,Headphones,Philips,2005,,0
236,5828,5.0,2006-03-16,Male,Headphones,Philips,2005,,0
236,5848,4.0,2006-03-18,Male,Headphones,Philips,2005,,0
236,5922,5.0,2006-03-25,Male,Headphones,Philips,2005,,0
236,5930,3.0,2006-03-26,Male,Headphones,Philips,2005,,0
236,5946,1.0,2006-03-29,Male,Headphones,Philips,2005,,0
236,5948,1.0,2006-03-29,Male,Headphones,Philips,2005,,0
236,5975,5.0,2006-04-06,Male,Headphones,Philips,2005,,0
236,6093,3.0,2006-05-02,Male,Headphones,Philips,2005,,0
236,6205,4.0,2006-05-26,Male,Headphones,Philips,2005,,0
236,6248,1.0,2006-06-05,Male,Headphones,Philips,2005,,0
236,6296,2.0,2006-06-13,Male,Headphones,Philips,2005,,0
236,6303,4.0,2006-06-14,Male,Headphones,Philips,2005,,0
236,6419,5.0,2006-07-05,Male,Headphones,Philips,2005,,0
236,6509,4.0,2006-07-15,Male,Headphones,Philips,2005,,0
236,6519,5.0,2006-07-17,Male,Headphones,Philips,2005,,0
236,6528,4.0,2006-07-18,Male,Headphones,Philips,2005,,0
236,6591,2.0,2006-07-30,Male,Headphones,Philips,2005,,0
236,6619,4.0,2006-08-04,Male,Headphones,Philips,2005,,0
236,6684,1.0,2006-08-14,Male,Headphones,Philips,2005,,0
236,6692,2.0,2006-08-16,Male,Headphones,Philips,2005,,0
236,6723,5.0,2006-08-22,Male,Headphones,Philips,2005,,0
236,6780,2.0,2006-08-30,Male,Headphones,Philips,2005,Male,0
236,6895,1.0,2006-09-25,Male,Headphones,Philips,2005,,0
236,6925,2.0,2006-10-02,Male,Headphones,Philips,2005,,0
236,7053,2.0,2006-11-02,Male,Headphones,Philips,2005,,0
236,7181,4.0,2006-11-09,Male,Headphones,Philips,2005,,0
236,7213,5.0,2006-11-10,Male,Headphones,Philips,2005,,0
236,7378,5.0,2006-12-01,Male,Headphones,Philips,2005,,0
236,7406,1.0,2006-12-04,Male,Headphones,Philips,2005,,0
236,7486,3.0,2006-12-13,Male,Headphones,Philips,2005,,0
236,7495,2.0,2006-12-14,Male,Headphones,Philips,2005,,0
236,7768,4.0,2007-01-03,Male,Headphones,Philips,2005,,0
236,8008,5.0,2007-01-09,Male,Headphones,Philips,2005,,0
236,8009,3.0,2007-01-09,Male,Headphones,Philips,2005,,0
236,8320,4.0,2007-01-17,Male,Headphones,Philips,2005,,0
236,8349,2.0,2007-01-18,Male,Headphones,Philips,2005,,0
236,8363,4.0,2007-01-18,Male,Headphones,Philips,2005,,0
236,8814,3.0,2007-02-15,Male,Headphones,Philips,2005,,0
236,8860,5.0,2007-02-19,Male,Headphones,Philips,2005,,0
236,9062,2.0,2007-03-08,Male,Headphones,Philips,2005,,0
236,9266,5.0,2007-03-18,Male,Headphones,Philips,2005,,0
236,9611,5.0,2007-04-11,Male,Headphones,Philips,2005,,0
236,9679,5.0,2007-04-19,Male,Headphones,Philips,2005,,0
236,9780,5.0,2007-05-01,Male,Headphones,Philips,2005,,0
236,10283,5.0,2007-05-25,Male,Headphones,Philips,2005,,0
236,10309,5.0,2007-05-27,Male,Headphones,Philips,2005,,0
236,10498,4.0,2007-06-08,Male,Headphones,Philips,2005,,0
236,11107,5.0,2007-07-17,Male,Headphones,Philips,2005,,0
547,11349,1.0,2007-07-31,Male,Headphones,Philips,2007,,0
547,11464,5.0,2007-08-07,Male,Headphones,Philips,2007,,0
236,11696,5.0,2007-08-23,Male,Headphones,Philips,2005,,0
547,11795,4.0,2007-08-27,Male,Headphones,Philips,2007,,0
236,11911,3.0,2007-09-02,Male,Headphones,Philips,2005,,0
236,12122,2.0,2007-09-14,Male,Headphones,Philips,2005,,0
547,12169,5.0,2007-09-17,Male,Headphones,Philips,2007,,0
236,12295,4.0,2007-09-24,Male,Headphones,Philips,2005,,0
236,12489,5.0,2007-10-04,Male,Headphones,Philips,2005,,0
236,12490,3.0,2007-10-04,Male,Headphones,Philips,2005,,0
236,12680,5.0,2007-10-17,Male,Headphones,Philips,2005,,0
236,12805,2.0,2007-10-24,Male,Headphones,Philips,2005,,0
236,12553,3.0,2007-11-12,Male,Headphones,Philips,2005,Male,2
547,13389,4.0,2007-11-26,Male,Headphones,Philips,2007,,0
236,13479,3.0,2007-11-29,Male,Headphones,Philips,2005,,0
236,13481,5.0,2007-11-30,Male,Headphones,Philips,2005,,0
236,13636,4.0,2007-12-06,Male,Headphones,Philips,2005,,0
547,13660,4.0,2007-12-07,Male,Headphones,Philips,2007,,0
236,13675,4.0,2007-12-08,Male,Headphones,Philips,2005,,0
236,13681,5.0,2007-12-08,Male,Headphones,Philips,2005,,0
236,13744,2.0,2007-12-11,Male,Headphones,Philips,2005,,0
547,13857,1.0,2007-12-15,Male,Headphones,Philips,2007,,0
547,13927,4.0,2007-12-18,Male,Headphones,Philips,2007,,0
547,13975,5.0,2007-12-21,Male,Headphones,Philips,2007,,0
236,13995,3.0,2007-12-21,Male,Headphones,Philips,2005,,0
547,14381,3.0,2008-01-01,Male,Headphones,Philips,2007,,0
236,14469,5.0,2008-01-03,Male,Headphones,Philips,2005,Male,0
547,14515,1.0,2008-01-05,Male,Headphones,Philips,2007,,0
547,14614,1.0,2008-01-07,Male,Headphones,Philips,2007,,0
236,15180,2.0,2008-01-25,Male,Headphones,Philips,2005,,0
236,15183,4.0,2008-01-25,Male,Headphones,Philips,2005,,0
236,15245,5.0,2008-01-27,Male,Headphones,Philips,2005,,0
236,15353,1.0,2008-02-03,Male,Headphones,Philips,2005,,0
547,15414,3.0,2008-02-07,Male,Headphones,Philips,2007,,0
236,15506,4.0,2008-02-08,Male,Headphones,Philips,2005,,0
236,15541,2.0,2008-02-09,Male,Headphones,Philips,2005,,0
547,15595,5.0,2008-02-11,Male,Headphones,Philips,2007,,0
236,15627,3.0,2008-02-13,Male,Headphones,Philips,2005,,0
547,15668,1.0,2008-02-13,Male,Headphones,Philips,2007,,0
236,15835,4.0,2008-02-22,Male,Headphones,Philips,2005,,0
236,15896,3.0,2008-02-24,Male,Headphones,Philips,2005,,0
236,15930,5.0,2008-02-26,Male,Headphones,Philips,2005,,0
236,16126,3.0,2008-03-06,Male,Headphones,Philips,2005,,0
547,16252,3.0,2008-03-13,Male,Headphones,Philips,2007,,0
236,16265,5.0,2008-03-14,Male,Headphones,Philips,2005,,0
236,16287,4.0,2008-03-15,Male,Headphones,Philips,2005,,0
547,16308,2.0,2008-03-16,Male,Headphones,Philips,2007,,0
236,16440,4.0,2008-03-24,Male,Headphones,Philips,2005,,0
547,16605,3.0,2008-03-30,Male,Headphones,Philips,2007,Male,0
236,16611,4.0,2008-03-30,Male,Headphones,Philips,2005,,0
236,16660,2.0,2008-04-01,Male,Headphones,Philips,2005,,0
236,16747,5.0,2008-04-05,Male,Headphones,Philips,2005,,0
236,16766,4.0,2008-04-06,Male,Headphones,Philips,2005,,0
547,16881,3.0,2008-04-10,Male,Headphones,Philips,2007,,0
547,16930,4.0,2008-04-13,Male,Headphones,Philips,2007,,0
547,16989,5.0,2008-04-15,Male,Headphones,Philips,2007,,0
236,17307,4.0,2008-05-01,Male,Headphones,Philips,2005,Male,0
547,17319,2.0,2008-05-01,Male,Headphones,Philips,2007,Female,0
547,17393,4.0,2008-05-05,Male,Headphones,Philips,2007,,0
547,17428,4.0,2008-05-06,Male,Headphones,Philips,2007,Female,0
236,17482,5.0,2008-05-09,Male,Headphones,Philips,2005,,0
547,17741,5.0,2008-05-22,Male,Headphones,Philips,2007,,0
236,17804,5.0,2008-05-26,Male,Headphones,Philips,2005,,0
547,17817,2.0,2008-05-27,Male,Headphones,Philips,2007,,0
236,17859,4.0,2008-05-28,Male,Headphones,Philips,2005,,0
236,17906,5.0,2008-05-30,Male,Headphones,Philips,2005,,0
547,17982,1.0,2008-06-02,Male,Headphones,Philips,2007,,0
236,17999,4.0,2008-06-03,Male,Headphones,Philips,2005,,0
236,18056,2.0,2008-06-06,Male,Headphones,Philips,2005,,0
547,18313,5.0,2008-06-16,Male,Headphones,Philips,2007,,0
547,18512,5.0,2008-06-26,Male,Headphones,Philips,2007,,0
236,18568,5.0,2008-06-28,Male,Headphones,Philips,2005,,0
547,18690,2.0,2008-07-03,Male,Headphones,Philips,2007,,0
547,18697,3.0,2008-07-03,Male,Headphones,Philips,2007,,0
236,18761,5.0,2008-07-06,Male,Headphones,Philips,2005,,0
236,18856,4.0,2008-07-09,Male,Headphones,Philips,2005,,0
236,18918,2.0,2008-07-11,Male,Headphones,Philips,2005,,0
236,19109,4.0,2008-07-18,Male,Headphones,Philips,2005,Female,0
547,19171,2.0,2008-07-21,Male,Headphones,Philips,2007,,0
547,19723,4.0,2008-08-11,Male,Headphones,Philips,2007,,0
236,19894,2.0,2008-08-18,Male,Headphones,Philips,2005,,0
547,19968,2.0,2008-08-22,Male,Headphones,Philips,2007,,0
236,19970,2.0,2008-08-22,Male,Headphones,Philips,2005,,0
547,20018,5.0,2008-08-24,Male,Headphones,Philips,2007,,0
236,20067,4.0,2008-08-26,Male,Headphones,Philips,2005,,0
236,20207,4.0,2008-08-30,Male,Headphones,Philips,2005,,0
547,20256,5.0,2008-08-31,Male,Headphones,Philips,2007,,0
236,20284,3.0,2008-09-01,Male,Headphones,Philips,2005,,0
236,20419,3.0,2008-09-06,Male,Headphones,Philips,2005,,0
547,20453,3.0,2008-09-07,Male,Headphones,Philips,2007,,0
547,20521,5.0,2008-09-10,Male,Headphones,Philips,2007,,0
236,20713,5.0,2008-09-17,Male,Headphones,Philips,2005,,0
236,20774,3.0,2008-09-19,Male,Headphones,Philips,2005,,0
236,21044,4.0,2008-10-01,Male,Headphones,Philips,2005,,0
236,21056,3.0,2008-10-02,Male,Headphones,Philips,2005,,0
236,21119,4.0,2008-10-04,Male,Headphones,Philips,2005,,0
236,21176,4.0,2008-10-06,Male,Headphones,Philips,2005,,0
236,21202,4.0,2008-10-07,Male,Headphones,Philips,2005,,0
236,21367,4.0,2008-10-14,Male,Headphones,Philips,2005,,0
547,21417,1.0,2008-10-17,Male,Headphones,Philips,2007,,0
236,21497,3.0,2008-10-21,Male,Headphones,Philips,2005,,0
547,21532,1.0,2008-10-23,Male,Headphones,Philips,2007,Female,0
236,21654,1.0,2008-10-28,Male,Headphones,Philips,2005,,0
236,21703,1.0,2008-10-30,Male,Headphones,Philips,2005,,0
236,21769,1.0,2008-11-02,Male,Headphones,Philips,2005,,0
547,21807,2.0,2008-11-04,Male,Headphones,Philips,2007,,0
547,21902,5.0,2008-11-11,Male,Headphones,Philips,2007,Male,0
236,21960,3.0,2008-11-13,Male,Headphones,Philips,2005,Male,0
547,21965,1.0,2008-11-14,Male,Headphones,Philips,2007,,0
236,22034,5.0,2008-11-17,Male,Headphones,Philips,2005,,0
547,22362,3.0,2008-11-30,Male,Headphones,Philips,2007,,0
236,22404,5.0,2008-12-01,Male,Headphones,Philips,2005,,0
236,22414,5.0,2008-12-01,Male,Headphones,Philips,2005,,0
236,22519,4.0,2008-12-05,Male,Headphones,Philips,2005,,0
547,22604,2.0,2008-12-09,Male,Headphones,Philips,2007,,0
547,22622,3.0,2008-12-10,Male,Headphones,Philips,2007,,0
547,22712,1.0,2008-12-12,Male,Headphones,Philips,2007,,0
547,22954,3.0,2008-12-19,Male,Headphones,Philips,2007,,0
907,23068,4.0,2008-12-22,Female,Headphones,Jabra,2009,,0
547,23289,5.0,2008-12-27,Male,Headphones,Philips,2007,,0
236,23290,5.0,2008-12-27,Male,Headphones,Philips,2005,,0
547,23526,1.0,2009-01-03,Male,Headphones,Philips,2007,,0
547,23558,4.0,2009-01-04,Male,Headphones,Philips,2007,,0
236,23624,5.0,2009-01-06,Male,Headphones,Philips,2005,,0
236,23657,4.0,2009-01-06,Male,Headphones,Philips,2005,,0
547,23679,4.0,2009-01-06,Male,Headphones,Philips,2007,Male,0
236,23751,3.0,2009-01-07,Male,Headphones,Philips,2005,,0
236,24214,5.0,2009-01-14,Male,Headphones,Philips,2005,,0
236,24562,2.0,2009-01-23,Male,Headphones,Philips,2005,,0
547,24568,5.0,2009-01-23,Male,Headphones,Philips,2007,,0
547,24660,5.0,2009-01-26,Male,Headphones,Philips,2007,,0
236,24711,5.0,2009-01-27,Male,Headphones,Philips,2005,,0
547,24837,2.0,2009-01-31,Male,Headphones,Philips,2007,,0
236,24889,5.0,2009-02-02,Male,Headphones,Philips,2005,Female,0
547,24929,3.0,2009-02-03,Male,Headphones,Philips,2007,,0
547,25079,4.0,2009-02-07,Male,Headphones,Philips,2007,,0
547,25492,5.0,2009-02-21,Male,Headphones,Philips,2007,,0
547,25617,1.0,2009-02-25,Male,Headphones,Philips,2007,,0
236,25716,4.0,2009-03-01,Male,Headphones,Philips,2005,,0
547,25776,1.0,2009-03-03,Male,Headphones,Philips,2007,,0
907,25794,5.0,2009-03-04,Female,Headphones,Jabra,2009,,0
547,25814,4.0,2009-03-04,Male,Headphones,Philips,2007,,0
236,26063,4.0,2009-03-16,Male,Headphones,Philips,2005,,0
236,26092,4.0,2009-03-17,Male,Headphones,Philips,2005,,0
236,26121,5.0,2009-03-18,Male,Headphones,Philips,2005,,0
907,26186,5.0,2009-03-20,Female,Headphones,Jabra,2009,,0
236,26188,1.0,2009-03-20,Male,Headphones,Philips,2005,,0
236,26413,2.0,2009-03-28,Male,Headphones,Philips,2005,,0
236,26414,5.0,2009-03-28,Male,Headphones,Philips,2005,,0
236,26455,4.0,2009-03-30,Male,Headphones,Philips,2005,,0
236,26484,1.0,2009-03-31,Male,Headphones,Philips,2005,,0
907,26495,4.0,2009-03-31,Female,Headphones,Jabra,2009,,0
907,26496,4.0,2009-03-31,Female,Headphones,Jabra,2009,,0
907,26601,1.0,2009-04-04,Female,Headphones,Jabra,2009,,0
236,26704,3.0,2009-04-07,Male,Headphones,Philips,2005,,0
547,26727,4.0,2009-04-08,Male,Headphones,Philips,2007,,0
236,27133,1.0,2009-04-23,Male,Headphones,Philips,2005,,0
236,27478,2.0,2009-05-05,Male,Headphones,Philips,2005,,0
907,27654,5.0,2009-05-12,Female,Headphones,Jabra,2009,,0
236,27672,4.0,2009-05-13,Male,Headphones,Philips,2005,,0
236,27796,1.0,2009-05-17,Male,Headphones,Philips,2005,,0
236,28111,3.0,2009-05-28,Male,Headphones,Philips,2005,,0
236,28128,4.0,2009-05-29,Male,Headphones,Philips,2005,,0
547,28358,4.0,2009-06-05,Male,Headphones,Philips,2007,,0
236,28483,3.0,2009-06-10,Male,Headphones,Philips,2005,,0
236,28566,3.0,2009-06-13,Male,Headphones,Philips,2005,,0
236,28583,4.0,2009-06-14,Male,Headphones,Philips,2005,,0
547,28730,5.0,2009-06-19,Male,Headphones,Philips,2007,,0
236,28763,4.0,2009-06-21,Male,Headphones,Philips,2005,,0
547,28778,5.0,2009-06-21,Male,Headphones,Philips,2007,,0
547,28779,1.0,2009-06-21,Male,Headphones,Philips,2007,,0
547,28860,2.0,2009-06-24,Male,Headphones,Philips,2007,,0
907,28914,5.0,2009-06-26,Female,Headphones,Jabra,2009,,0
547,29077,1.0,2009-07-01,Male,Headphones,Philips,2007,,0
236,29234,5.0,2009-07-06,Male,Headphones,Philips,2005,,0
547,29557,5.0,2009-07-17,Male,Headphones,Philips,2007,,0
236,29605,4.0,2009-07-20,Male,Headphones,Philips,2005,,0
236,29651,5.0,2009-07-23,Male,Headphones,Philips,2005,,0
547,29754,5.0,2009-07-28,Male,Headphones,Philips,2007,,0
547,29789,2.0,2009-07-30,Male,Headphones,Philips,2007,,0
547,29883,1.0,2009-08-03,Male,Headphones,Philips,2007,,0
236,30114,5.0,2009-08-13,Male,Headphones,Philips,2005,Male,0
236,30118,4.0,2009-08-13,Male,Headphones,Philips,2005,,0
547,30119,5.0,2009-08-13,Male,Headphones,Philips,2007,,0
236,30194,4.0,2009-08-16,Male,Headphones,Philips,2005,,0
547,30620,1.0,2009-08-29,Male,Headphones,Philips,2007,,0
236,30646,5.0,2009-08-30,Male,Headphones,Philips,2005,,0
236,31027,3.0,2009-09-10,Male,Headphones,Philips,2005,,0
236,31308,4.0,2009-09-14,Male,Headphones,Philips,2005,,0
907,31376,4.0,2009-09-16,Female,Headphones,Jabra,2009,,0
236,31441,4.0,2009-09-18,Male,Headphones,Philips,2005,Female,0
236,31656,4.0,2009-09-24,Male,Headphones,Philips,2005,,0
547,31725,4.0,2009-09-26,Male,Headphones,Philips,2007,,0
236,31832,3.0,2009-09-30,Male,Headphones,Philips,2005,,0
547,31894,1.0,2009-10-02,Male,Headphones,Philips,2007,,0
236,32022,1.0,2009-10-06,Male,Headphones,Philips,2005,Female,0
236,32098,4.0,2009-10-09,Male,Headphones,Philips,2005,,0
547,32102,3.0,2009-10-09,Male,Headphones,Philips,2007,,0
547,32166,5.0,2009-10-11,Male,Headphones,Philips,2007,,0
547,32167,2.0,2009-10-11,Male,Headphones,Philips,2007,,0
236,32177,5.0,2009-10-11,Male,Headphones,Philips,2005,,0
236,32178,3.0,2009-10-11,Male,Headphones,Philips,2005,,0
236,32236,4.0,2009-10-13,Male,Headphones,Philips,2005,,0
236,32238,4.0,2009-10-13,Male,Headphones,Philips,2005,,0
236,32335,5.0,2009-10-16,Male,Headphones,Philips,2005,,0
236,32377,4.0,2009-10-17,Male,Headphones,Philips,2005,,0
547,32390,2.0,2009-10-18,Male,Headphones,Philips,2007,,0
236,32441,4.0,2009-10-19,Male,Headphones,Philips,2005,Male,0
907,32526,2.0,2009-10-21,Female,Headphones,Jabra,2009,,0
236,32593,2.0,2009-10-23,Male,Headphones,Philips,2005,,0
547,32662,1.0,2009-10-26,Male,Headphones,Philips,2007,,0
547,32772,5.0,2009-10-28,Male,Headphones,Philips,2007,,0
236,32854,5.0,2009-10-31,Male,Headphones,Philips,2005,,0
236,32856,4.0,2009-10-31,Male,Headphones,Philips,2005,,0
236,32956,2.0,2009-11-03,Male,Headphones,Philips,2005,,0
547,33235,1.0,2009-11-11,Male,Headphones,Philips,2007,,0
236,33984,2.0,2009-11-30,Male,Headphones,Philips,2005,,0
547,34347,5.0,2009-12-07,Male,Headphones,Philips,2007,,0
547,34462,4.0,2009-12-10,Male,Headphones,Philips,2007,,0
236,34496,4.0,2009-12-10,Male,Headphones,Philips,2005,,0
547,34684,4.0,2009-12-15,Male,Headphones,Philips,2007,,0
547,34765,5.0,2009-12-16,Male,Headphones,Philips,2007,,0
236,34990,5.0,2009-12-21,Male,Headphones,Philips,2005,,0
236,35373,3.0,2009-12-28,Male,Headphones,Philips,2005,,0
236,35922,4.0,2010-01-07,Male,Headphones,Philips,2005,,0
236,36034,1.0,2010-01-09,Male,Headphones,Philips,2005,,0
547,36385,2.0,2010-01-17,Male,Headphones,Philips,2007,Male,0
236,36672,4.0,2010-01-23,Male,Headphones,Philips,2005,,0
236,36771,5.0,2010-01-25,Male,Headphones,Philips,2005,Male,0
907,37134,4.0,2010-01-31,Female,Headphones,Jabra,2009,,0
236,37346,4.0,2010-02-02,Male,Headphones,Philips,2005,,0
236,37466,4.0,2010-02-04,Male,Headphones,Philips,2005,,0
547,37471,3.0,2010-02-04,Male,Headphones,Philips,2007,,0
236,37691,4.0,2010-02-07,Male,Headphones,Philips,2005,,0
547,37852,5.0,2010-02-09,Male,Headphones,Philips,2007,,0
907,37898,5.0,2010-02-10,Female,Headphones,Jabra,2009,,0
236,38009,4.0,2010-02-11,Male,Headphones,Philips,2005,,0
236,38210,5.0,2010-02-15,Male,Headphones,Philips,2005,,0
547,38210,5.0,2010-02-15,Male,Headphones,Philips,2007,,1
236,38589,3.0,2010-02-23,Male,Headphones,Philips,2005,,0
236,38619,3.0,2010-02-24,Male,Headphones,Philips,2005,,0
236,38639,3.0,2010-02-25,Male,Headphones,Philips,2005,,0
236,38846,1.0,2010-03-02,Male,Headphones,Philips,2005,,0
547,39216,4.0,2010-03-10,Male,Headphones,Philips,2007,,0
547,39419,3.0,2010-03-15,Male,Headphones,Philips,2007,,0
547,39421,2.0,2010-03-15,Male,Headphones,Philips,2007,Female,0
547,39940,5.0,2010-03-28,Male,Headphones,Philips,2007,,0
547,39982,4.0,2010-03-29,Male,Headphones,Philips,2007,,0
236,40261,1.0,2010-04-06,Male,Headphones,Philips,2005,,0
547,40344,5.0,2010-04-08,Male,Headphones,Philips,2007,,0
547,40364,2.0,2010-04-08,Male,Headphones,Philips,2007,,0
547,40650,5.0,2010-04-16,Male,Headphones,Philips,2007,,0
547,40873,5.0,2010-04-22,Male,Headphones,Philips,2007,,0
236,41456,2.0,2010-05-10,Male,Headphones,Philips,2005,,0
236,41516,3.0,2010-05-12,Male,Headphones,Philips,2005,,0
547,41522,5.0,2010-05-12,Male,Headphones,Philips,2007,,0
236,41970,3.0,2010-05-22,Male,Headphones,Philips,2005,Male,0
547,42042,3.0,2010-05-24,Male,Headphones,Philips,2007,,0
547,42188,5.0,2010-05-28,Male,Headphones,Philips,2007,,0
236,42276,5.0,2010-05-31,Male,Headphones,Philips,2005,,0
236,42277,1.0,2010-05-31,Male,Headphones,Philips,2005,,0
547,42511,5.0,2010-06-07,Male,Headphones,Philips,2007,,0
547,42521,5.0,2010-06-07,Male,Headphones,Philips,2007,,0
236,42700,5.0,2010-06-12,Male,Headphones,Philips,2005,Female,0
236,42701,3.0,2010-06-12,Male,Headphones,Philips,2005,Male,0
236,42864,2.0,2010-06-16,Male,Headphones,Philips,2005,,0
236,42872,3.0,2010-06-16,Male,Headphones,Philips,2005,,0
236,43223,5.0,2010-06-28,Male,Headphones,Philips,2005,,0
236,43347,1.0,2010-07-01,Male,Headphones,Philips,2005,,0
236,43353,5.0,2010-07-01,Male,Headphones,Philips,2005,Female,0
547,43380,4.0,2010-07-02,Male,Headphones,Philips,2007,,0
236,43512,3.0,2010-07-06,Male,Headphones,Philips,2005,,0
236,43516,4.0,2010-07-06,Male,Headphones,Philips,2005,,0
547,43813,4.0,2010-07-14,Male,Headphones,Philips,2007,,0
547,43888,5.0,2010-07-16,Male,Headphones,Philips,2007,,0
547,43971,1.0,2010-07-19,Male,Headphones,Philips,2007,,0
236,44271,2.0,2010-07-26,Male,Headphones,Philips,2005,,0
547,44467,5.0,2010-07-31,Male,Headphones,Philips,2007,,0
236,45067,5.0,2010-08-17,Male,Headphones,Philips,2005,Female,0
236,45745,2.0,2010-09-02,Male,Headphones,Philips,2005,Male,0
236,45783,1.0,2010-09-03,Male,Headphones,Philips,2005,,0
236,42938,2.0,2010-09-05,Male,Headphones,Philips,2005,Male,1
236,45920,5.0,2010-09-06,Male,Headphones,Philips,2005,,0
236,46012,5.0,2010-09-09,Male,Headphones,Philips,2005,,0
236,46098,5.0,2010-09-11,Male,Headphones,Philips,2005,,0
236,46113,4.0,2010-09-11,Male,Headphones,Philips,2005,,0
236,46681,4.0,2010-09-23,Male,Headphones,Philips,2005,,0
236,46799,5.0,2010-09-26,Male,Headphones,Philips,2005,,0
547,46828,5.0,2010-09-27,Male,Headphones,Philips,2007,,0
547,46986,5.0,2010-09-30,Male,Headphones,Philips,2007,,0
236,47072,5.0,2010-10-02,Male,Headphones,Philips,2005,,0
236,47103,4.0,2010-10-03,Male,Headphones,Philips,2005,,0
547,47404,3.0,2010-10-10,Male,Headphones,Philips,2007,,0
236,47472,5.0,2010-10-11,Male,Headphones,Philips,2005,Female,0
236,47673,4.0,2010-10-16,Male,Headphones,Philips,2005,,0
236,47773,2.0,2010-10-18,Male,Headphones,Philips,2005,,0
547,47959,1.0,2010-10-22,Male,Headphones,Philips,2007,,0
907,47965,5.0,2010-10-23,Female,Headphones,Jabra,2009,Male,0
236,30928,3.0,2010-10-27,Male,Headphones,Philips,2005,,2
236,48157,4.0,2010-10-27,Male,Headphones,Philips,2005,,0
547,48249,5.0,2010-10-29,Male,Headphones,Philips,2007,,0
236,48405,1.0,2010-11-02,Male,Headphones,Philips,2005,,0
547,48409,5.0,2010-11-02,Male,Headphones,Philips,2007,,0
547,48416,5.0,2010-11-02,Male,Headphones,Philips,2007,,0
547,48631,4.0,2010-11-07,Male,Headphones,Philips,2007,,0
236,48666,1.0,2010-11-08,Male,Headphones,Philips,2005,,0
236,48771,1.0,2010-11-10,Male,Headphones,Philips,2005,,0
236,49117,5.0,2010-11-18,Male,Headphones,Philips,2005,,0
1466,49197,2.0,2010-11-20,Male,Headphones,Philips,2010,,0
1469,49342,5.0,2010-11-23,Male,Headphones,Philips,2011,,0
236,49369,4.0,2010-11-24,Male,Headphones,Philips,2005,,0
1469,49441,5.0,2010-11-26,Male,Headphones,Philips,2011,Female,0
236,49454,2.0,2010-11-26,Male,Headphones,Philips,2005,,0
236,49528,2.0,2010-11-28,Male,Headphones,Philips,2005,,0
236,49665,2.0,2010-11-30,Male,Headphones,Philips,2005,,0
236,49739,2.0,2010-12-01,Male,Headphones,Philips,2005,,0
236,49809,3.0,2010-12-02,Male,Headphones,Philips,2005,,0
547,49870,5.0,2010-12-03,Male,Headphones,Philips,2007,,0
236,50077,1.0,2010-12-07,Male,Headphones,Philips,2005,,0
236,23533,1.0,2010-12-08,Male,Headphones,Philips,2005,,1
236,50212,3.0,2010-12-10,Male,Headphones,Philips,2005,,0
236,50397,4.0,2010-12-14,Male,Headphones,Philips,2005,,0
1499,50679,5.0,2010-12-20,Male,Headphones,Philips,2011,,0
1466,50776,4.0,2010-12-21,Male,Headphones,Philips,2010,,0
236,50857,4.0,2010-12-23,Male,Headphones,Philips,2005,,0
236,51083,5.0,2010-12-26,Male,Headphones,Philips,2005,,0
1466,51486,1.0,2010-12-30,Male,Headphones,Philips,2010,,0
236,51526,2.0,2010-12-30,Male,Headphones,Philips,2005,,0
236,51820,2.0,2011-01-01,Male,Headphones,Philips,2005,,0
236,51850,5.0,2011-01-02,Male,Headphones,Philips,2005,,0
236,52003,4.0,2011-01-04,Male,Headphones,Philips,2005,,0
1469,52093,1.0,2011-01-05,Male,Headphones,Philips,2011,,0
236,52151,4.0,2011-01-05,Male,Headphones,Philips,2005,,0
236,52203,5.0,2011-01-06,Male,Headphones,Philips,2005,,0
236,52209,4.0,2011-01-06,Male,Headphones,Philips,2005,,0
236,52338,4.0,2011-01-08,Male,Headphones,Philips,2005,,0
1469,52383,1.0,2011-01-09,Male,Headphones,Philips,2011,,0
236,52593,1.0,2011-01-12,Male,Headphones,Philips,2005,,0
547,52615,5.0,2011-01-12,Male,Headphones,Philips,2007,,0
236,52675,1.0,2011-01-13,Male,Headphones,Philips,2005,,0
1469,52713,5.0,2011-01-13,Male,Headphones,Philips,2011,,0
236,52826,2.0,2011-01-15,Male,Headphones,Philips,2005,,0
236,53019,5.0,2011-01-18,Male,Headphones,Philips,2005,,0
236,53254,1.0,2011-01-21,Male,Headphones,Philips,2005,,0
547,53465,4.0,2011-01-25,Male,Headphones,Philips,2007,,0
1499,53576,5.0,2011-01-27,Male,Headphones,Philips,2011,,0
236,53587,5.0,2011-01-27,Male,Headphones,Philips,2005,,0
236,53699,4.0,2011-01-29,Male,Headphones,Philips,2005,,0
1466,53798,4.0,2011-01-31,Male,Headphones,Philips,2010,,0
236,54003,5.0,2011-02-03,Male,Headphones,Philips,2005,,0
236,54036,4.0,2011-02-04,Male,Headphones,Philips,2005,Female,0
236,54276,4.0,2011-02-08,Male,Headphones,Philips,2005,,0
236,54436,5.0,2011-02-10,Male,Headphones,Philips,2005,,0
1469,54550,5.0,2011-02-13,Male,Headphones,Philips,2011,,0
236,54717,5.0,2011-02-15,Male,Headphones,Philips,2005,,0
236,54719,2.0,2011-02-15,Male,Headphones,Philips,2005,,0
547,54761,5.0,2011-02-16,Male,Headphones,Philips,2007,,0
547,54871,5.0,2011-02-18,Male,Headphones,Philips,2007,,0
236,54977,5.0,2011-02-20,Male,Headphones,Philips,2005,,0
1469,55031,5.0,2011-02-21,Male,Headphones,Philips,2011,,0
236,55268,4.0,2011-02-25,Male,Headphones,Philips,2005,Female,0
547,55281,2.0,2011-02-26,Male,Headphones,Philips,2007,,0
1466,55317,4.0,2011-02-26,Male,Headphones,Philips,2010,Male,0
1499,55486,5.0,2011-03-01,Male,Headphones,Philips,2011,,0
236,55532,4.0,2011-03-02,Male,Headphones,Philips,2005,Female,0
1499,55634,4.0,2011-03-04,Male,Headphones,Philips,2011,,0
1499,55637,1.0,2011-03-04,Male,Headphones,Philips,2011,,0
236,55665,4.0,2011-03-05,Male,Headphones,Philips,2005,,0
1499,55691,5.0,2011-03-05,Male,Headphones,Philips,2011,Male,0
236,55782,3.0,2011-03-07,Male,Headphones,Philips,2005,,0
236,55877,5.0,2011-03-08,Male,Headphones,Philips,2005,,0
236,55973,3.0,2011-03-10,Male,Headphones,Philips,2005,,0
236,56019,3.0,2011-03-11,Male,Headphones,Philips,2005,,0
236,56086,5.0,2011-03-13,Male,Headphones,Philips,2005,,0
1469,56119,5.0,2011-03-13,Male,Headphones,Philips,2011,,0
236,56139,5.0,2011-03-14,Male,Headphones,Philips,2005,,0
1499,56184,5.0,2011-03-15,Male,Headphones,Philips,2011,,0
1466,56317,4.0,2011-03-18,Male,Headphones,Philips,2010,,0
1499,56459,5.0,2011-03-20,Male,Headphones,Philips,2011,Male,0
1466,56608,3.0,2011-03-23,Male,Headphones,Philips,2010,,0
236,56616,4.0,2011-03-23,Male,Headphones,Philips,2005,Female,0
236,56667,5.0,2011-03-24,Male,Headphones,Philips,2005,,0
1499,56709,5.0,2011-03-25,Male,Headphones,Philips,2011,,0
547,56813,5.0,2011-03-27,Male,Headphones,Philips,2007,Male,0
236,56832,5.0,2011-03-28,Male,Headphones,Philips,2005,,0
1469,56963,4.0,2011-03-30,Male,Headphones,Philips,2011,,0
236,57121,5.0,2011-04-02,Male,Headphones,Philips,2005,,2
1499,57160,5.0,2011-04-04,Male,Headphones,Philips,2011,,0
236,57212,4.0,2011-04-04,Male,Headphones,Philips,2005,,0
547,57246,5.0,2011-04-05,Male,Headphones,Philips,2007,,0
236,57283,3.0,2011-04-06,Male,Headphones,Philips,2005,,0
1499,57583,2.0,2011-04-13,Male,Headphones,Philips,2011,,0
1499,57771,4.0,2011-04-17,Male,Headphones,Philips,2011,,0
547,57779,2.0,2011-04-17,Male,Headphones,Philips,2007,,0
1499,57829,2.0,2011-04-18,Male,Headphones,Philips,2011,,0
1469,58016,5.0,2011-04-21,Male,Headphones,Philips,2011,,0
1499,58344,2.0,2011-04-27,Male,Headphones,Philips,2011,,0
1499,58471,1.0,2011-04-29,Male,Headphones,Philips,2011,,0
236,58497,2.0,2011-04-30,Male,Headphones,Philips,2005,,0
1499,58629,5.0,2011-05-03,Male,Headphones,Philips,2011,,0
236,58655,3.0,2011-05-03,Male,Headphones,Philips,2005,,0
1499,41353,5.0,2011-05-04,Male,Headphones,Philips,2011,Male,2
1499,58806,5.0,2011-05-06,Male,Headphones,Philips,2011,,0
1499,58858,5.0,2011-05-07,Male,Headphones,Philips,2011,,0
236,58883,4.0,2011-05-08,Male,Headphones,Philips,2005,Male,0
1499,58885,1.0,2011-05-08,Male,Headphones,Philips,2011,Male,0
236,58893,4.0,2011-05-08,Male,Headphones,Philips,2005,,0
1499,58942,5.0,2011-05-10,Male,Headphones,Philips,2011,,0
236,58951,3.0,2011-05-10,Male,Headphones,Philips,2005,,0
1499,59192,5.0,2011-05-15,Male,Headphones,Philips,2011,,0
1499,59204,2.0,2011-05-15,Male,Headphones,Philips,2011,,0
236,59256,4.0,2011-05-16,Male,Headphones,Philips,2005,,0
236,59257,2.0,2011-05-16,Male,Headphones,Philips,2005,,0
236,59275,1.0,2011-05-17,Male,Headphones,Philips,2005,,0
547,59307,5.0,2011-05-17,Male,Headphones,Philips,2007,,0
1469,59326,5.0,2011-05-17,Male,Headphones,Philips,2011,,0
1499,59350,4.0,2011-05-18,Male,Headphones,Philips,2011,,0
1469,59352,3.0,2011-05-18,Male,Headphones,Philips,2011,,0
1499,59434,4.0,2011-05-20,Male,Headphones,Philips,2011,,0
1499,59462,5.0,2011-05-21,Male,Headphones,Philips,2011,,0
1499,59525,4.0,2011-05-22,Male,Headphones,Philips,2011,,0
1499,59621,5.0,2011-05-24,Male,Headphones,Philips,2011,,0
1499,59808,5.0,2011-05-27,Male,Headphones,Philips,2011,,0
1499,59813,2.0,2011-05-27,Male,Headphones,Philips,2011,,0
1499,59874,5.0,2011-05-29,Male,Headphones,Philips,2011,,0
1499,59913,5.0,2011-05-30,Male,Headphones,Philips,2011,,0
236,60003,5.0,2011-06-01,Male,Headphones,Philips,2005,,0
1499,60052,5.0,2011-06-02,Male,Headphones,Philips,2011,,0
1469,60053,4.0,2011-06-02,Male,Headphones,Philips,2011,,0
1499,60119,5.0,2011-06-03,Male,Headphones,Philips,2011,,0
1469,60205,5.0,2011-06-05,Male,Headphones,Philips,2011,,0
1499,60235,2.0,2011-06-06,Male,Headphones,Philips,2011,,0
1469,60413,5.0,2011-06-09,Male,Headphones,Philips,2011,,0
1466,60535,5.0,2011-06-12,Male,Headphones,Philips,2010,Female,0
1499,60586,5.0,2011-06-13,Male,Headphones,Philips,2011,,0
1499,60785,4.0,2011-06-16,Male,Headphones,Philips,2011,,0
1499,60786,1.0,2011-06-16,Male,Headphones,Philips,2011,,0
1499,60802,5.0,2011-06-16,Male,Headphones,Philips,2011,,0
1499,60814,5.0,2011-06-17,Male,Headphones,Philips,2011,Male,0
1499,60815,5.0,2011-06-17,Male,Headphones,Philips,2011,,0
236,60833,5.0,2011-06-17,Male,Headphones,Philips,2005,,0
236,60949,2.0,2011-06-20,Male,Headphones,Philips,2005,,0
1466,60972,2.0,2011-06-20,Male,Headphones,Philips,2010,,0
1499,60985,1.0,2011-06-20,Male,Headphones,Philips,2011,,0
1499,61105,5.0,2011-06-23,Male,Headphones,Philips,2011,,0
547,2302,2.0,2011-06-23,Male,Headphones,Philips,2007,Male,0
1469,61163,2.0,2011-06-24,Male,Headphones,Philips,2011,,0
907,61269,4.0,2011-06-26,Female,Headphones,Jabra,2009,,0
1499,61286,4.0,2011-06-26,Male,Headphones,Philips,2011,,0
1469,61330,5.0,2011-06-27,Male,Headphones,Philips,2011,,0
1499,61333,1.0,2011-06-27,Male,Headphones,Philips,2011,,0
1469,61429,2.0,2011-06-28,Male,Headphones,Philips,2011,,0
236,61466,5.0,2011-06-29,Male,Headphones,Philips,2005,,0
1499,61507,5.0,2011-06-30,Male,Headphones,Philips,2011,,0
236,61628,4.0,2011-07-02,Male,Headphones,Philips,2005,,0
236,61819,2.0,2011-07-06,Male,Headphones,Philips,2005,,0
236,61837,2.0,2011-07-06,Male,Headphones,Philips,2005,,0
1499,61958,3.0,2011-07-08,Male,Headphones,Philips,2011,,0
1499,62222,1.0,2011-07-12,Male,Headphones,Philips,2011,,0
236,62383,5.0,2011-07-16,Male,Headphones,Philips,2005,,0
236,62390,4.0,2011-07-16,Male,Headphones,Philips,2005,Female,0
236,62436,4.0,2011-07-17,Male,Headphones,Philips,2005,,0
236,62592,1.0,2011-07-20,Male,Headphones,Philips,2005,Male,0
236,62593,4.0,2011-07-20,Male,Headphones,Philips,2005,Male,0
1499,62625,2.0,2011-07-20,Male,Headphones,Philips,2011,,0
1466,62626,4.0,2011-07-20,Male,Headphones,Philips,2010,,0
236,62768,5.0,2011-07-23,Male,Headphones,Philips,2005,Female,0
1499,62815,1.0,2011-07-24,Male,Headphones,Philips,2011,,0
236,62879,2.0,2011-07-25,Male,Headphones,Philips,2005,,0
547,62884,4.0,2011-07-25,Male,Headphones,Philips,2007,,0
1499,62947,3.0,2011-07-26,Male,Headphones,Philips,2011,,0
1499,62948,2.0,2011-07-26,Male,Headphones,Philips,2011,,0
236,63020,3.0,2011-07-27,Male,Headphones,Philips,2005,,0
1499,63173,3.0,2011-07-31,Male,Headphones,Philips,2011,,0
1499,63221,3.0,2011-08-01,Male,Headphones,Philips,2011,Male,0
1499,63258,5.0,2011-08-01,Male,Headphones,Philips,2011,,0
236,63300,4.0,2011-08-02,Male,Headphones,Philips,2005,,0
1499,63374,2.0,2011-08-03,Male,Headphones,Philips,2011,,0
236,63435,5.0,2011-08-04,Male,Headphones,Philips,2005,,0
1469,63446,3.0,2011-08-04,Male,Headphones,Philips,2011,,0
1499,63456,5.0,2011-08-04,Male,Headphones,Philips,2011,,0
1499,63484,5.0,2011-08-05,Male,Headphones,Philips,2011,,0
236,63527,5.0,2011-08-06,Male,Headphones,Philips,2005,,0
1499,63706,5.0,2011-08-09,Male,Headphones,Philips,2011,,0
1499,63808,5.0,2011-08-11,Male,Headphones,Philips,2011,,0
1466,63869,2.0,2011-08-12,Male,Headphones,Philips,2010,,0
1499,63881,4.0,2011-08-12,Male,Headphones,Philips,2011,,0
547,63925,4.0,2011-08-13,Male,Headphones,Philips,2007,,0
1469,63965,4.0,2011-08-14,Male,Headphones,Philips,2011,,0
1499,64001,2.0,2011-08-15,Male,Headphones,Philips,2011,,0
1466,64014,3.0,2011-08-15,Male,Headphones,Philips,2010,Female,0
1469,64067,5.0,2011-08-16,Male,Headphones,Philips,2011,,0
1499,64083,4.0,2011-08-16,Male,Headphones,Philips,2011,,0
1466,64095,4.0,2011-08-16,Male,Headphones,Philips,2010,,0
1499,64154,5.0,2011-08-18,Male,Headphones,Philips,2011,Male,0
1466,64155,2.0,2011-08-18,Male,Headphones,Philips,2010,,0
1499,64156,5.0,2011-08-18,Male,Headphones,Philips,2011,Female,0
1499,64159,5.0,2011-08-18,Male,Headphones,Philips,2011,,0
1499,64244,5.0,2011-08-19,Male,Headphones,Philips,2011,Female,0
1499,64245,4.0,2011-08-19,Male,Headphones,Philips,2011,Female,0
1499,64315,5.0,2011-08-20,Male,Headphones,Philips,2011,,0
1728,45930,3.0,2011-08-22,Female&Male,Headphones,Jabra,2011,,0
236,64425,4.0,2011-08-22,Male,Headphones,Philips,2005,,0
1469,64443,5.0,2011-08-22,Male,Headphones,Philips,2011,,0
236,64445,3.0,2011-08-22,Male,Headphones,Philips,2005,,0
1728,64475,4.0,2011-08-23,Female&Male,Headphones,Jabra,2011,Female,0
1499,64503,1.0,2011-08-23,Male,Headphones,Philips,2011,,0
1728,64552,3.0,2011-08-24,Female&Male,Headphones,Jabra,2011,Male,0
1728,64553,3.0,2011-08-24,Female&Male,Headphones,Jabra,2011,Female,0
1728,64598,4.0,2011-08-25,Female&Male,Headphones,Jabra,2011,,0
1469,64620,5.0,2011-08-25,Male,Headphones,Philips,2011,Female,0
1728,64635,2.0,2011-08-26,Female&Male,Headphones,Jabra,2011,,0
1728,64640,3.0,2011-08-26,Female&Male,Headphones,Jabra,2011,Female,0
1728,31509,5.0,2011-08-27,Female&Male,Headphones,Jabra,2011,,0
1728,27386,3.0,2011-08-27,Female&Male,Headphones,Jabra,2011,Male,0
236,64950,5.0,2011-08-31,Male,Headphones,Philips,2005,,0
236,64951,1.0,2011-08-31,Male,Headphones,Philips,2005,Male,0
236,64952,3.0,2011-08-31,Male,Headphones,Philips,2005,,0
547,64988,2.0,2011-08-31,Male,Headphones,Philips,2007,,0
907,65032,5.0,2011-09-01,Female,Headphones,Jabra,2009,,0
1728,65047,3.0,2011-09-01,Female&Male,Headphones,Jabra,2011,,0
1728,65080,3.0,2011-09-02,Female&Male,Headphones,Jabra,2011,,0
1466,65132,1.0,2011-09-03,Male,Headphones,Philips,2010,,0
1499,65139,4.0,2011-09-03,Male,Headphones,Philips,2011,,0
1728,65170,1.0,2011-09-04,Female&Male,Headphones,Jabra,2011,Female,0
236,65198,3.0,2011-09-04,Male,Headphones,Philips,2005,,0
1466,65227,2.0,2011-09-05,Male,Headphones,Philips,2010,,0
1499,65293,3.0,2011-09-06,Male,Headphones,Philips,2011,Male,0
1728,56423,4.0,2011-09-07,Female&Male,Headphones,Jabra,2011,Male,0
1499,65451,5.0,2011-09-09,Male,Headphones,Philips,2011,,0
236,65562,1.0,2011-09-11,Male,Headphones,Philips,2005,,0
1469,65598,2.0,2011-09-11,Male,Headphones,Philips,2011,,0
1499,65610,4.0,2011-09-11,Male,Headphones,Philips,2011,,0
1499,65635,4.0,2011-09-12,Male,Headphones,Philips,2011,,0
1499,65640,4.0,2011-09-12,Male,Headphones,Philips,2011,,0
1728,65656,5.0,2011-09-12,Female&Male,Headphones,Jabra,2011,Female,0
1466,65813,1.0,2011-09-14,Male,Headphones,Philips,2010,,0
1728,65859,4.0,2011-09-15,Female&Male,Headphones,Jabra,2011,Female,0
1728,4378,4.0,2011-09-17,Female&Male,Headphones,Jabra,2011,Male,0
1499,65963,5.0,2011-09-17,Male,Headphones,Philips,2011,,0
1469,66006,4.0,2011-09-18,Male,Headphones,Philips,2011,,0
1499,66049,1.0,2011-09-19,Male,Headphones,Philips,2011,,0
1758,32527,3.0,2011-09-19,Male,Headphones,Jabra,2011,Female,1
1728,66057,2.0,2011-09-19,Female&Male,Headphones,Jabra,2011,Female,0
1728,31615,4.0,2011-09-20,Female&Male,Headphones,Jabra,2011,,2
1758,13534,4.0,2011-09-20,Male,Headphones,Jabra,2011,Male,0
1758,66173,2.0,2011-09-20,Male,Headphones,Jabra,2011,,0
1758,66176,4.0,2011-09-20,Male,Headphones,Jabra,2011,Female,0
1469,66206,4.0,2011-09-21,Male,Headphones,Philips,2011,Female,0
1758,66212,4.0,2011-09-21,Male,Headphones,Jabra,2011,Male,0
1762,66232,5.0,2011-09-21,Male,Headphones,Philips,2013,,0
1758,66242,3.0,2011-09-21,Male,Headphones,Jabra,2011,Female,0
1728,66248,2.0,2011-09-21,Female&Male,Headphones,Jabra,2011,Male,0
1758,66252,4.0,2011-09-22,Male,Headphones,Jabra,2011,,0
1758,4022,4.0,2011-09-22,Male,Headphones,Jabra,2011,Male,0
1758,53121,3.0,2011-09-22,Male,Headphones,Jabra,2011,Male,0
1758,30582,4.0,2011-09-22,Male,Headphones,Jabra,2011,Male,0
1758,66258,1.0,2011-09-22,Male,Headphones,Jabra,2011,Female,0
1758,13227,3.0,2011-09-22,Male,Headphones,Jabra,2011,,0
1728,5239,4.0,2011-09-22,Female&Male,Headphones,Jabra,2011,,0
236,66339,2.0,2011-09-23,Male,Headphones,Philips,2005,,0
1758,66354,4.0,2011-09-23,Male,Headphones,Jabra,2011,Female,0
236,269,5.0,2011-09-23,Male,Headphones,Philips,2005,Male,0
236,66467,1.0,2011-09-25,Male,Headphones,Philips,2005,,0
1499,66468,3.0,2011-09-25,Male,Headphones,Philips,2011,,0
1758,38380,5.0,2011-09-26,Male,Headphones,Jabra,2011,Male,0
1499,66579,5.0,2011-09-27,Male,Headphones,Philips,2011,,0
236,66617,3.0,2011-09-28,Male,Headphones,Philips,2005,Female,0
1758,66629,4.0,2011-09-28,Male,Headphones,Jabra,2011,Female,0
1758,66633,2.0,2011-09-28,Male,Headphones,Jabra,2011,,0
1758,66634,5.0,2011-09-28,Male,Headphones,Jabra,2011,Female,0
1466,66637,4.0,2011-09-28,Male,Headphones,Philips,2010,,0
1499,66661,3.0,2011-09-28,Male,Headphones,Philips,2011,,0
1728,25914,3.0,2011-09-28,Female&Male,Headphones,Jabra,2011,,0
1499,66727,5.0,2011-09-29,Male,Headphones,Philips,2011,,0
1466,66757,5.0,2011-09-30,Male,Headphones,Philips,2010,,0
1499,66763,1.0,2011-09-30,Male,Headphones,Philips,2011,,0
1466,66906,2.0,2011-10-02,Male,Headphones,Philips,2010,,0
1499,66912,3.0,2011-10-02,Male,Headphones,Philips,2011,,0
1758,23564,4.0,2011-10-03,Male,Headphones,Jabra,2011,Male,0
236,67145,1.0,2011-10-06,Male,Headphones,Philips,2005,,0
236,67146,5.0,2011-10-06,Male,Headphones,Philips,2005,,0
1728,67162,1.0,2011-10-06,Female&Male,Headphones,Jabra,2011,,0
547,67213,5.0,2011-10-07,Male,Headphones,Philips,2007,,0
236,67214,4.0,2011-10-07,Male,Headphones,Philips,2005,,0
1499,67235,5.0,2011-10-07,Male,Headphones,Philips,2011,,0
1728,67309,5.0,2011-10-09,Female&Male,Headphones,Jabra,2011,Male,0
1499,67405,5.0,2011-10-10,Male,Headphones,Philips,2011,,0
1499,67453,5.0,2011-10-11,Male,Headphones,Philips,2011,,0
1758,42485,2.0,2011-10-12,Male,Headphones,Jabra,2011,Female,1
1469,67686,5.0,2011-10-15,Male,Headphones,Philips,2011,,0
1499,67698,2.0,2011-10-15,Male,Headphones,Philips,2011,,0
1728,22916,4.0,2011-10-17,Female&Male,Headphones,Jabra,2011,Female,0
236,67763,5.0,2011-10-17,Male,Headphones,Philips,2005,Male,0
236,67773,4.0,2011-10-17,Male,Headphones,Philips,2005,,0
1466,67849,1.0,2011-10-18,Male,Headphones,Philips,2010,,0
1469,67851,4.0,2011-10-18,Male,Headphones,Philips,2011,Male,0
1499,60894,5.0,2011-10-18,Male,Headphones,Philips,2011,,1
1728,28744,3.0,2011-10-19,Female&Male,Headphones,Jabra,2011,,1
1758,62929,3.0,2011-10-20,Male,Headphones,Jabra,2011,,2
1758,67993,4.0,2011-10-20,Male,Headphones,Jabra,2011,Female,0
1499,68134,5.0,2011-10-22,Male,Headphones,Philips,2011,,0
1499,68183,4.0,2011-10-23,Male,Headphones,Philips,2011,,0
1499,68189,1.0,2011-10-23,Male,Headphones,Philips,2011,,0
1758,68196,4.0,2011-10-23,Male,Headphones,Jabra,2011,Female,0
1499,68236,5.0,2011-10-24,Male,Headphones,Philips,2011,,0
1499,68237,4.0,2011-10-24,Male,Headphones,Philips,2011,,0
236,68261,2.0,2011-10-24,Male,Headphones,Philips,2005,,0
1499,68365,5.0,2011-10-25,Male,Headphones,Philips,2011,,0
1499,68366,5.0,2011-10-25,Male,Headphones,Philips,2011,,0
1466,68413,1.0,2011-10-26,Male,Headphones,Philips,2010,,0
236,68425,3.0,2011-10-26,Male,Headphones,Philips,2005,Female,0
236,58721,5.0,2011-10-26,Male,Headphones,Philips,2005,Female,2
1466,68459,3.0,2011-10-27,Male,Headphones,Philips,2010,,0
1758,68539,5.0,2011-10-28,Male,Headphones,Jabra,2011,Female,0
236,68573,5.0,2011-10-28,Male,Headphones,Philips,2005,,0
236,68589,5.0,2011-10-29,Male,Headphones,Philips,2005,,0
1466,68653,1.0,2011-10-30,Male,Headphones,Philips,2010,,0
1469,68673,5.0,2011-10-30,Male,Headphones,Philips,2011,,0
236,68674,3.0,2011-10-30,Male,Headphones,Philips,2005,,0
1469,68720,1.0,2011-10-31,Male,Headphones,Philips,2011,,0
1499,68723,1.0,2011-10-31,Male,Headphones,Philips,2011,,0
1499,68823,5.0,2011-11-01,Male,Headphones,Philips,2011,,0
236,68831,2.0,2011-11-02,Male,Headphones,Philips,2005,,0
1499,68913,3.0,2011-11-02,Male,Headphones,Philips,2011,,0
1499,68943,1.0,2011-11-03,Male,Headphones,Philips,2011,,0
236,68978,4.0,2011-11-04,Male,Headphones,Philips,2005,,0
236,68993,4.0,2011-11-04,Male,Headphones,Philips,2005,,0
1469,69030,5.0,2011-11-05,Male,Headphones,Philips,2011,Male,2
1499,69119,5.0,2011-11-06,Male,Headphones,Philips,2011,,0
236,69135,3.0,2011-11-06,Male,Headphones,Philips,2005,,0
236,69233,2.0,2011-11-07,Male,Headphones,Philips,2005,,0
1469,69398,4.0,2011-11-09,Male,Headphones,Philips,2011,,0
1469,69399,4.0,2011-11-09,Male,Headphones,Philips,2011,,0
1466,69405,5.0,2011-11-09,Male,Headphones,Philips,2010,,0
1466,69415,3.0,2011-11-09,Male,Headphones,Philips,2010,,0
236,69425,3.0,2011-11-09,Male,Headphones,Philips,2005,,0
1466,69428,4.0,2011-11-09,Male,Headphones,Philips,2010,,0
1469,69431,5.0,2011-11-09,Male,Headphones,Philips,2011,,0
236,69471,5.0,2011-11-10,Male,Headphones,Philips,2005,,0
236,69606,5.0,2011-11-12,Male,Headphones,Philips,2005,,0
1466,69636,5.0,2011-11-13,Male,Headphones,Philips,2010,,0
1466,69641,4.0,2011-11-13,Male,Headphones,Philips,2010,,0
1499,69696,1.0,2011-11-14,Male,Headphones,Philips,2011,,0
1499,69752,5.0,2011-11-15,Male,Headphones,Philips,2011,,0
1499,69897,5.0,2011-11-17,Male,Headphones,Philips,2011,,0
1466,69912,4.0,2011-11-17,Male,Headphones,Philips,2010,,0
1499,70020,5.0,2011-11-18,Male,Headphones,Philips,2011,,0
1499,37652,3.0,2011-11-20,Male,Headphones,Philips,2011,Female,1
236,70138,5.0,2011-11-20,Male,Headphones,Philips,2005,,0
1499,70189,5.0,2011-11-21,Male,Headphones,Philips,2011,,0
1466,70415,3.0,2011-11-24,Male,Headphones,Philips,2010,,0
1469,70417,1.0,2011-11-24,Male,Headphones,Philips,2011,,0
1499,34076,5.0,2011-11-25,Male,Headphones,Philips,2011,Male,0
1466,70545,3.0,2011-11-25,Male,Headphones,Philips,2010,Male,0
1466,70567,3.0,2011-11-26,Male,Headphones,Philips,2010,Female,0
236,70654,4.0,2011-11-27,Male,Headphones,Philips,2005,,0
1499,70797,1.0,2011-11-28,Male,Headphones,Philips,2011,,0
1499,70798,5.0,2011-11-28,Male,Headphones,Philips,2011,,0
1499,70799,5.0,2011-11-28,Male,Headphones,Philips,2011,,0
1466,70875,4.0,2011-11-29,Male,Headphones,Philips,2010,Female,0
1499,71017,5.0,2011-11-30,Male,Headphones,Philips,2011,,0
1499,71034,3.0,2011-12-01,Male,Headphones,Philips,2011,Female,0
1499,71062,4.0,2011-12-01,Male,Headphones,Philips,2011,,0
1499,71065,3.0,2011-12-01,Male,Headphones,Philips,2011,,0
236,71128,2.0,2011-12-01,Male,Headphones,Philips,2005,,0
236,71130,4.0,2011-12-01,Male,Headphones,Philips,2005,,0
1499,71154,5.0,2011-12-02,Male,Headphones,Philips,2011,,0
236,71249,3.0,2011-12-03,Male,Headphones,Philips,2005,,0
1499,71312,4.0,2011-12-04,Male,Headphones,Philips,2011,,0
1469,71353,4.0,2011-12-04,Male,Headphones,Philips,2011,,0
236,71357,4.0,2011-12-04,Male,Headphones,Philips,2005,,0
1466,71365,5.0,2011-12-04,Male,Headphones,Philips,2010,Female,0
1466,71415,2.0,2011-12-05,Male,Headphones,Philips,2010,Female,0
1499,71533,1.0,2011-12-06,Male,Headphones,Philips,2011,,0
236,71567,3.0,2011-12-06,Male,Headphones,Philips,2005,,0
1499,71655,2.0,2011-12-07,Male,Headphones,Philips,2011,,0
1466,71662,2.0,2011-12-07,Male,Headphones,Philips,2010,Male,0
236,71670,1.0,2011-12-07,Male,Headphones,Philips,2005,,0
236,71713,4.0,2011-12-08,Male,Headphones,Philips,2005,,0
1466,57917,4.0,2011-12-10,Male,Headphones,Philips,2010,Female,0
1466,71995,3.0,2011-12-10,Male,Headphones,Philips,2010,Male,0
1499,72001,4.0,2011-12-11,Male,Headphones,Philips,2011,,0
1499,72158,3.0,2011-12-12,Male,Headphones,Philips,2011,,0
1466,71107,2.0,2011-12-13,Male,Headphones,Philips,2010,Male,0
1466,31645,3.0,2011-12-13,Male,Headphones,Philips,2010,,2
1466,72343,5.0,2011-12-14,Male,Headphones,Philips,2010,Male,0
1499,72357,1.0,2011-12-14,Male,Headphones,Philips,2011,,0
1499,72422,1.0,2011-12-15,Male,Headphones,Philips,2011,,0
1466,1508,4.0,2011-12-15,Male,Headphones,Philips,2010,Male,2
1466,72435,3.0,2011-12-15,Male,Headphones,Philips,2010,,0
1466,72441,4.0,2011-12-15,Male,Headphones,Philips,2010,,0
236,72681,4.0,2011-12-18,Male,Headphones,Philips,2005,,0
236,72802,5.0,2011-12-20,Male,Headphones,Philips,2005,,0
1469,72875,4.0,2011-12-20,Male,Headphones,Philips,2011,,0
1466,32045,4.0,2011-12-21,Male,Headphones,Philips,2010,Female,2
1466,73024,5.0,2011-12-22,Male,Headphones,Philips,2010,,0
1499,73104,4.0,2011-12-23,Male,Headphones,Philips,2011,,0
1499,73138,5.0,2011-12-23,Male,Headphones,Philips,2011,Male,0
907,73190,5.0,2011-12-23,Female,Headphones,Jabra,2009,Female,0
1469,73282,5.0,2011-12-25,Male,Headphones,Philips,2011,,0
1469,73359,2.0,2011-12-26,Male,Headphones,Philips,2011,,0
1499,73564,2.0,2011-12-27,Male,Headphones,Philips,2011,,0
1499,73723,3.0,2011-12-28,Male,Headphones,Philips,2011,,0
1976,74077,5.0,2011-12-30,Female,Headphones,Philips,2012,Female,0
1499,74141,5.0,2011-12-30,Male,Headphones,Philips,2011,Male,0
1466,74252,4.0,2011-12-31,Male,Headphones,Philips,2010,,0
1499,74285,5.0,2011-12-31,Male,Headphones,Philips,2011,,0
1466,74350,5.0,2012-01-01,Male,Headphones,Philips,2010,,0
1499,74377,5.0,2012-01-01,Male,Headphones,Philips,2011,,0
1499,74558,5.0,2012-01-03,Male,Headphones,Philips,2011,,0
1499,74574,5.0,2012-01-03,Male,Headphones,Philips,2011,,0
1469,74652,2.0,2012-01-03,Male,Headphones,Philips,2011,,0
1499,74662,5.0,2012-01-04,Male,Headphones,Philips,2011,,0
1499,74665,3.0,2012-01-04,Male,Headphones,Philips,2011,,0
1728,74681,1.0,2012-01-04,Female&Male,Headphones,Jabra,2011,,0
1469,74782,5.0,2012-01-05,Male,Headphones,Philips,2011,,0
1499,74889,5.0,2012-01-05,Male,Headphones,Philips,2011,,0
1499,74961,1.0,2012-01-06,Male,Headphones,Philips,2011,,0
1499,75169,2.0,2012-01-08,Male,Headphones,Philips,2011,,0
1499,75170,2.0,2012-01-08,Male,Headphones,Philips,2011,,0
1469,75260,4.0,2012-01-09,Male,Headphones,Philips,2011,,0
1499,75338,5.0,2012-01-09,Male,Headphones,Philips,2011,Male,0
1499,75407,1.0,2012-01-10,Male,Headphones,Philips,2011,,0
1466,51165,4.0,2012-01-10,Male,Headphones,Philips,2010,Male,0
236,75462,3.0,2012-01-10,Male,Headphones,Philips,2005,,0
1499,75473,5.0,2012-01-10,Male,Headphones,Philips,2011,,0
1499,75723,5.0,2012-01-12,Male,Headphones,Philips,2011,,0
1499,75724,1.0,2012-01-12,Male,Headphones,Philips,2011,,0
1499,75732,5.0,2012-01-12,Male,Headphones,Philips,2011,,0
1469,75995,2.0,2012-01-15,Male,Headphones,Philips,2011,,0
1499,76239,3.0,2012-01-17,Male,Headphones,Philips,2011,,0
1466,76286,3.0,2012-01-18,Male,Headphones,Philips,2010,Female,0
1499,76348,4.0,2012-01-18,Male,Headphones,Philips,2011,,0
1499,76349,5.0,2012-01-18,Male,Headphones,Philips,2011,,0
1466,76385,5.0,2012-01-19,Male,Headphones,Philips,2010,Female,0
1728,76395,4.0,2012-01-19,Female&Male,Headphones,Jabra,2011,Male,0
1499,76573,1.0,2012-01-20,Male,Headphones,Philips,2011,,0
1499,76620,2.0,2012-01-21,Male,Headphones,Philips,2011,,0
1499,76650,2.0,2012-01-21,Male,Headphones,Philips,2011,,0
1728,76748,3.0,2012-01-22,Female&Male,Headphones,Jabra,2011,Female,0
1466,76749,4.0,2012-01-22,Male,Headphones,Philips,2010,,0
1499,76755,5.0,2012-01-22,Male,Headphones,Philips,2011,,0
1499,76759,2.0,2012-01-22,Male,Headphones,Philips,2011,,0
1728,76764,5.0,2012-01-23,Female&Male,Headphones,Jabra,2011,Male,0
1466,76909,1.0,2012-01-24,Male,Headphones,Philips,2010,,0
1499,76967,5.0,2012-01-25,Male,Headphones,Philips,2011,,0
1499,77082,1.0,2012-01-26,Male,Headphones,Philips,2011,,0
1499,77357,1.0,2012-01-30,Male,Headphones,Philips,2011,,0
236,77425,2.0,2012-01-30,Male,Headphones,Philips,2005,,0
1499,77476,5.0,2012-01-31,Male,Headphones,Philips,2011,,0
1499,77477,5.0,2012-01-31,Male,Headphones,Philips,2011,Female,0
1499,77575,4.0,2012-02-01,Male,Headphones,Philips,2011,,0
1469,77584,1.0,2012-02-01,Male,Headphones,Philips,2011,,0
1499,11526,4.0,2012-02-02,Male,Headphones,Philips,2011,,2
1499,77822,1.0,2012-02-04,Male,Headphones,Philips,2011,,0
1469,77902,5.0,2012-02-05,Male,Headphones,Philips,2011,,0
1469,77903,5.0,2012-02-05,Male,Headphones,Philips,2011,,0
1499,78048,1.0,2012-02-07,Male,Headphones,Philips,2011,,0
1499,78049,4.0,2012-02-07,Male,Headphones,Philips,2011,,0
1469,78216,4.0,2012-02-09,Male,Headphones,Philips,2011,,0
1499,78219,5.0,2012-02-09,Male,Headphones,Philips,2011,,0
1499,78220,4.0,2012-02-09,Male,Headphones,Philips,2011,,0
1469,78367,2.0,2012-02-10,Male,Headphones,Philips,2011,,0
1469,78369,2.0,2012-02-10,Male,Headphones,Philips,2011,Male,0
1466,78420,1.0,2012-02-11,Male,Headphones,Philips,2010,,0
1499,78418,4.0,2012-02-11,Male,Headphones,Philips,2011,,2
1499,78443,5.0,2012-02-11,Male,Headphones,Philips,2011,,0
1728,20274,4.0,2012-02-12,Female&Male,Headphones,Jabra,2011,,2
1469,78506,4.0,2012-02-12,Male,Headphones,Philips,2011,,0
236,78567,2.0,2012-02-13,Male,Headphones,Philips,2005,,0
1499,78806,2.0,2012-02-16,Male,Headphones,Philips,2011,,0
1466,78818,5.0,2012-02-16,Male,Headphones,Philips,2010,,0
1469,78820,5.0,2012-02-16,Male,Headphones,Philips,2011,Male,0
1976,79033,5.0,2012-02-18,Female,Headphones,Philips,2012,,0
1469,79103,1.0,2012-02-19,Male,Headphones,Philips,2011,,0
1469,79124,5.0,2012-02-20,Male,Headphones,Philips,2011,,0
1469,79231,5.0,2012-02-21,Male,Headphones,Philips,2011,Male,0
1499,79138,5.0,2012-02-22,Male,Headphones,Philips,2011,,2
1466,79345,5.0,2012-02-22,Male,Headphones,Philips,2010,,0
1469,79404,5.0,2012-02-23,Male,Headphones,Philips,2011,,0
1758,79409,4.0,2012-02-23,Male,Headphones,Jabra,2011,,0
1499,79445,2.0,2012-02-23,Male,Headphones,Philips,2011,Male,0
236,79479,3.0,2012-02-24,Male,Headphones,Philips,2005,,0
1499,79481,4.0,2012-02-24,Male,Headphones,Philips,2011,,0
1466,79502,5.0,2012-02-24,Male,Headphones,Philips,2010,Male,0
1466,79622,5.0,2012-02-26,Male,Headphones,Philips,2010,,0
1469,79832,5.0,2012-02-29,Male,Headphones,Philips,2011,,0
1976,79995,4.0,2012-03-02,Female,Headphones,Philips,2012,,0
1466,80216,4.0,2012-03-05,Male,Headphones,Philips,2010,,0
1469,80247,2.0,2012-03-06,Male,Headphones,Philips,2011,,0
1499,80321,1.0,2012-03-07,Male,Headphones,Philips,2011,,0
1469,80354,4.0,2012-03-07,Male,Headphones,Philips,2011,,0
1499,80551,2.0,2012-03-10,Male,Headphones,Philips,2011,,0
1466,34068,5.0,2012-03-13,Male,Headphones,Philips,2010,,1
1499,81187,3.0,2012-03-18,Male,Headphones,Philips,2011,,0
1466,81254,5.0,2012-03-19,Male,Headphones,Philips,2010,,0
1469,81277,5.0,2012-03-19,Male,Headphones,Philips,2011,,0
1466,81341,2.0,2012-03-20,Male,Headphones,Philips,2010,,0
1728,81500,4.0,2012-03-22,Female&Male,Headphones,Jabra,2011,,0
1469,81530,4.0,2012-03-22,Male,Headphones,Philips,2011,,0
236,81625,4.0,2012-03-23,Male,Headphones,Philips,2005,,0
1499,81731,3.0,2012-03-25,Male,Headphones,Philips,2011,,0
1499,81732,2.0,2012-03-25,Male,Headphones,Philips,2011,,0
1469,81857,1.0,2012-03-27,Male,Headphones,Philips,2011,Male,0
1499,13227,3.0,2012-03-27,Male,Headphones,Philips,2011,,1
236,82059,5.0,2012-03-30,Male,Headphones,Philips,2005,,0
1499,82071,1.0,2012-03-30,Male,Headphones,Philips,2011,,0
1466,82097,4.0,2012-03-30,Male,Headphones,Philips,2010,,0
1469,82117,4.0,2012-03-30,Male,Headphones,Philips,2011,,0
1499,82238,4.0,2012-04-01,Male,Headphones,Philips,2011,Male,0
1499,82287,2.0,2012-04-02,Male,Headphones,Philips,2011,,0
236,82296,1.0,2012-04-02,Male,Headphones,Philips,2005,,0
1499,82325,5.0,2012-04-03,Male,Headphones,Philips,2011,,0
1469,82339,2.0,2012-04-03,Male,Headphones,Philips,2011,,0
1466,82405,1.0,2012-04-04,Male,Headphones,Philips,2010,,0
1499,82565,3.0,2012-04-06,Male,Headphones,Philips,2011,,0
1466,82752,5.0,2012-04-08,Male,Headphones,Philips,2010,,0
1466,82789,1.0,2012-04-09,Male,Headphones,Philips,2010,,0
1466,82792,4.0,2012-04-09,Male,Headphones,Philips,2010,,0
1469,82815,3.0,2012-04-09,Male,Headphones,Philips,2011,,0
1466,82847,1.0,2012-04-10,Male,Headphones,Philips,2010,,0
1469,83417,1.0,2012-04-17,Male,Headphones,Philips,2011,,0
1499,83480,5.0,2012-04-18,Male,Headphones,Philips,2011,,0
1469,83547,2.0,2012-04-19,Male,Headphones,Philips,2011,,0
1499,83631,1.0,2012-04-20,Male,Headphones,Philips,2011,,0
1466,83650,2.0,2012-04-20,Male,Headphones,Philips,2010,,0
1758,83710,2.0,2012-04-21,Male,Headphones,Jabra,2011,Male,0
1466,83725,5.0,2012-04-21,Male,Headphones,Philips,2010,,0
1469,83911,4.0,2012-04-24,Male,Headphones,Philips,2011,,0
1466,84144,5.0,2012-04-27,Male,Headphones,Philips,2010,,0
1469,84263,5.0,2012-04-30,Male,Headphones,Philips,2011,,0
1466,84275,1.0,2012-04-30,Male,Headphones,Philips,2010,,0
1466,84277,5.0,2012-04-30,Male,Headphones,Philips,2010,,0
1469,84278,5.0,2012-04-30,Male,Headphones,Philips,2011,,0
1469,84307,4.0,2012-04-30,Male,Headphones,Philips,2011,,0
1499,84382,4.0,2012-05-01,Male,Headphones,Philips,2011,,0
1499,84394,5.0,2012-05-01,Male,Headphones,Philips,2011,,0
1499,84426,4.0,2012-05-02,Male,Headphones,Philips,2011,,0
1466,84457,3.0,2012-05-02,Male,Headphones,Philips,2010,Male,0
547,84507,1.0,2012-05-03,Male,Headphones,Philips,2007,Male,0
1499,84545,1.0,2012-05-04,Male,Headphones,Philips,2011,,0
1469,84557,3.0,2012-05-04,Male,Headphones,Philips,2011,Female,0
1762,84641,5.0,2012-05-05,Male,Headphones,Philips,2013,,0
1466,84780,1.0,2012-05-07,Male,Headphones,Philips,2010,,0
1466,85285,1.0,2012-05-14,Male,Headphones,Philips,2010,Male,0
1758,85439,1.0,2012-05-16,Male,Headphones,Jabra,2011,,0
1758,85491,4.0,2012-05-17,Male,Headphones,Jabra,2011,Female,0
1499,85495,3.0,2012-05-17,Male,Headphones,Philips,2011,,0
1499,85629,2.0,2012-05-19,Male,Headphones,Philips,2011,,0
1469,85697,5.0,2012-05-20,Male,Headphones,Philips,2011,,0
1466,85750,4.0,2012-05-21,Male,Headphones,Philips,2010,,0
1499,85975,5.0,2012-05-23,Male,Headphones,Philips,2011,,0
1469,86298,4.0,2012-05-29,Male,Headphones,Philips,2011,,0
236,86554,5.0,2012-06-01,Male,Headphones,Philips,2005,,0
1469,86562,4.0,2012-06-01,Male,Headphones,Philips,2011,,0
1728,86783,2.0,2012-06-04,Female&Male,Headphones,Jabra,2011,,0
1499,87069,4.0,2012-06-09,Male,Headphones,Philips,2011,,0
1469,87139,1.0,2012-06-10,Male,Headphones,Philips,2011,,0
1758,3101,4.0,2012-06-11,Male,Headphones,Jabra,2011,Female,1
236,87317,2.0,2012-06-12,Male,Headphones,Philips,2005,,0
1499,87346,4.0,2012-06-12,Male,Headphones,Philips,2011,,0
1499,87566,5.0,2012-06-16,Male,Headphones,Philips,2011,,0
1499,87574,1.0,2012-06-16,Male,Headphones,Philips,2011,Male,0
1466,87625,2.0,2012-06-17,Male,Headphones,Philips,2010,,0
1469,87693,1.0,2012-06-18,Male,Headphones,Philips,2011,,0
1499,87755,1.0,2012-06-19,Male,Headphones,Philips,2011,Male,0
1466,87757,1.0,2012-06-19,Male,Headphones,Philips,2010,,0
1728,33099,2.0,2012-06-19,Female&Male,Headphones,Jabra,2011,Male,0
1758,78733,2.0,2012-06-20,Male,Headphones,Jabra,2011,,2
1469,87877,5.0,2012-06-21,Male,Headphones,Philips,2011,Male,0
1728,77218,4.0,2012-06-22,Female&Male,Headphones,Jabra,2011,Female,1
1499,88033,3.0,2012-06-22,Male,Headphones,Philips,2011,,0
1758,88185,2.0,2012-06-25,Male,Headphones,Jabra,2011,,0
1469,87261,4.0,2012-06-25,Male,Headphones,Philips,2011,Male,0
1469,88243,5.0,2012-06-26,Male,Headphones,Philips,2011,,0
1499,88244,2.0,2012-06-26,Male,Headphones,Philips,2011,,0
1499,88363,2.0,2012-06-27,Male,Headphones,Philips,2011,,0
1762,88368,1.0,2012-06-27,Male,Headphones,Philips,2013,,0
1499,11922,5.0,2012-06-28,Male,Headphones,Philips,2011,Male,2
1469,88439,1.0,2012-06-28,Male,Headphones,Philips,2011,,0
1466,88506,5.0,2012-06-29,Male,Headphones,Philips,2010,,0
236,88602,3.0,2012-07-01,Male,Headphones,Philips,2005,,0
1466,88634,1.0,2012-07-02,Male,Headphones,Philips,2010,,0
1499,88642,2.0,2012-07-02,Male,Headphones,Philips,2011,,0
1499,88661,5.0,2012-07-02,Male,Headphones,Philips,2011,,0
1469,88695,5.0,2012-07-02,Male,Headphones,Philips,2011,,0
1499,88766,3.0,2012-07-03,Male,Headphones,Philips,2011,,0
1499,88769,2.0,2012-07-03,Male,Headphones,Philips,2011,,0
1499,88813,4.0,2012-07-04,Male,Headphones,Philips,2011,,0
236,88884,2.0,2012-07-05,Male,Headphones,Philips,2005,,0
236,88900,5.0,2012-07-05,Male,Headphones,Philips,2005,,0
1499,88997,2.0,2012-07-06,Male,Headphones,Philips,2011,,0
1469,89019,5.0,2012-07-07,Male,Headphones,Philips,2011,,0
1469,89095,2.0,2012-07-08,Male,Headphones,Philips,2011,,0
1469,40429,4.0,2012-07-08,Male,Headphones,Philips,2011,,1
1469,89318,2.0,2012-07-11,Male,Headphones,Philips,2011,Female,0
1469,89319,5.0,2012-07-11,Male,Headphones,Philips,2011,,0
1469,89364,1.0,2012-07-12,Male,Headphones,Philips,2011,,0
1499,89414,5.0,2012-07-12,Male,Headphones,Philips,2011,,0
1466,89459,3.0,2012-07-13,Male,Headphones,Philips,2010,,0
1466,89549,3.0,2012-07-14,Male,Headphones,Philips,2010,,0
1469,89622,5.0,2012-07-15,Male,Headphones,Philips,2011,,0
1469,89690,5.0,2012-07-16,Male,Headphones,Philips,2011,,0
1469,89903,5.0,2012-07-19,Male,Headphones,Philips,2011,,0
1469,90050,5.0,2012-07-21,Male,Headphones,Philips,2011,Male,0
1466,90073,1.0,2012-07-21,Male,Headphones,Philips,2010,,0
1469,90131,5.0,2012-07-22,Male,Headphones,Philips,2011,,0
1499,90229,1.0,2012-07-24,Male,Headphones,Philips,2011,,0
1499,90394,2.0,2012-07-26,Male,Headphones,Philips,2011,,0
1499,90396,5.0,2012-07-26,Male,Headphones,Philips,2011,,0
1728,90407,1.0,2012-07-26,Female&Male,Headphones,Jabra,2011,,0
1469,90543,5.0,2012-07-28,Male,Headphones,Philips,2011,,0
1469,90795,4.0,2012-07-31,Male,Headphones,Philips,2011,,0
1499,91024,3.0,2012-08-04,Male,Headphones,Philips,2011,,0
1499,91085,5.0,2012-08-05,Male,Headphones,Philips,2011,,0
1469,91142,1.0,2012-08-06,Male,Headphones,Philips,2011,,0
1499,91232,5.0,2012-08-07,Male,Headphones,Philips,2011,Male,0
1499,91233,2.0,2012-08-07,Male,Headphones,Philips,2011,,0
1469,91240,5.0,2012-08-07,Male,Headphones,Philips,2011,,0
1469,91241,2.0,2012-08-07,Male,Headphones,Philips,2011,Male,0
1466,91242,1.0,2012-08-07,Male,Headphones,Philips,2010,,0
236,91340,5.0,2012-08-08,Male,Headphones,Philips,2005,,0
1469,91473,5.0,2012-08-10,Male,Headphones,Philips,2011,,0
1466,91541,2.0,2012-08-11,Male,Headphones,Philips,2010,,0
1499,91949,5.0,2012-08-16,Male,Headphones,Philips,2011,,0
1499,91993,2.0,2012-08-17,Male,Headphones,Philips,2011,,0
1499,91994,4.0,2012-08-17,Male,Headphones,Philips,2011,Female,0
1499,92200,4.0,2012-08-19,Male,Headphones,Philips,2011,,0
1499,92229,1.0,2012-08-20,Male,Headphones,Philips,2011,,0
1466,92381,4.0,2012-08-21,Male,Headphones,Philips,2010,,0
1499,92404,5.0,2012-08-22,Male,Headphones,Philips,2011,,0
1469,92440,5.0,2012-08-22,Male,Headphones,Philips,2011,,0
1499,62459,5.0,2012-08-22,Male,Headphones,Philips,2011,Male,0
1499,92585,4.0,2012-08-24,Male,Headphones,Philips,2011,Male,0
1466,92616,1.0,2012-08-24,Male,Headphones,Philips,2010,,0
1469,92842,1.0,2012-08-28,Male,Headphones,Philips,2011,,0
1499,92921,5.0,2012-08-29,Male,Headphones,Philips,2011,,0
1499,92927,3.0,2012-08-29,Male,Headphones,Philips,2011,,0
1469,93053,2.0,2012-08-30,Male,Headphones,Philips,2011,,0
1728,93070,1.0,2012-08-31,Female&Male,Headphones,Jabra,2011,,0
1758,93086,2.0,2012-08-31,Male,Headphones,Jabra,2011,,0
1469,93112,3.0,2012-08-31,Male,Headphones,Philips,2011,,0
547,93188,5.0,2012-09-01,Male,Headphones,Philips,2007,,0
1728,93218,1.0,2012-09-02,Female&Male,Headphones,Jabra,2011,,0
1499,93403,4.0,2012-09-04,Male,Headphones,Philips,2011,,0
1469,93445,5.0,2012-09-05,Male,Headphones,Philips,2011,,0
1499,93557,1.0,2012-09-06,Male,Headphones,Philips,2011,,0
1728,93593,2.0,2012-09-06,Female&Male,Headphones,Jabra,2011,,0
1499,93709,3.0,2012-09-07,Male,Headphones,Philips,2011,,0
1499,93868,5.0,2012-09-09,Male,Headphones,Philips,2011,,0
1466,93899,4.0,2012-09-10,Male,Headphones,Philips,2010,,0
1466,93903,4.0,2012-09-10,Male,Headphones,Philips,2010,,0
1469,94160,1.0,2012-09-12,Male,Headphones,Philips,2011,,0
1499,94320,1.0,2012-09-14,Male,Headphones,Philips,2011,,0
1469,94459,5.0,2012-09-16,Male,Headphones,Philips,2011,,0
1728,86733,2.0,2012-09-17,Female&Male,Headphones,Jabra,2011,,1
1728,94501,1.0,2012-09-17,Female&Male,Headphones,Jabra,2011,,0
1499,94600,4.0,2012-09-18,Male,Headphones,Philips,2011,,0
1499,94697,2.0,2012-09-19,Male,Headphones,Philips,2011,,0
1976,95109,4.0,2012-09-24,Female,Headphones,Philips,2012,Female,0
1469,95579,5.0,2012-09-29,Male,Headphones,Philips,2011,,0
1469,95609,5.0,2012-09-30,Male,Headphones,Philips,2011,,0
1469,95888,2.0,2012-10-03,Male,Headphones,Philips,2011,,0
1499,96034,4.0,2012-10-04,Male,Headphones,Philips,2011,,0
1976,96266,4.0,2012-10-08,Female,Headphones,Philips,2012,Female,0
1499,96373,5.0,2012-10-09,Male,Headphones,Philips,2011,,0
1499,96438,3.0,2012-10-09,Male,Headphones,Philips,2011,,0
1499,96927,5.0,2012-10-15,Male,Headphones,Philips,2011,Male,0
1976,96948,1.0,2012-10-15,Female,Headphones,Philips,2012,,0
1499,97155,4.0,2012-10-17,Male,Headphones,Philips,2011,,0
1728,97281,4.0,2012-10-18,Female&Male,Headphones,Jabra,2011,,0
1728,97393,2.0,2012-10-20,Female&Male,Headphones,Jabra,2011,,0
1499,97714,5.0,2012-10-23,Male,Headphones,Philips,2011,,0
1469,80841,1.0,2012-10-26,Male,Headphones,Philips,2011,,2
1499,98057,3.0,2012-10-26,Male,Headphones,Philips,2011,,0
1499,98185,3.0,2012-10-28,Male,Headphones,Philips,2011,,0
1466,49342,2.0,2012-10-30,Male,Headphones,Philips,2010,,2
1499,98665,1.0,2012-11-02,Male,Headphones,Philips,2011,,0
1466,98850,2.0,2012-11-04,Male,Headphones,Philips,2010,,0
1469,98871,1.0,2012-11-04,Male,Headphones,Philips,2011,,0
1499,98920,4.0,2012-11-05,Male,Headphones,Philips,2011,,0
1466,99452,2.0,2012-11-10,Male,Headphones,Philips,2010,,0
1499,99507,5.0,2012-11-11,Male,Headphones,Philips,2011,,0
1499,99590,5.0,2012-11-12,Male,Headphones,Philips,2011,,0
1499,99606,2.0,2012-11-12,Male,Headphones,Philips,2011,,0
1499,99711,3.0,2012-11-13,Male,Headphones,Philips,2011,Male,0
1762,99849,5.0,2012-11-14,Male,Headphones,Philips,2013,,0
1499,99930,2.0,2012-11-15,Male,Headphones,Philips,2011,,0
1469,100619,5.0,2012-11-20,Male,Headphones,Philips,2011,,0
1728,25924,2.0,2012-11-21,Female&Male,Headphones,Jabra,2011,,2
1466,100926,1.0,2012-11-23,Male,Headphones,Philips,2010,,0
1469,100940,5.0,2012-11-23,Male,Headphones,Philips,2011,,0
1499,100961,4.0,2012-11-23,Male,Headphones,Philips,2011,Female,0
1469,101172,4.0,2012-11-24,Male,Headphones,Philips,2011,,0
1469,101387,5.0,2012-11-25,Male,Headphones,Philips,2011,,0
1469,101431,5.0,2012-11-26,Male,Headphones,Philips,2011,,0
1469,101632,5.0,2012-11-26,Male,Headphones,Philips,2011,Male,0
1499,101738,1.0,2012-11-27,Male,Headphones,Philips,2011,,0
1976,101764,5.0,2012-11-27,Female,Headphones,Philips,2012,,0
1466,101829,3.0,2012-11-27,Male,Headphones,Philips,2010,,0
1976,101956,5.0,2012-11-28,Female,Headphones,Philips,2012,,0
1469,102042,1.0,2012-11-28,Male,Headphones,Philips,2011,,0
1469,102063,1.0,2012-11-28,Male,Headphones,Philips,2011,,0
1499,102100,5.0,2012-11-28,Male,Headphones,Philips,2011,,0
1466,102193,5.0,2012-11-29,Male,Headphones,Philips,2010,,0
1499,102263,5.0,2012-11-29,Male,Headphones,Philips,2011,Male,0
1469,102310,3.0,2012-11-29,Male,Headphones,Philips,2011,Male,0
236,102520,2.0,2012-11-30,Male,Headphones,Philips,2005,,0
1499,102865,5.0,2012-12-03,Male,Headphones,Philips,2011,,0
1466,102867,5.0,2012-12-03,Male,Headphones,Philips,2010,Female,0
1466,102868,2.0,2012-12-03,Male,Headphones,Philips,2010,,0
1469,102879,5.0,2012-12-03,Male,Headphones,Philips,2011,,0
1469,102880,4.0,2012-12-03,Male,Headphones,Philips,2011,,0
1728,103033,2.0,2012-12-03,Female&Male,Headphones,Jabra,2011,,0
1469,103244,2.0,2012-12-04,Male,Headphones,Philips,2011,,0
1469,103245,5.0,2012-12-04,Male,Headphones,Philips,2011,,0
1499,103354,5.0,2012-12-05,Male,Headphones,Philips,2011,,0
1499,103355,4.0,2012-12-05,Male,Headphones,Philips,2011,,0
1469,103395,5.0,2012-12-05,Male,Headphones,Philips,2011,,0
1758,103422,4.0,2012-12-05,Male,Headphones,Jabra,2011,,0
1469,103630,1.0,2012-12-06,Male,Headphones,Philips,2011,,0
1466,103776,1.0,2012-12-07,Male,Headphones,Philips,2010,,0
1469,104108,5.0,2012-12-08,Male,Headphones,Philips,2011,,0
1466,104200,5.0,2012-12-09,Male,Headphones,Philips,2010,,0
1469,104333,5.0,2012-12-10,Male,Headphones,Philips,2011,Female,0
1469,104761,2.0,2012-12-11,Male,Headphones,Philips,2011,,0
1758,104817,4.0,2012-12-11,Male,Headphones,Jabra,2011,,0
1469,104988,5.0,2012-12-12,Male,Headphones,Philips,2011,,0
1469,104992,5.0,2012-12-12,Male,Headphones,Philips,2011,Male,0
2614,105121,5.0,2012-12-13,Female,Headphones,Philips,2015,,0
1466,105419,4.0,2012-12-14,Male,Headphones,Philips,2010,,0
1976,105492,5.0,2012-12-14,Female,Headphones,Philips,2012,,0
1469,105557,4.0,2012-12-15,Male,Headphones,Philips,2011,,0
1466,105598,1.0,2012-12-15,Male,Headphones,Philips,2010,,0
1469,82979,4.0,2012-12-15,Male,Headphones,Philips,2011,Male,0
1499,105735,5.0,2012-12-16,Male,Headphones,Philips,2011,,0
1499,105740,5.0,2012-12-16,Male,Headphones,Philips,2011,Male,0
1499,105744,4.0,2012-12-16,Male,Headphones,Philips,2011,,0
1728,106126,5.0,2012-12-17,Female&Male,Headphones,Jabra,2011,,0
1728,102340,4.0,2012-12-18,Female&Male,Headphones,Jabra,2011,Male,1
1728,106345,3.0,2012-12-18,Female&Male,Headphones,Jabra,2011,Female,0
1469,106412,5.0,2012-12-18,Male,Headphones,Philips,2011,,0
1499,106563,5.0,2012-12-19,Male,Headphones,Philips,2011,,0
1499,106776,5.0,2012-12-20,Male,Headphones,Philips,2011,,0
1466,107044,1.0,2012-12-21,Male,Headphones,Philips,2010,,0
1976,107078,2.0,2012-12-21,Female,Headphones,Philips,2012,,0
1469,52679,2.0,2012-12-22,Male,Headphones,Philips,2011,,2
1466,107289,4.0,2012-12-22,Male,Headphones,Philips,2010,,0
1758,107346,5.0,2012-12-23,Male,Headphones,Jabra,2011,,0
547,107464,5.0,2012-12-23,Male,Headphones,Philips,2007,,0
236,107560,2.0,2012-12-24,Male,Headphones,Philips,2005,,0
1728,107832,4.0,2012-12-25,Female&Male,Headphones,Jabra,2011,Female,0
236,107880,4.0,2012-12-25,Male,Headphones,Philips,2005,,0
1469,107924,5.0,2012-12-25,Male,Headphones,Philips,2011,,0
236,108185,2.0,2012-12-26,Male,Headphones,Philips,2005,,0
1469,108722,5.0,2012-12-27,Male,Headphones,Philips,2011,,0
1499,108815,5.0,2012-12-27,Male,Headphones,Philips,2011,Male,0
1499,108831,4.0,2012-12-27,Male,Headphones,Philips,2011,,0
236,108839,4.0,2012-12-27,Male,Headphones,Philips,2005,,0
1469,108905,5.0,2012-12-27,Male,Headphones,Philips,2011,,0
1976,108941,4.0,2012-12-28,Female,Headphones,Philips,2012,,0
1499,108953,3.0,2012-12-28,Male,Headphones,Philips,2011,,0
1499,109021,3.0,2012-12-28,Male,Headphones,Philips,2011,,0
1469,109186,5.0,2012-12-28,Male,Headphones,Philips,2011,,0
1466,108952,5.0,2012-12-28,Male,Headphones,Philips,2010,,2
1976,109627,5.0,2012-12-29,Female,Headphones,Philips,2012,Female,0
1466,109720,3.0,2012-12-29,Male,Headphones,Philips,2010,,0
1728,109760,5.0,2012-12-29,Female&Male,Headphones,Jabra,2011,,0
1469,109794,4.0,2012-12-30,Male,Headphones,Philips,2011,,0
1469,109800,4.0,2012-12-30,Male,Headphones,Philips,2011,,0
1469,109834,5.0,2012-12-30,Male,Headphones,Philips,2011,,0
1499,110104,3.0,2012-12-31,Male,Headphones,Philips,2011,,0
1758,110137,3.0,2012-12-31,Male,Headphones,Jabra,2011,Female,0
1728,110172,5.0,2012-12-31,Female&Male,Headphones,Jabra,2011,,0
1469,110380,2.0,2013-01-01,Male,Headphones,Philips,2011,,0
1466,110384,5.0,2013-01-01,Male,Headphones,Philips,2010,,0
1466,110426,5.0,2013-01-01,Male,Headphones,Philips,2010,,0
1469,110772,4.0,2013-01-02,Male,Headphones,Philips,2011,,0
1466,28201,5.0,2013-01-02,Male,Headphones,Philips,2010,,2
1469,111336,5.0,2013-01-03,Male,Headphones,Philips,2011,,0
1728,111501,2.0,2013-01-04,Female&Male,Headphones,Jabra,2011,,0
1762,111521,1.0,2013-01-04,Male,Headphones,Philips,2013,,0
1469,111547,4.0,2013-01-04,Male,Headphones,Philips,2011,,0
1466,111756,2.0,2013-01-05,Male,Headphones,Philips,2010,,0
1499,111857,3.0,2013-01-05,Male,Headphones,Philips,2011,,0
1469,111915,4.0,2013-01-05,Male,Headphones,Philips,2011,,0
1469,112028,5.0,2013-01-06,Male,Headphones,Philips,2011,,0
1499,112347,4.0,2013-01-07,Male,Headphones,Philips,2011,,0
1469,112667,4.0,2013-01-08,Male,Headphones,Philips,2011,,0
1499,112955,1.0,2013-01-09,Male,Headphones,Philips,2011,,0
1976,113034,5.0,2013-01-09,Female,Headphones,Philips,2012,Female,0
1976,113035,5.0,2013-01-09,Female,Headphones,Philips,2012,,0
1466,102340,3.0,2013-01-10,Male,Headphones,Philips,2010,Male,2
1469,113567,5.0,2013-01-10,Male,Headphones,Philips,2011,,0
1466,113702,5.0,2013-01-11,Male,Headphones,Philips,2010,Female,0
1466,113710,5.0,2013-01-11,Male,Headphones,Philips,2010,,0
1466,114293,1.0,2013-01-13,Male,Headphones,Philips,2010,,0
1499,114428,2.0,2013-01-14,Male,Headphones,Philips,2011,,0
1976,114850,5.0,2013-01-15,Female,Headphones,Philips,2012,,0
1499,114925,5.0,2013-01-15,Male,Headphones,Philips,2011,,0
1976,115042,5.0,2013-01-16,Female,Headphones,Philips,2012,,0
1469,115113,5.0,2013-01-16,Male,Headphones,Philips,2011,,0
1469,115138,4.0,2013-01-16,Male,Headphones,Philips,2011,Female,0
1466,115238,5.0,2013-01-16,Male,Headphones,Philips,2010,,0
1469,115312,5.0,2013-01-17,Male,Headphones,Philips,2011,,0
1466,115644,5.0,2013-01-18,Male,Headphones,Philips,2010,,0
1466,115972,2.0,2013-01-19,Male,Headphones,Philips,2010,,0
1466,115973,2.0,2013-01-19,Male,Headphones,Philips,2010,,0
236,115975,1.0,2013-01-19,Male,Headphones,Philips,2005,,0
1758,116345,5.0,2013-01-21,Male,Headphones,Jabra,2011,,0
1466,116955,4.0,2013-01-23,Male,Headphones,Philips,2010,,0
1469,117308,4.0,2013-01-24,Male,Headphones,Philips,2011,,0
1499,117311,4.0,2013-01-24,Male,Headphones,Philips,2011,,0
1728,117411,2.0,2013-01-24,Female&Male,Headphones,Jabra,2011,,0
1499,117548,5.0,2013-01-25,Male,Headphones,Philips,2011,,0
1469,117550,4.0,2013-01-25,Male,Headphones,Philips,2011,Male,0
1976,117644,5.0,2013-01-26,Female,Headphones,Philips,2012,,0
1499,118084,2.0,2013-01-27,Male,Headphones,Philips,2011,Male,0
1466,118125,5.0,2013-01-27,Male,Headphones,Philips,2010,,0
1469,118299,4.0,2013-01-28,Male,Headphones,Philips,2011,,0
1499,118692,5.0,2013-01-29,Male,Headphones,Philips,2011,,0
1466,118721,1.0,2013-01-30,Male,Headphones,Philips,2010,,0
1466,118726,5.0,2013-01-30,Male,Headphones,Philips,2010,,0
1466,118800,4.0,2013-01-30,Male,Headphones,Philips,2010,,0
1469,118892,3.0,2013-01-30,Male,Headphones,Philips,2011,,0
1466,119235,5.0,2013-01-31,Male,Headphones,Philips,2010,,0
1499,119328,2.0,2013-01-31,Male,Headphones,Philips,2011,Female,0
1976,91065,5.0,2013-02-01,Female,Headphones,Philips,2012,Female,2
1469,92924,5.0,2013-02-02,Male,Headphones,Philips,2011,,2
1499,119771,3.0,2013-02-03,Male,Headphones,Philips,2011,,0
1976,120200,4.0,2013-02-04,Female,Headphones,Philips,2012,,0
1469,120236,4.0,2013-02-04,Male,Headphones,Philips,2011,,0
1499,120292,1.0,2013-02-04,Male,Headphones,Philips,2011,,0
236,120307,4.0,2013-02-04,Male,Headphones,Philips,2005,,0
1728,120364,2.0,2013-02-05,Female&Male,Headphones,Jabra,2011,,0
1469,120419,3.0,2013-02-05,Male,Headphones,Philips,2011,,0
1466,120831,5.0,2013-02-06,Male,Headphones,Philips,2010,,0
1728,121013,5.0,2013-02-07,Female&Male,Headphones,Jabra,2011,,0
1499,121172,3.0,2013-02-08,Male,Headphones,Philips,2011,,0
1728,121194,5.0,2013-02-08,Female&Male,Headphones,Jabra,2011,,0
236,121426,5.0,2013-02-09,Male,Headphones,Philips,2005,,0
236,121432,5.0,2013-02-09,Male,Headphones,Philips,2005,,0
1728,121484,5.0,2013-02-09,Female&Male,Headphones,Jabra,2011,,0
1466,121626,4.0,2013-02-10,Male,Headphones,Philips,2010,,0
1466,121629,1.0,2013-02-10,Male,Headphones,Philips,2010,,0
1466,121630,1.0,2013-02-10,Male,Headphones,Philips,2010,,0
1499,121678,5.0,2013-02-10,Male,Headphones,Philips,2011,,0
1499,121890,3.0,2013-02-11,Male,Headphones,Philips,2011,,0
1499,121891,1.0,2013-02-11,Male,Headphones,Philips,2011,,0
1469,121898,5.0,2013-02-11,Male,Headphones,Philips,2011,,0
1758,122060,4.0,2013-02-12,Male,Headphones,Jabra,2011,,0
1728,122223,2.0,2013-02-13,Female&Male,Headphones,Jabra,2011,,0
1466,122318,1.0,2013-02-13,Male,Headphones,Philips,2010,,0
1469,122677,1.0,2013-02-15,Male,Headphones,Philips,2011,Male,0
1466,123371,3.0,2013-02-18,Male,Headphones,Philips,2010,,0
1976,123872,3.0,2013-02-19,Female,Headphones,Philips,2012,,0
1466,123876,4.0,2013-02-19,Male,Headphones,Philips,2010,Male,0
1499,123986,1.0,2013-02-20,Male,Headphones,Philips,2011,,0
1466,124481,5.0,2013-02-22,Male,Headphones,Philips,2010,,0
1976,124497,5.0,2013-02-22,Female,Headphones,Philips,2012,,0
1469,124695,5.0,2013-02-23,Male,Headphones,Philips,2011,,0
1728,124928,2.0,2013-02-24,Female&Male,Headphones,Jabra,2011,,0
1499,125017,5.0,2013-02-24,Male,Headphones,Philips,2011,,0
1466,125041,1.0,2013-02-24,Male,Headphones,Philips,2010,,0
1469,125316,4.0,2013-02-25,Male,Headphones,Philips,2011,,0
1469,125317,5.0,2013-02-25,Male,Headphones,Philips,2011,,0
1469,125672,5.0,2013-02-27,Male,Headphones,Philips,2011,,0
1976,125692,4.0,2013-02-27,Female,Headphones,Philips,2012,,0
1469,125699,5.0,2013-02-27,Male,Headphones,Philips,2011,,0
1469,125996,5.0,2013-02-28,Male,Headphones,Philips,2011,,0
1499,126020,5.0,2013-02-28,Male,Headphones,Philips,2011,,0
1466,126070,2.0,2013-02-28,Male,Headphones,Philips,2010,,0
1466,126071,2.0,2013-02-28,Male,Headphones,Philips,2010,,0
1976,126100,5.0,2013-02-28,Female,Headphones,Philips,2012,Male,0
1499,126365,5.0,2013-03-01,Male,Headphones,Philips,2011,,0
1469,126502,4.0,2013-03-02,Male,Headphones,Philips,2011,Female,0
1469,127039,5.0,2013-03-04,Male,Headphones,Philips,2011,,0
1469,127227,5.0,2013-03-05,Male,Headphones,Philips,2011,,0
1466,127260,1.0,2013-03-05,Male,Headphones,Philips,2010,,0
1469,127690,4.0,2013-03-07,Male,Headphones,Philips,2011,,0
1466,127845,4.0,2013-03-08,Male,Headphones,Philips,2010,Male,0
1499,128082,4.0,2013-03-09,Male,Headphones,Philips,2011,,0
1728,128240,1.0,2013-03-10,Female&Male,Headphones,Jabra,2011,,0
1976,128475,4.0,2013-03-11,Female,Headphones,Philips,2012,,0
1499,128641,3.0,2013-03-11,Male,Headphones,Philips,2011,,0
1469,128658,1.0,2013-03-12,Male,Headphones,Philips,2011,,0
1469,128669,1.0,2013-03-12,Male,Headphones,Philips,2011,,0
1499,128702,2.0,2013-03-12,Male,Headphones,Philips,2011,,0
1728,129051,1.0,2013-03-13,Female&Male,Headphones,Jabra,2011,,0
1469,129362,4.0,2013-03-14,Male,Headphones,Philips,2011,,0
1469,129783,5.0,2013-03-16,Male,Headphones,Philips,2011,,0
1976,130426,5.0,2013-03-19,Female,Headphones,Philips,2012,,0
1466,130543,4.0,2013-03-20,Male,Headphones,Philips,2010,,0
1469,130636,5.0,2013-03-20,Male,Headphones,Philips,2011,,0
1499,130670,5.0,2013-03-20,Male,Headphones,Philips,2011,,0
1469,131330,5.0,2013-03-23,Male,Headphones,Philips,2011,,0
1469,131379,5.0,2013-03-24,Male,Headphones,Philips,2011,Male,0
1499,131403,5.0,2013-03-24,Male,Headphones,Philips,2011,,0
2900,46208,5.0,2013-03-26,Female&Male,Headphones,Jabra,2013,,2
1499,132001,1.0,2013-03-26,Male,Headphones,Philips,2011,,0
1469,132008,1.0,2013-03-26,Male,Headphones,Philips,2011,,0
1466,132075,2.0,2013-03-27,Male,Headphones,Philips,2010,,0
1469,132171,1.0,2013-03-27,Male,Headphones,Philips,2011,,0
2900,132270,3.0,2013-03-28,Female&Male,Headphones,Jabra,2013,,0
2900,132271,5.0,2013-03-28,Female&Male,Headphones,Jabra,2013,,0
1976,132296,5.0,2013-03-28,Female,Headphones,Philips,2012,,0
1499,132560,5.0,2013-03-29,Male,Headphones,Philips,2011,,0
2900,132563,4.0,2013-03-29,Female&Male,Headphones,Jabra,2013,Female,0
1469,132589,2.0,2013-03-29,Male,Headphones,Philips,2011,Female,0
1758,132614,3.0,2013-03-29,Male,Headphones,Jabra,2011,,0
2900,97858,5.0,2013-03-29,Female&Male,Headphones,Jabra,2013,Female,0
2900,132830,4.0,2013-03-30,Female&Male,Headphones,Jabra,2013,Male,0
1469,133068,5.0,2013-03-31,Male,Headphones,Philips,2011,,0
1466,133525,5.0,2013-04-02,Male,Headphones,Philips,2010,,0
2900,65080,4.0,2013-04-03,Female&Male,Headphones,Jabra,2013,,0
1499,133690,5.0,2013-04-03,Male,Headphones,Philips,2011,,0
2921,133701,1.0,2013-04-03,Male,Headphones,Jabra,2013,,0
1469,133896,4.0,2013-04-04,Male,Headphones,Philips,2011,,0
1466,133913,5.0,2013-04-04,Male,Headphones,Philips,2010,,0
1499,133946,4.0,2013-04-04,Male,Headphones,Philips,2011,,0
1469,133979,4.0,2013-04-04,Male,Headphones,Philips,2011,,0
2900,134000,5.0,2013-04-04,Female&Male,Headphones,Jabra,2013,Female,0
2900,16479,5.0,2013-04-04,Female&Male,Headphones,Jabra,2013,,1
1466,134091,5.0,2013-04-05,Male,Headphones,Philips,2010,,0
2900,134195,5.0,2013-04-05,Female&Male,Headphones,Jabra,2013,Male,0
2900,134196,5.0,2013-04-05,Female&Male,Headphones,Jabra,2013,,0
2921,27549,5.0,2013-04-05,Male,Headphones,Jabra,2013,Female,2
2900,134207,5.0,2013-04-05,Female&Male,Headphones,Jabra,2013,,0
1469,134208,4.0,2013-04-05,Male,Headphones,Philips,2011,Male,0
2921,125959,3.0,2013-04-05,Male,Headphones,Jabra,2013,Female,0
2900,134217,5.0,2013-04-05,Female&Male,Headphones,Jabra,2013,,0
2921,63663,4.0,2013-04-05,Male,Headphones,Jabra,2013,Female,1
2921,134361,5.0,2013-04-06,Male,Headphones,Jabra,2013,,0
2921,134387,5.0,2013-04-06,Male,Headphones,Jabra,2013,,0
1469,134406,5.0,2013-04-06,Male,Headphones,Philips,2011,,0
2900,134455,3.0,2013-04-06,Female&Male,Headphones,Jabra,2013,,0
2900,134483,4.0,2013-04-06,Female&Male,Headphones,Jabra,2013,,0
2900,44257,4.0,2013-04-06,Female&Male,Headphones,Jabra,2013,,2
2900,134537,4.0,2013-04-07,Female&Male,Headphones,Jabra,2013,,0
2900,117723,5.0,2013-04-07,Female&Male,Headphones,Jabra,2013,Male,0
2921,134585,5.0,2013-04-07,Male,Headphones,Jabra,2013,Male,0
2921,6402,2.0,2013-04-07,Male,Headphones,Jabra,2013,Male,0
1469,134592,4.0,2013-04-07,Male,Headphones,Philips,2011,,0
2900,134712,5.0,2013-04-08,Female&Male,Headphones,Jabra,2013,,0
236,134741,3.0,2013-04-08,Male,Headphones,Philips,2005,,0
1499,134747,5.0,2013-04-08,Male,Headphones,Philips,2011,,0
2921,65080,3.0,2013-04-08,Male,Headphones,Jabra,2013,,0
2921,55934,5.0,2013-04-08,Male,Headphones,Jabra,2013,Female,2
2921,135053,4.0,2013-04-09,Male,Headphones,Jabra,2013,Female,0
1466,135063,5.0,2013-04-09,Male,Headphones,Philips,2010,,0
1466,135064,4.0,2013-04-09,Male,Headphones,Philips,2010,,0
2921,21610,5.0,2013-04-09,Male,Headphones,Jabra,2013,,0
2921,135511,5.0,2013-04-11,Male,Headphones,Jabra,2013,Female,0
1466,135596,4.0,2013-04-11,Male,Headphones,Philips,2010,,0
1499,135675,2.0,2013-04-12,Male,Headphones,Philips,2011,,0
2921,27202,4.0,2013-04-12,Male,Headphones,Jabra,2013,,2
1466,135767,5.0,2013-04-12,Male,Headphones,Philips,2010,,0
2921,135819,4.0,2013-04-12,Male,Headphones,Jabra,2013,Female,0
2900,136204,4.0,2013-04-14,Female&Male,Headphones,Jabra,2013,,0
2900,33699,5.0,2013-04-14,Female&Male,Headphones,Jabra,2013,Male,0
1499,136320,1.0,2013-04-15,Male,Headphones,Philips,2011,,0
2900,13819,4.0,2013-04-15,Female&Male,Headphones,Jabra,2013,,0
2921,136552,4.0,2013-04-16,Male,Headphones,Jabra,2013,,0
2921,136626,3.0,2013-04-17,Male,Headphones,Jabra,2013,Female,0
2900,136636,3.0,2013-04-17,Female&Male,Headphones,Jabra,2013,Female,0
1466,136762,3.0,2013-04-17,Male,Headphones,Philips,2010,,0
1469,136919,4.0,2013-04-18,Male,Headphones,Philips,2011,,0
2900,137033,5.0,2013-04-18,Female&Male,Headphones,Jabra,2013,,0
1499,137041,3.0,2013-04-18,Male,Headphones,Philips,2011,,0
1469,137147,5.0,2013-04-19,Male,Headphones,Philips,2011,,0
2921,137173,3.0,2013-04-19,Male,Headphones,Jabra,2013,,0
1976,137561,4.0,2013-04-21,Female,Headphones,Philips,2012,Female,0
1499,137634,5.0,2013-04-21,Male,Headphones,Philips,2011,,0
1499,137635,2.0,2013-04-21,Male,Headphones,Philips,2011,,0
2900,137731,4.0,2013-04-22,Female&Male,Headphones,Jabra,2013,Female,0
1499,137935,5.0,2013-04-22,Male,Headphones,Philips,2011,,0
1466,138047,2.0,2013-04-23,Male,Headphones,Philips,2010,,0
1466,138177,3.0,2013-04-24,Male,Headphones,Philips,2010,,0
1466,138178,3.0,2013-04-24,Male,Headphones,Philips,2010,,0
1762,138192,5.0,2013-04-24,Male,Headphones,Philips,2013,,0
1469,138211,3.0,2013-04-24,Male,Headphones,Philips,2011,,0
2900,707,5.0,2013-04-24,Female&Male,Headphones,Jabra,2013,Male,1
2921,138308,5.0,2013-04-24,Male,Headphones,Jabra,2013,,0
2921,100977,2.0,2013-04-27,Male,Headphones,Jabra,2013,Male,0
2921,63055,5.0,2013-04-28,Male,Headphones,Jabra,2013,Male,0
2992,139282,4.0,2013-04-29,Male,Headphones,Philips,2013,,0
1466,139291,3.0,2013-04-29,Male,Headphones,Philips,2010,Male,0
1469,139512,5.0,2013-04-30,Male,Headphones,Philips,2011,,0
2921,63157,4.0,2013-04-30,Male,Headphones,Jabra,2013,Female,0
1728,139960,4.0,2013-05-02,Female&Male,Headphones,Jabra,2011,,0
1466,140075,5.0,2013-05-02,Male,Headphones,Philips,2010,,0
2900,140550,5.0,2013-05-05,Female&Male,Headphones,Jabra,2013,,0
2921,44517,4.0,2013-05-05,Male,Headphones,Jabra,2013,,0
1469,140618,2.0,2013-05-05,Male,Headphones,Philips,2011,,0
1466,140703,5.0,2013-05-06,Male,Headphones,Philips,2010,,0
1469,140727,2.0,2013-05-06,Male,Headphones,Philips,2011,Female,0
2900,3054,4.0,2013-05-08,Female&Male,Headphones,Jabra,2013,,0
1466,141400,4.0,2013-05-09,Male,Headphones,Philips,2010,,0
1762,141823,5.0,2013-05-10,Male,Headphones,Philips,2013,,0
2900,142011,5.0,2013-05-11,Female&Male,Headphones,Jabra,2013,Male,0
1976,142280,2.0,2013-05-13,Female,Headphones,Philips,2012,,0
1466,142393,5.0,2013-05-13,Male,Headphones,Philips,2010,,0
236,142482,3.0,2013-05-14,Male,Headphones,Philips,2005,,0
1499,142487,3.0,2013-05-14,Male,Headphones,Philips,2011,,0
1499,142494,1.0,2013-05-14,Male,Headphones,Philips,2011,,0
2900,28744,4.0,2013-05-14,Female&Male,Headphones,Jabra,2013,,2
1466,141750,1.0,2013-05-14,Male,Headphones,Philips,2010,,2
2921,18390,4.0,2013-05-14,Male,Headphones,Jabra,2013,Male,0
1466,142939,5.0,2013-05-15,Male,Headphones,Philips,2010,Male,0
2921,134535,4.0,2013-05-15,Male,Headphones,Jabra,2013,Male,0
2921,142965,4.0,2013-05-15,Male,Headphones,Jabra,2013,Female,0
2921,27999,5.0,2013-05-16,Male,Headphones,Jabra,2013,Male,1
1469,143534,1.0,2013-05-18,Male,Headphones,Philips,2011,,0
2900,143712,3.0,2013-05-19,Female&Male,Headphones,Jabra,2013,,0
1976,143742,4.0,2013-05-19,Female,Headphones,Philips,2012,,0
1469,143831,4.0,2013-05-20,Male,Headphones,Philips,2011,,0
1466,144211,5.0,2013-05-21,Male,Headphones,Philips,2010,,0
1466,144308,5.0,2013-05-22,Male,Headphones,Philips,2010,,0
2921,144605,4.0,2013-05-23,Male,Headphones,Jabra,2013,,0
1499,144701,4.0,2013-05-23,Male,Headphones,Philips,2011,,0
1762,144737,4.0,2013-05-24,Male,Headphones,Philips,2013,,0
1728,144947,3.0,2013-05-24,Female&Male,Headphones,Jabra,2011,,0
1728,144951,1.0,2013-05-24,Female&Male,Headphones,Jabra,2011,,0
1466,144999,5.0,2013-05-25,Male,Headphones,Philips,2010,,0
1469,145589,2.0,2013-05-28,Male,Headphones,Philips,2011,Female,0
2900,145604,4.0,2013-05-28,Female&Male,Headphones,Jabra,2013,,0
3067,145621,4.0,2013-05-28,Female,Headphones,Philips,2016,,0
1469,125325,3.0,2013-05-29,Male,Headphones,Philips,2011,Male,2
1466,146045,5.0,2013-05-29,Male,Headphones,Philips,2010,,0
1469,146129,5.0,2013-05-30,Male,Headphones,Philips,2011,,0
1469,146206,4.0,2013-05-30,Male,Headphones,Philips,2011,,0
1469,146313,3.0,2013-05-31,Male,Headphones,Philips,2011,,0
1499,146401,4.0,2013-05-31,Male,Headphones,Philips,2011,,0
1499,146652,3.0,2013-06-01,Male,Headphones,Philips,2011,,0
1466,147006,5.0,2013-06-03,Male,Headphones,Philips,2010,,0
1976,147024,4.0,2013-06-03,Female,Headphones,Philips,2012,,0
2921,147281,4.0,2013-06-04,Male,Headphones,Jabra,2013,,0
1499,147337,5.0,2013-06-05,Male,Headphones,Philips,2011,,0
1499,147338,5.0,2013-06-05,Male,Headphones,Philips,2011,,0
1499,147364,4.0,2013-06-05,Male,Headphones,Philips,2011,Female,0
1499,87057,4.0,2013-06-07,Male,Headphones,Philips,2011,Male,1
1469,148034,5.0,2013-06-07,Male,Headphones,Philips,2011,,0
1499,148310,3.0,2013-06-08,Male,Headphones,Philips,2011,,0
1976,148483,4.0,2013-06-09,Female,Headphones,Philips,2012,Female,0
1466,148537,3.0,2013-06-10,Male,Headphones,Philips,2010,,0
1499,148588,3.0,2013-06-10,Male,Headphones,Philips,2011,,0
1499,148592,1.0,2013-06-10,Male,Headphones,Philips,2011,,0
1976,148685,2.0,2013-06-10,Female,Headphones,Philips,2012,,0
1499,148781,2.0,2013-06-11,Male,Headphones,Philips,2011,,0
1469,149002,5.0,2013-06-12,Male,Headphones,Philips,2011,,0
1499,149534,4.0,2013-06-14,Male,Headphones,Philips,2011,,0
1469,149595,2.0,2013-06-14,Male,Headphones,Philips,2011,,0
1469,83072,5.0,2013-06-14,Male,Headphones,Philips,2011,,2
1976,149685,5.0,2013-06-14,Female,Headphones,Philips,2012,,0
1466,149786,1.0,2013-06-15,Male,Headphones,Philips,2010,,0
1469,149862,5.0,2013-06-15,Male,Headphones,Philips,2011,,0
1499,149897,2.0,2013-06-16,Male,Headphones,Philips,2011,,0
1499,150231,2.0,2013-06-17,Male,Headphones,Philips,2011,,0
2900,150247,5.0,2013-06-17,Female&Male,Headphones,Jabra,2013,,0
1466,150748,4.0,2013-06-19,Male,Headphones,Philips,2010,,0
1976,150865,5.0,2013-06-20,Female,Headphones,Philips,2012,,0
1466,150900,4.0,2013-06-20,Male,Headphones,Philips,2010,,0
1728,150906,1.0,2013-06-20,Female&Male,Headphones,Jabra,2011,Male,0
2900,150966,4.0,2013-06-20,Female&Male,Headphones,Jabra,2013,,0
1466,151186,5.0,2013-06-21,Male,Headphones,Philips,2010,Male,0
1469,151353,5.0,2013-06-22,Male,Headphones,Philips,2011,,0
1499,151359,1.0,2013-06-22,Male,Headphones,Philips,2011,,0
1976,151486,5.0,2013-06-23,Female,Headphones,Philips,2012,,0
1469,151517,5.0,2013-06-23,Male,Headphones,Philips,2011,,0
1466,151522,1.0,2013-06-23,Male,Headphones,Philips,2010,Male,0
1469,152350,2.0,2013-06-26,Male,Headphones,Philips,2011,,0
2921,72440,3.0,2013-06-27,Male,Headphones,Jabra,2013,Female,1
1499,152627,1.0,2013-06-27,Male,Headphones,Philips,2011,,0
1469,152639,3.0,2013-06-27,Male,Headphones,Philips,2011,,0
1469,152734,2.0,2013-06-28,Male,Headphones,Philips,2011,,0
3150,153115,4.0,2013-06-30,Male,Headphones,Philips,2013,Male,1
1469,153204,5.0,2013-06-30,Male,Headphones,Philips,2011,Male,0
1499,153208,5.0,2013-06-30,Male,Headphones,Philips,2011,,0
1466,153248,1.0,2013-06-30,Male,Headphones,Philips,2010,,0
1469,153370,2.0,2013-07-01,Male,Headphones,Philips,2011,,0
1469,153513,5.0,2013-07-02,Male,Headphones,Philips,2011,,0
1499,153549,5.0,2013-07-02,Male,Headphones,Philips,2011,,0
1499,153550,3.0,2013-07-02,Male,Headphones,Philips,2011,,0
1976,153828,4.0,2013-07-03,Female,Headphones,Philips,2012,,0
2900,154134,5.0,2013-07-04,Female&Male,Headphones,Jabra,2013,,0
1499,154287,5.0,2013-07-05,Male,Headphones,Philips,2011,,0
1466,154404,3.0,2013-07-06,Male,Headphones,Philips,2010,,0
3150,154586,4.0,2013-07-07,Male,Headphones,Philips,2013,,0
1466,154621,4.0,2013-07-07,Male,Headphones,Philips,2010,,0
236,155098,4.0,2013-07-09,Male,Headphones,Philips,2005,,0
1469,155359,5.0,2013-07-10,Male,Headphones,Philips,2011,,0
1469,155869,4.0,2013-07-12,Male,Headphones,Philips,2011,,0
1499,156037,1.0,2013-07-12,Male,Headphones,Philips,2011,,0
1499,131391,4.0,2013-07-12,Male,Headphones,Philips,2011,,2
1466,156235,5.0,2013-07-13,Male,Headphones,Philips,2010,,0
1499,156582,4.0,2013-07-15,Male,Headphones,Philips,2011,Female,0
3150,156619,4.0,2013-07-15,Male,Headphones,Philips,2013,,0
1466,156620,4.0,2013-07-15,Male,Headphones,Philips,2010,,0
2921,156713,5.0,2013-07-15,Male,Headphones,Jabra,2013,,0
1469,157011,1.0,2013-07-17,Male,Headphones,Philips,2011,Female,0
1466,157027,2.0,2013-07-17,Male,Headphones,Philips,2010,,0
1499,157059,5.0,2013-07-17,Male,Headphones,Philips,2011,,0
1976,157243,5.0,2013-07-18,Female,Headphones,Philips,2012,,0
1499,157360,5.0,2013-07-18,Male,Headphones,Philips,2011,,0
1499,157649,5.0,2013-07-19,Male,Headphones,Philips,2011,,0
1499,157760,1.0,2013-07-20,Male,Headphones,Philips,2011,,0
1469,158049,5.0,2013-07-21,Male,Headphones,Philips,2011,,0
1976,158411,5.0,2013-07-23,Female,Headphones,Philips,2012,,0
1469,158663,3.0,2013-07-24,Male,Headphones,Philips,2011,,0
1466,158669,5.0,2013-07-24,Male,Headphones,Philips,2010,,0
1499,158670,1.0,2013-07-24,Male,Headphones,Philips,2011,,0
1499,158677,5.0,2013-07-24,Male,Headphones,Philips,2011,,0
1469,158698,4.0,2013-07-24,Male,Headphones,Philips,2011,,0
1976,158925,4.0,2013-07-25,Female,Headphones,Philips,2012,,0
1469,22574,1.0,2013-07-25,Male,Headphones,Philips,2011,Male,0
1728,159154,1.0,2013-07-26,Female&Male,Headphones,Jabra,2011,,0
3150,159231,5.0,2013-07-26,Male,Headphones,Philips,2013,,0
1499,159544,4.0,2013-07-28,Male,Headphones,Philips,2011,,0
1499,160111,5.0,2013-07-30,Male,Headphones,Philips,2011,,0
1469,160176,5.0,2013-07-30,Male,Headphones,Philips,2011,,0
1728,160321,2.0,2013-07-31,Female&Male,Headphones,Jabra,2011,,0
1466,160498,4.0,2013-07-31,Male,Headphones,Philips,2010,,0
1466,160680,1.0,2013-08-01,Male,Headphones,Philips,2010,,0
2992,161408,5.0,2013-08-04,Male,Headphones,Philips,2013,,0
1469,161734,4.0,2013-08-06,Male,Headphones,Philips,2011,Female,0
1469,162059,5.0,2013-08-07,Male,Headphones,Philips,2011,,0
1469,162267,5.0,2013-08-08,Male,Headphones,Philips,2011,,0
1469,162269,5.0,2013-08-08,Male,Headphones,Philips,2011,,0
1469,162644,1.0,2013-08-09,Male,Headphones,Philips,2011,,0
1469,162645,5.0,2013-08-09,Male,Headphones,Philips,2011,Male,0
1469,162646,5.0,2013-08-09,Male,Headphones,Philips,2011,,0
1499,162786,2.0,2013-08-10,Male,Headphones,Philips,2011,,0
1469,163099,4.0,2013-08-11,Male,Headphones,Philips,2011,Male,0
1466,163103,1.0,2013-08-11,Male,Headphones,Philips,2010,,0
1469,163626,5.0,2013-08-13,Male,Headphones,Philips,2011,,0
1469,163740,5.0,2013-08-14,Male,Headphones,Philips,2011,Female,0
1499,163749,3.0,2013-08-14,Male,Headphones,Philips,2011,,0
1466,163943,4.0,2013-08-14,Male,Headphones,Philips,2010,,0
1499,163990,4.0,2013-08-15,Male,Headphones,Philips,2011,,0
2900,164000,5.0,2013-08-15,Female&Male,Headphones,Jabra,2013,Female,0
1728,164286,3.0,2013-08-16,Female&Male,Headphones,Jabra,2011,,0
1466,164527,5.0,2013-08-17,Male,Headphones,Philips,2010,,0
1469,164665,4.0,2013-08-17,Male,Headphones,Philips,2011,,0
2921,164772,4.0,2013-08-18,Male,Headphones,Jabra,2013,,0
1466,165137,5.0,2013-08-20,Male,Headphones,Philips,2010,,0
1469,165211,5.0,2013-08-20,Male,Headphones,Philips,2011,,0
2900,165218,5.0,2013-08-20,Female&Male,Headphones,Jabra,2013,,0
1728,165401,2.0,2013-08-20,Female&Male,Headphones,Jabra,2011,,0
1469,165583,4.0,2013-08-21,Male,Headphones,Philips,2011,,0
547,166207,5.0,2013-08-23,Male,Headphones,Philips,2007,,0
1466,166214,5.0,2013-08-23,Male,Headphones,Philips,2010,,0
1499,166286,5.0,2013-08-24,Male,Headphones,Philips,2011,,0
1728,166556,5.0,2013-08-25,Female&Male,Headphones,Jabra,2011,,0
1469,166569,5.0,2013-08-25,Male,Headphones,Philips,2011,Female,0
1728,167349,2.0,2013-08-28,Female&Male,Headphones,Jabra,2011,,0
1466,167643,1.0,2013-08-29,Male,Headphones,Philips,2010,,0
236,167845,4.0,2013-08-29,Male,Headphones,Philips,2005,,0
1976,168158,5.0,2013-08-31,Female,Headphones,Philips,2012,,2
1469,159616,5.0,2013-08-31,Male,Headphones,Philips,2011,,2
1499,168361,3.0,2013-09-01,Male,Headphones,Philips,2011,,0
1499,168363,4.0,2013-09-01,Male,Headphones,Philips,2011,,0
1728,168394,1.0,2013-09-01,Female&Male,Headphones,Jabra,2011,,0
1469,168665,5.0,2013-09-02,Male,Headphones,Philips,2011,,0
3338,168752,5.0,2013-09-03,Male,Headphones,Jabra,2013,,0
1466,168868,2.0,2013-09-03,Male,Headphones,Philips,2010,,0
3338,168991,3.0,2013-09-04,Male,Headphones,Jabra,2013,Male,0
1469,169113,5.0,2013-09-04,Male,Headphones,Philips,2011,,0
3338,169454,1.0,2013-09-05,Male,Headphones,Jabra,2013,,0
3338,169484,4.0,2013-09-05,Male,Headphones,Jabra,2013,,0
1469,169655,5.0,2013-09-06,Male,Headphones,Philips,2011,,0
1466,169832,4.0,2013-09-07,Male,Headphones,Philips,2010,,0
1499,170221,3.0,2013-09-09,Male,Headphones,Philips,2011,,0
1466,171203,1.0,2013-09-13,Male,Headphones,Philips,2010,,0
1466,171445,5.0,2013-09-14,Male,Headphones,Philips,2010,,0
1762,171469,5.0,2013-09-14,Male,Headphones,Philips,2013,,0
1499,171690,3.0,2013-09-15,Male,Headphones,Philips,2011,,0
1728,171759,2.0,2013-09-15,Female&Male,Headphones,Jabra,2011,,0
3338,87147,1.0,2013-09-17,Male,Headphones,Jabra,2013,,2
1469,172586,5.0,2013-09-19,Male,Headphones,Philips,2011,,0
3338,172602,1.0,2013-09-19,Male,Headphones,Jabra,2013,,0
1466,172969,2.0,2013-09-20,Male,Headphones,Philips,2010,,0
3338,172976,1.0,2013-09-20,Male,Headphones,Jabra,2013,,0
1499,173181,4.0,2013-09-21,Male,Headphones,Philips,2011,,0
2900,173390,5.0,2013-09-22,Female&Male,Headphones,Jabra,2013,,0
1499,173496,5.0,2013-09-23,Male,Headphones,Philips,2011,,0
3338,173652,4.0,2013-09-23,Male,Headphones,Jabra,2013,,0
1469,174282,3.0,2013-09-26,Male,Headphones,Philips,2011,,0
1499,174286,4.0,2013-09-26,Male,Headphones,Philips,2011,,0
2992,174302,5.0,2013-09-26,Male,Headphones,Philips,2013,,0
1469,174446,5.0,2013-09-27,Male,Headphones,Philips,2011,,0
2900,174652,2.0,2013-09-29,Female&Male,Headphones,Jabra,2013,Male,0
1976,174662,5.0,2013-09-29,Female,Headphones,Philips,2012,,0
3338,174751,1.0,2013-09-29,Male,Headphones,Jabra,2013,,0
1466,174851,3.0,2013-09-30,Male,Headphones,Philips,2010,,0
2900,80420,4.0,2013-10-02,Female&Male,Headphones,Jabra,2013,Male,0
3439,175742,4.0,2013-10-03,Male,Headphones,Philips,2014,,0
1469,175762,5.0,2013-10-03,Male,Headphones,Philips,2011,,0
3338,176262,5.0,2013-10-05,Male,Headphones,Jabra,2013,,0
1728,176281,1.0,2013-10-05,Female&Male,Headphones,Jabra,2011,,0
1469,176392,4.0,2013-10-05,Male,Headphones,Philips,2011,,0
3338,176746,1.0,2013-10-07,Male,Headphones,Jabra,2013,,0
3338,176748,1.0,2013-10-07,Male,Headphones,Jabra,2013,,0
3338,176760,2.0,2013-10-07,Male,Headphones,Jabra,2013,,0
3461,177227,4.0,2013-10-09,Male,Headphones,Philips,2013,,0
3150,177326,3.0,2013-10-09,Male,Headphones,Philips,2013,Male,0
1499,177699,4.0,2013-10-11,Male,Headphones,Philips,2011,,0
3338,177722,3.0,2013-10-11,Male,Headphones,Jabra,2013,Male,0
1499,177887,1.0,2013-10-12,Male,Headphones,Philips,2011,,0
1469,178046,5.0,2013-10-13,Male,Headphones,Philips,2011,,0
1499,178055,4.0,2013-10-13,Male,Headphones,Philips,2011,,0
3461,178210,5.0,2013-10-13,Male,Headphones,Philips,2013,,0
1469,178363,4.0,2013-10-14,Male,Headphones,Philips,2011,,0
2992,42211,3.0,2013-10-14,Male,Headphones,Philips,2013,,2
3338,67929,5.0,2013-10-15,Male,Headphones,Jabra,2013,Male,2
3338,178720,5.0,2013-10-15,Male,Headphones,Jabra,2013,Female,0
3483,178775,5.0,2013-10-16,Male,Headphones,Philips,2018,,0
1499,178936,5.0,2013-10-16,Male,Headphones,Philips,2011,,0
3338,32918,3.0,2013-10-16,Male,Headphones,Jabra,2013,,2
3338,27958,5.0,2013-10-17,Male,Headphones,Jabra,2013,Female,1
3338,64524,3.0,2013-10-17,Male,Headphones,Jabra,2013,,2
1728,179134,5.0,2013-10-17,Female&Male,Headphones,Jabra,2011,,0
3338,179176,5.0,2013-10-17,Male,Headphones,Jabra,2013,,0
3338,179336,4.0,2013-10-18,Male,Headphones,Jabra,2013,Female,0
3338,33699,4.0,2013-10-18,Male,Headphones,Jabra,2013,Male,0
1469,179377,5.0,2013-10-18,Male,Headphones,Philips,2011,,0
3338,179489,1.0,2013-10-19,Male,Headphones,Jabra,2013,,0
1728,179502,1.0,2013-10-19,Female&Male,Headphones,Jabra,2011,,0
3338,45517,3.0,2013-10-21,Male,Headphones,Jabra,2013,,0
1728,180021,5.0,2013-10-21,Female&Male,Headphones,Jabra,2011,,0
2992,180123,4.0,2013-10-22,Male,Headphones,Philips,2013,,0
3338,27088,3.0,2013-10-22,Male,Headphones,Jabra,2013,Female,0
1466,180273,3.0,2013-10-22,Male,Headphones,Philips,2010,,0
3338,180492,1.0,2013-10-23,Male,Headphones,Jabra,2013,,0
1469,180583,1.0,2013-10-23,Male,Headphones,Philips,2011,,0
3338,180719,4.0,2013-10-24,Male,Headphones,Jabra,2013,,0
3338,180887,4.0,2013-10-25,Male,Headphones,Jabra,2013,Female,0
3338,28103,2.0,2013-10-25,Male,Headphones,Jabra,2013,Male,0
3338,181081,3.0,2013-10-25,Male,Headphones,Jabra,2013,,0
3338,117723,1.0,2013-10-26,Male,Headphones,Jabra,2013,Male,0
1499,181285,5.0,2013-10-26,Male,Headphones,Philips,2011,Male,0
3338,2221,2.0,2013-10-27,Male,Headphones,Jabra,2013,Female,1
1469,32367,5.0,2013-10-27,Male,Headphones,Philips,2011,Male,1
1469,181488,4.0,2013-10-28,Male,Headphones,Philips,2011,Male,0
3338,141881,2.0,2013-10-28,Male,Headphones,Jabra,2013,,2
3338,67993,3.0,2013-10-28,Male,Headphones,Jabra,2013,Female,1
3338,56616,3.0,2013-10-29,Male,Headphones,Jabra,2013,Female,0
3338,31410,4.0,2013-10-31,Male,Headphones,Jabra,2013,,0
3338,182478,1.0,2013-10-31,Male,Headphones,Jabra,2013,,0
3338,182527,1.0,2013-11-01,Male,Headphones,Jabra,2013,,0
1728,182678,2.0,2013-11-01,Female&Male,Headphones,Jabra,2011,,0
3338,182814,4.0,2013-11-02,Male,Headphones,Jabra,2013,,0
3150,160498,4.0,2013-11-03,Male,Headphones,Philips,2013,,2
1499,182974,5.0,2013-11-03,Male,Headphones,Philips,2011,,0
1499,56449,4.0,2013-11-03,Male,Headphones,Philips,2011,,1
3338,183039,5.0,2013-11-03,Male,Headphones,Jabra,2013,,0
3461,183234,5.0,2013-11-04,Male,Headphones,Philips,2013,,0
1469,183235,5.0,2013-11-04,Male,Headphones,Philips,2011,,0
1728,183249,5.0,2013-11-04,Female&Male,Headphones,Jabra,2011,,0
1976,183275,4.0,2013-11-04,Female,Headphones,Philips,2012,,0
1466,183411,1.0,2013-11-04,Male,Headphones,Philips,2010,,0
1466,183638,1.0,2013-11-05,Male,Headphones,Philips,2010,Male,0
3338,66212,3.0,2013-11-06,Male,Headphones,Jabra,2013,Male,0
3338,183842,5.0,2013-11-06,Male,Headphones,Jabra,2013,,0
2900,37851,5.0,2013-11-07,Female&Male,Headphones,Jabra,2013,Female,1
3150,183957,1.0,2013-11-07,Male,Headphones,Philips,2013,,0
1469,183968,4.0,2013-11-07,Male,Headphones,Philips,2011,,0
3338,184053,1.0,2013-11-07,Male,Headphones,Jabra,2013,,0
3461,184175,1.0,2013-11-07,Male,Headphones,Philips,2013,,0
3150,184325,5.0,2013-11-08,Male,Headphones,Philips,2013,,0
1469,75744,5.0,2013-11-08,Male,Headphones,Philips,2011,Male,2
1499,184339,1.0,2013-11-08,Male,Headphones,Philips,2011,,0
1728,184367,1.0,2013-11-08,Female&Male,Headphones,Jabra,2011,,0
1728,184424,3.0,2013-11-08,Female&Male,Headphones,Jabra,2011,,0
3150,184533,4.0,2013-11-09,Male,Headphones,Philips,2013,,0
3150,184547,1.0,2013-11-09,Male,Headphones,Philips,2013,,0
3338,184571,5.0,2013-11-09,Male,Headphones,Jabra,2013,,0
3338,184651,3.0,2013-11-10,Male,Headphones,Jabra,2013,,0
3338,184653,5.0,2013-11-10,Male,Headphones,Jabra,2013,,0
1466,185009,3.0,2013-11-11,Male,Headphones,Philips,2010,,0
3461,185140,1.0,2013-11-12,Male,Headphones,Philips,2013,,0
1466,185471,5.0,2013-11-13,Male,Headphones,Philips,2010,,0
3338,54765,4.0,2013-11-13,Male,Headphones,Jabra,2013,Female,1
1728,185552,1.0,2013-11-13,Female&Male,Headphones,Jabra,2011,,0
3338,185564,5.0,2013-11-13,Male,Headphones,Jabra,2013,,0
3461,185583,4.0,2013-11-13,Male,Headphones,Philips,2013,,0
3338,185721,2.0,2013-11-14,Male,Headphones,Jabra,2013,Male,0
1466,186103,5.0,2013-11-15,Male,Headphones,Philips,2010,,0
3461,186140,5.0,2013-11-16,Male,Headphones,Philips,2013,,0
1469,186341,5.0,2013-11-16,Male,Headphones,Philips,2011,,0
2992,186392,5.0,2013-11-17,Male,Headphones,Philips,2013,,0
3150,186457,3.0,2013-11-17,Male,Headphones,Philips,2013,Male,0
3150,186466,4.0,2013-11-17,Male,Headphones,Philips,2013,Male,0
3606,186649,5.0,2013-11-18,Male,Headphones,Philips,2014,,0
3338,186671,1.0,2013-11-18,Male,Headphones,Jabra,2013,,0
1466,186879,5.0,2013-11-19,Male,Headphones,Philips,2010,,0
1499,16893,5.0,2013-11-20,Male,Headphones,Philips,2011,,2
3338,187345,3.0,2013-11-20,Male,Headphones,Jabra,2013,,0
3338,147538,3.0,2013-11-20,Male,Headphones,Jabra,2013,,2
3338,187402,3.0,2013-11-20,Male,Headphones,Jabra,2013,Female,0
1499,187501,5.0,2013-11-21,Male,Headphones,Philips,2011,,0
3461,187503,3.0,2013-11-21,Male,Headphones,Philips,2013,,0
2900,187591,4.0,2013-11-21,Female&Male,Headphones,Jabra,2013,,0
3338,187633,5.0,2013-11-21,Male,Headphones,Jabra,2013,,0
3338,163853,2.0,2013-11-21,Male,Headphones,Jabra,2013,Female,1
3338,49390,4.0,2013-11-21,Male,Headphones,Jabra,2013,Male,0
3338,188707,2.0,2013-11-23,Male,Headphones,Jabra,2013,,0
2921,189112,1.0,2013-11-24,Male,Headphones,Jabra,2013,,0
2992,189149,1.0,2013-11-24,Male,Headphones,Philips,2013,Female,0
3338,189652,4.0,2013-11-25,Male,Headphones,Jabra,2013,,0
3338,189664,1.0,2013-11-25,Male,Headphones,Jabra,2013,,0
3461,40190,4.0,2013-11-25,Male,Headphones,Philips,2013,,2
3150,189833,1.0,2013-11-25,Male,Headphones,Philips,2013,,0
3150,190075,3.0,2013-11-26,Male,Headphones,Philips,2013,,0
3338,190465,2.0,2013-11-27,Male,Headphones,Jabra,2013,,0
1499,190789,3.0,2013-11-29,Male,Headphones,Philips,2011,Male,0
1499,190790,1.0,2013-11-29,Male,Headphones,Philips,2011,,0
1762,190836,5.0,2013-11-29,Male,Headphones,Philips,2013,,0
3338,190989,1.0,2013-11-30,Male,Headphones,Jabra,2013,,0
1469,191127,5.0,2013-11-30,Male,Headphones,Philips,2011,,0
3338,191291,1.0,2013-12-01,Male,Headphones,Jabra,2013,,0
236,191350,2.0,2013-12-01,Male,Headphones,Philips,2005,,0
3150,191422,4.0,2013-12-01,Male,Headphones,Philips,2013,,0
2992,191497,1.0,2013-12-01,Male,Headphones,Philips,2013,,0
3338,191599,5.0,2013-12-02,Male,Headphones,Jabra,2013,,0
1469,191660,4.0,2013-12-02,Male,Headphones,Philips,2011,,0
236,191709,1.0,2013-12-02,Male,Headphones,Philips,2005,,0
1499,192032,5.0,2013-12-03,Male,Headphones,Philips,2011,,0
1728,192158,1.0,2013-12-03,Female&Male,Headphones,Jabra,2011,,0
1469,192260,5.0,2013-12-03,Male,Headphones,Philips,2011,,0
1762,192366,5.0,2013-12-04,Male,Headphones,Philips,2013,,0
3150,192515,1.0,2013-12-04,Male,Headphones,Philips,2013,,0
1762,192900,5.0,2013-12-05,Male,Headphones,Philips,2013,,0
1499,193080,5.0,2013-12-06,Male,Headphones,Philips,2011,Male,0
1469,193799,5.0,2013-12-08,Male,Headphones,Philips,2011,,0
3338,193893,3.0,2013-12-08,Male,Headphones,Jabra,2013,,0
3150,152462,5.0,2013-12-08,Male,Headphones,Philips,2013,Male,0
236,194033,5.0,2013-12-08,Male,Headphones,Philips,2005,,0
3461,194090,5.0,2013-12-09,Male,Headphones,Philips,2013,,2
3461,194338,4.0,2013-12-09,Male,Headphones,Philips,2013,,0
3338,194564,1.0,2013-12-10,Male,Headphones,Jabra,2013,,0
3150,194711,3.0,2013-12-10,Male,Headphones,Philips,2013,,0
3150,195354,1.0,2013-12-12,Male,Headphones,Philips,2013,,0
3700,195438,4.0,2013-12-12,Male,Headphones,Philips,2014,Male,0
3700,195659,4.0,2013-12-13,Male,Headphones,Philips,2014,,0
3338,196078,2.0,2013-12-14,Male,Headphones,Jabra,2013,,0
1499,196457,1.0,2013-12-15,Male,Headphones,Philips,2011,,0
3338,196631,4.0,2013-12-16,Male,Headphones,Jabra,2013,,0
3461,197695,5.0,2013-12-18,Male,Headphones,Philips,2013,,0
1499,197769,3.0,2013-12-19,Male,Headphones,Philips,2011,,0
3338,197942,2.0,2013-12-19,Male,Headphones,Jabra,2013,,0
1469,198033,5.0,2013-12-19,Male,Headphones,Philips,2011,,0
3338,198266,3.0,2013-12-20,Male,Headphones,Jabra,2013,,0
3461,198547,3.0,2013-12-21,Male,Headphones,Philips,2013,,0
3461,198825,5.0,2013-12-22,Male,Headphones,Philips,2013,,0
3338,199267,1.0,2013-12-23,Male,Headphones,Jabra,2013,,0
3439,199454,5.0,2013-12-24,Male,Headphones,Philips,2014,,0
3338,199500,2.0,2013-12-24,Male,Headphones,Jabra,2013,,0
3461,199620,2.0,2013-12-24,Male,Headphones,Philips,2013,,0
3338,200087,5.0,2013-12-26,Male,Headphones,Jabra,2013,,0
1466,200111,2.0,2013-12-26,Male,Headphones,Philips,2010,,0
3700,200502,5.0,2013-12-27,Male,Headphones,Philips,2014,,0
1499,200674,1.0,2013-12-27,Male,Headphones,Philips,2011,,0
3461,200695,4.0,2013-12-27,Male,Headphones,Philips,2013,,0
3338,201336,2.0,2013-12-28,Male,Headphones,Jabra,2013,,0
3338,201690,3.0,2013-12-29,Male,Headphones,Jabra,2013,,0
3150,202274,4.0,2013-12-30,Male,Headphones,Philips,2013,,0
1499,202595,5.0,2013-12-30,Male,Headphones,Philips,2011,Male,0
3338,203299,4.0,2013-12-31,Male,Headphones,Jabra,2013,,0
3338,203305,5.0,2013-12-31,Male,Headphones,Jabra,2013,Male,0
1499,203351,1.0,2013-12-31,Male,Headphones,Philips,2011,,0
3461,203468,4.0,2014-01-01,Male,Headphones,Philips,2013,,0
3338,203539,5.0,2014-01-01,Male,Headphones,Jabra,2013,,0
3338,203546,4.0,2014-01-01,Male,Headphones,Jabra,2013,Female,0
1499,204019,4.0,2014-01-02,Male,Headphones,Philips,2011,Female,0
1728,204204,1.0,2014-01-02,Female&Male,Headphones,Jabra,2011,,0
3338,204237,5.0,2014-01-02,Male,Headphones,Jabra,2013,,0
3338,204332,1.0,2014-01-02,Male,Headphones,Jabra,2013,,0
1469,204581,2.0,2014-01-03,Male,Headphones,Philips,2011,,0
1469,204583,5.0,2014-01-03,Male,Headphones,Philips,2011,,0
1728,204596,1.0,2014-01-03,Female&Male,Headphones,Jabra,2011,,0
3461,204719,5.0,2014-01-03,Male,Headphones,Philips,2013,,0
3338,205120,1.0,2014-01-03,Male,Headphones,Jabra,2013,,0
3338,205461,1.0,2014-01-04,Male,Headphones,Jabra,2013,,0
3150,205836,5.0,2014-01-04,Male,Headphones,Philips,2013,,0
3461,205905,4.0,2014-01-05,Male,Headphones,Philips,2013,,0
3461,205906,5.0,2014-01-05,Male,Headphones,Philips,2013,,0
3820,206056,1.0,2014-01-05,Male,Headphones,Philips,2014,,0
3338,206183,5.0,2014-01-05,Male,Headphones,Jabra,2013,,0
1728,206275,3.0,2014-01-06,Female&Male,Headphones,Jabra,2011,Female,1
3150,206626,5.0,2014-01-06,Male,Headphones,Philips,2013,,0
3338,207264,4.0,2014-01-07,Male,Headphones,Jabra,2013,,0
3700,207544,3.0,2014-01-07,Male,Headphones,Philips,2014,,0
1728,207707,2.0,2014-01-08,Female&Male,Headphones,Jabra,2011,,0
3338,207775,5.0,2014-01-08,Male,Headphones,Jabra,2013,,0
3338,207816,3.0,2014-01-08,Male,Headphones,Jabra,2013,Male,0
3461,207934,5.0,2014-01-08,Male,Headphones,Philips,2013,,0
3150,207997,1.0,2014-01-08,Male,Headphones,Philips,2013,,0
3338,208593,3.0,2014-01-09,Male,Headphones,Jabra,2013,,0
1499,208751,1.0,2014-01-10,Male,Headphones,Philips,2011,,0
3150,208768,5.0,2014-01-10,Male,Headphones,Philips,2013,Male,0
3461,208862,4.0,2014-01-10,Male,Headphones,Philips,2013,Male,0
3461,208863,5.0,2014-01-10,Male,Headphones,Philips,2013,,0
3700,209184,5.0,2014-01-10,Male,Headphones,Philips,2014,,0
3338,209370,5.0,2014-01-11,Male,Headphones,Jabra,2013,,0
3338,209379,5.0,2014-01-11,Male,Headphones,Jabra,2013,,0
1762,209419,5.0,2014-01-11,Male,Headphones,Philips,2013,,0
3700,209486,4.0,2014-01-11,Male,Headphones,Philips,2014,Male,0
3606,209770,5.0,2014-01-12,Male,Headphones,Philips,2014,,0
1499,209982,5.0,2014-01-12,Male,Headphones,Philips,2011,,0
3461,210009,4.0,2014-01-12,Male,Headphones,Philips,2013,,0
3338,210113,1.0,2014-01-13,Male,Headphones,Jabra,2013,,0
3338,210178,5.0,2014-01-13,Male,Headphones,Jabra,2013,Male,0
3150,210279,5.0,2014-01-13,Male,Headphones,Philips,2013,,0
2900,210446,3.0,2014-01-13,Female&Male,Headphones,Jabra,2013,,0
1469,210566,5.0,2014-01-13,Male,Headphones,Philips,2011,,0
3461,210618,5.0,2014-01-14,Male,Headphones,Philips,2013,,0
3150,210816,2.0,2014-01-14,Male,Headphones,Philips,2013,,0
3338,211118,2.0,2014-01-14,Male,Headphones,Jabra,2013,,0
2992,211236,1.0,2014-01-15,Male,Headphones,Philips,2013,,0
3150,211414,4.0,2014-01-15,Male,Headphones,Philips,2013,,0
3150,211415,5.0,2014-01-15,Male,Headphones,Philips,2013,,0
3338,109710,5.0,2014-01-15,Male,Headphones,Jabra,2013,Male,1
3150,211530,3.0,2014-01-15,Male,Headphones,Philips,2013,,0
1469,211617,3.0,2014-01-15,Male,Headphones,Philips,2011,,0
3461,211673,5.0,2014-01-16,Male,Headphones,Philips,2013,,0
3483,211687,4.0,2014-01-16,Male,Headphones,Philips,2018,,0
3461,211724,4.0,2014-01-16,Male,Headphones,Philips,2013,,0
3338,212017,3.0,2014-01-16,Male,Headphones,Jabra,2013,Female,0
1499,212113,5.0,2014-01-17,Male,Headphones,Philips,2011,,0
3820,212116,5.0,2014-01-17,Male,Headphones,Philips,2014,,0
2921,212442,2.0,2014-01-17,Male,Headphones,Jabra,2013,,0
3150,212849,4.0,2014-01-19,Male,Headphones,Philips,2013,,2
3461,213246,5.0,2014-01-19,Male,Headphones,Philips,2013,,0
3338,97393,2.0,2014-01-20,Male,Headphones,Jabra,2013,,2
3150,213661,2.0,2014-01-20,Male,Headphones,Philips,2013,,0
2900,213769,5.0,2014-01-21,Female&Male,Headphones,Jabra,2013,Male,0
3150,214191,4.0,2014-01-21,Male,Headphones,Philips,2013,,0
3606,214343,5.0,2014-01-22,Male,Headphones,Philips,2014,,0
3606,214344,5.0,2014-01-22,Male,Headphones,Philips,2014,,0
3150,214610,5.0,2014-01-22,Male,Headphones,Philips,2013,,0
3150,214611,1.0,2014-01-22,Male,Headphones,Philips,2013,,0
3150,214612,5.0,2014-01-22,Male,Headphones,Philips,2013,,0
3606,214689,5.0,2014-01-23,Male,Headphones,Philips,2014,,0
3606,214724,3.0,2014-01-23,Male,Headphones,Philips,2014,,0
3338,214823,5.0,2014-01-23,Male,Headphones,Jabra,2013,,0
3338,214846,2.0,2014-01-23,Male,Headphones,Jabra,2013,,0
3461,214859,5.0,2014-01-23,Male,Headphones,Philips,2013,,0
3461,215254,4.0,2014-01-24,Male,Headphones,Philips,2013,,0
3606,215419,3.0,2014-01-24,Male,Headphones,Philips,2014,Male,0
3606,215433,4.0,2014-01-24,Male,Headphones,Philips,2014,,0
1499,215492,5.0,2014-01-25,Male,Headphones,Philips,2011,,0
3461,215497,3.0,2014-01-25,Male,Headphones,Philips,2013,,0
3338,215957,4.0,2014-01-26,Male,Headphones,Jabra,2013,,0
236,216192,5.0,2014-01-27,Male,Headphones,Philips,2005,,0
3150,7354,5.0,2014-01-27,Male,Headphones,Philips,2013,,2
3606,216356,3.0,2014-01-27,Male,Headphones,Philips,2014,,0
1469,216370,5.0,2014-01-27,Male,Headphones,Philips,2011,,0
1728,216596,3.0,2014-01-28,Female&Male,Headphones,Jabra,2011,,0
547,216749,5.0,2014-01-28,Male,Headphones,Philips,2007,,0
1469,216819,5.0,2014-01-28,Male,Headphones,Philips,2011,,0
3439,216829,5.0,2014-01-28,Male,Headphones,Philips,2014,,0
3150,216860,1.0,2014-01-28,Male,Headphones,Philips,2013,,0
3150,216861,5.0,2014-01-28,Male,Headphones,Philips,2013,,0
1499,109881,5.0,2014-01-28,Male,Headphones,Philips,2011,,2
3338,217093,1.0,2014-01-29,Male,Headphones,Jabra,2013,,0
1728,217177,4.0,2014-01-29,Female&Male,Headphones,Jabra,2011,,0
3606,217209,3.0,2014-01-29,Male,Headphones,Philips,2014,,0
3606,217210,5.0,2014-01-29,Male,Headphones,Philips,2014,,0
3461,217232,4.0,2014-01-29,Male,Headphones,Philips,2013,,0
3150,217501,5.0,2014-01-30,Male,Headphones,Philips,2013,,0
3461,217510,1.0,2014-01-30,Male,Headphones,Philips,2013,,0
1469,217876,5.0,2014-01-31,Male,Headphones,Philips,2011,Female,2
3461,218304,2.0,2014-02-01,Male,Headphones,Philips,2013,,0
3338,218358,1.0,2014-02-01,Male,Headphones,Jabra,2013,,0
1469,218551,4.0,2014-02-02,Male,Headphones,Philips,2011,,0
3338,219104,5.0,2014-02-03,Male,Headphones,Jabra,2013,,0
3150,219123,2.0,2014-02-03,Male,Headphones,Philips,2013,,0
3338,219357,1.0,2014-02-04,Male,Headphones,Jabra,2013,,0
3700,219501,5.0,2014-02-04,Male,Headphones,Philips,2014,,0
3606,219631,5.0,2014-02-04,Male,Headphones,Philips,2014,,0
3150,219670,4.0,2014-02-05,Male,Headphones,Philips,2013,,0
1762,219842,5.0,2014-02-05,Male,Headphones,Philips,2013,,0
1728,219947,2.0,2014-02-05,Female&Male,Headphones,Jabra,2011,,0
3150,220254,1.0,2014-02-06,Male,Headphones,Philips,2013,,0
3338,220258,5.0,2014-02-06,Male,Headphones,Jabra,2013,,0
1469,220261,3.0,2014-02-06,Male,Headphones,Philips,2011,,0
3461,220453,3.0,2014-02-07,Male,Headphones,Philips,2013,,0
3338,220619,3.0,2014-02-07,Male,Headphones,Jabra,2013,,0
3150,220728,5.0,2014-02-07,Male,Headphones,Philips,2013,,0
3150,220730,1.0,2014-02-07,Male,Headphones,Philips,2013,,0
3338,220762,4.0,2014-02-08,Male,Headphones,Jabra,2013,,0
1466,220796,4.0,2014-02-08,Male,Headphones,Philips,2010,,0
3338,220874,3.0,2014-02-08,Male,Headphones,Jabra,2013,,0
2921,221160,5.0,2014-02-09,Male,Headphones,Jabra,2013,,0
1469,221397,3.0,2014-02-09,Male,Headphones,Philips,2011,,0
3150,221590,5.0,2014-02-10,Male,Headphones,Philips,2013,,0
1499,221472,5.0,2014-02-10,Male,Headphones,Philips,2011,,2
3461,222000,3.0,2014-02-11,Male,Headphones,Philips,2013,,0
3461,222004,4.0,2014-02-11,Male,Headphones,Philips,2013,,0
3461,222006,3.0,2014-02-11,Male,Headphones,Philips,2013,,0
3439,222034,4.0,2014-02-11,Male,Headphones,Philips,2014,,0
1469,222824,4.0,2014-02-13,Male,Headphones,Philips,2011,,0
3150,223876,3.0,2014-02-16,Male,Headphones,Philips,2013,,0
3150,223880,4.0,2014-02-16,Male,Headphones,Philips,2013,,0
3461,224163,1.0,2014-02-17,Male,Headphones,Philips,2013,,0
3338,224215,1.0,2014-02-17,Male,Headphones,Jabra,2013,,0
1466,224298,5.0,2014-02-17,Male,Headphones,Philips,2010,Male,0
3150,218344,5.0,2014-02-18,Male,Headphones,Philips,2013,,2
3338,224561,1.0,2014-02-18,Male,Headphones,Jabra,2013,,0
3150,224658,4.0,2014-02-18,Male,Headphones,Philips,2013,,0
3338,225139,5.0,2014-02-19,Male,Headphones,Jabra,2013,,0
3338,225348,1.0,2014-02-20,Male,Headphones,Jabra,2013,,0
3606,225563,1.0,2014-02-20,Male,Headphones,Philips,2014,,0
3700,190889,3.0,2014-02-21,Male,Headphones,Philips,2014,,2
3150,226121,3.0,2014-02-21,Male,Headphones,Philips,2013,,0
3150,226122,5.0,2014-02-21,Male,Headphones,Philips,2013,,0
3150,226204,5.0,2014-02-22,Male,Headphones,Philips,2013,Male,0
3150,226507,4.0,2014-02-23,Male,Headphones,Philips,2013,,0
3461,226510,5.0,2014-02-23,Male,Headphones,Philips,2013,,0
3150,226838,5.0,2014-02-24,Male,Headphones,Philips,2013,,0
3606,227221,5.0,2014-02-24,Male,Headphones,Philips,2014,,0
3606,227273,3.0,2014-02-25,Male,Headphones,Philips,2014,,0
547,227475,5.0,2014-02-25,Male,Headphones,Philips,2007,,0
3338,227590,4.0,2014-02-25,Male,Headphones,Jabra,2013,,0
3150,227773,4.0,2014-02-26,Male,Headphones,Philips,2013,,0
3338,227794,5.0,2014-02-26,Male,Headphones,Jabra,2013,,0
2900,227999,5.0,2014-02-27,Female&Male,Headphones,Jabra,2013,,0
2900,228023,5.0,2014-02-27,Female&Male,Headphones,Jabra,2013,,0
547,228146,5.0,2014-02-27,Male,Headphones,Philips,2007,,0
1728,228158,4.0,2014-02-27,Female&Male,Headphones,Jabra,2011,,0
1499,228317,2.0,2014-02-27,Male,Headphones,Philips,2011,,0
1499,228383,5.0,2014-02-28,Male,Headphones,Philips,2011,,0
3150,228587,1.0,2014-02-28,Male,Headphones,Philips,2013,,0
3338,129942,2.0,2014-02-28,Male,Headphones,Jabra,2013,,2
3338,228626,1.0,2014-02-28,Male,Headphones,Jabra,2013,,0
3461,228711,2.0,2014-03-01,Male,Headphones,Philips,2013,,0
3461,228712,5.0,2014-03-01,Male,Headphones,Philips,2013,,0
1469,228835,2.0,2014-03-01,Male,Headphones,Philips,2011,Female,0
3338,229058,5.0,2014-03-02,Male,Headphones,Jabra,2013,,0
3461,229237,1.0,2014-03-02,Male,Headphones,Philips,2013,Male,0
3338,229487,3.0,2014-03-03,Male,Headphones,Jabra,2013,,0
3461,229514,1.0,2014-03-03,Male,Headphones,Philips,2013,,0
3461,229515,4.0,2014-03-03,Male,Headphones,Philips,2013,,0
1728,229639,2.0,2014-03-03,Female&Male,Headphones,Jabra,2011,,0
1499,230045,3.0,2014-03-04,Male,Headphones,Philips,2011,,0
3606,230331,5.0,2014-03-05,Male,Headphones,Philips,2014,,0
3606,230332,1.0,2014-03-05,Male,Headphones,Philips,2014,,0
1469,230579,5.0,2014-03-05,Male,Headphones,Philips,2011,Male,0
3150,230849,5.0,2014-03-06,Male,Headphones,Philips,2013,,0
3461,231241,5.0,2014-03-07,Male,Headphones,Philips,2013,,0
3338,231550,1.0,2014-03-08,Male,Headphones,Jabra,2013,,0
3338,231570,4.0,2014-03-08,Male,Headphones,Jabra,2013,,0
3461,231577,4.0,2014-03-08,Male,Headphones,Philips,2013,,0
3338,231657,3.0,2014-03-09,Male,Headphones,Jabra,2013,,0
3338,231661,2.0,2014-03-09,Male,Headphones,Jabra,2013,,0
3150,232382,3.0,2014-03-11,Male,Headphones,Philips,2013,,0
3338,232396,2.0,2014-03-11,Male,Headphones,Jabra,2013,,0
3820,232463,5.0,2014-03-11,Male,Headphones,Philips,2014,,0
236,103808,3.0,2014-03-12,Male,Headphones,Philips,2005,Male,0
3461,233003,5.0,2014-03-12,Male,Headphones,Philips,2013,,0
1728,233804,1.0,2014-03-15,Female&Male,Headphones,Jabra,2011,Male,0
1728,233805,5.0,2014-03-15,Female&Male,Headphones,Jabra,2011,,0
3439,233817,1.0,2014-03-15,Male,Headphones,Philips,2014,,0
3461,233992,4.0,2014-03-15,Male,Headphones,Philips,2013,,0
3338,234100,5.0,2014-03-16,Male,Headphones,Jabra,2013,Male,0
3338,234101,3.0,2014-03-16,Male,Headphones,Jabra,2013,,0
3338,234102,5.0,2014-03-16,Male,Headphones,Jabra,2013,,0
3338,234103,5.0,2014-03-16,Male,Headphones,Jabra,2013,,0
3150,234305,5.0,2014-03-16,Male,Headphones,Philips,2013,,0
4128,234561,3.0,2014-03-17,Female,Headphones,Jabra,2014,,0
3461,235028,5.0,2014-03-18,Male,Headphones,Philips,2013,,0
3606,235114,4.0,2014-03-19,Male,Headphones,Philips,2014,,0
3461,235267,3.0,2014-03-19,Male,Headphones,Philips,2013,,0
3338,235605,4.0,2014-03-20,Male,Headphones,Jabra,2013,,0
3338,235631,1.0,2014-03-20,Male,Headphones,Jabra,2013,,0
3461,235849,5.0,2014-03-20,Male,Headphones,Philips,2013,,0
1469,236135,1.0,2014-03-21,Male,Headphones,Philips,2011,,0
1469,236762,2.0,2014-03-23,Male,Headphones,Philips,2011,,0
3606,237458,5.0,2014-03-25,Male,Headphones,Philips,2014,Male,0
3338,237675,2.0,2014-03-26,Male,Headphones,Jabra,2013,,0
3150,237934,4.0,2014-03-27,Male,Headphones,Philips,2013,,0
3338,237944,5.0,2014-03-27,Male,Headphones,Jabra,2013,,0
3338,238036,3.0,2014-03-27,Male,Headphones,Jabra,2013,,0
4128,238061,3.0,2014-03-27,Female,Headphones,Jabra,2014,Male,0
3338,238087,2.0,2014-03-27,Male,Headphones,Jabra,2013,,0
3700,212381,3.0,2014-03-27,Male,Headphones,Philips,2014,Male,0
1466,238572,5.0,2014-03-29,Male,Headphones,Philips,2010,,0
3606,238660,4.0,2014-03-29,Male,Headphones,Philips,2014,,0
3150,238729,1.0,2014-03-29,Male,Headphones,Philips,2013,,0
1499,238745,5.0,2014-03-29,Male,Headphones,Philips,2011,,0
3150,238747,5.0,2014-03-29,Male,Headphones,Philips,2013,,0
3150,238813,5.0,2014-03-29,Male,Headphones,Philips,2013,Female,0
3150,238825,5.0,2014-03-30,Male,Headphones,Philips,2013,,0
3338,239093,2.0,2014-03-30,Male,Headphones,Jabra,2013,,0
3338,239127,2.0,2014-03-31,Male,Headphones,Jabra,2013,,0
3338,239129,5.0,2014-03-31,Male,Headphones,Jabra,2013,,0
3150,239360,2.0,2014-03-31,Male,Headphones,Philips,2013,,0
2921,239394,3.0,2014-03-31,Male,Headphones,Jabra,2013,,0
3461,239418,5.0,2014-03-31,Male,Headphones,Philips,2013,,0
3338,239612,3.0,2014-04-01,Male,Headphones,Jabra,2013,,0
1469,239627,5.0,2014-04-01,Male,Headphones,Philips,2011,,0
236,239689,4.0,2014-04-01,Male,Headphones,Philips,2005,,0
1728,240016,5.0,2014-04-02,Female&Male,Headphones,Jabra,2011,,0
3461,240179,1.0,2014-04-03,Male,Headphones,Philips,2013,,0
3461,240284,3.0,2014-04-03,Male,Headphones,Philips,2013,,0
3338,240374,1.0,2014-04-03,Male,Headphones,Jabra,2013,Female,0
3338,240619,2.0,2014-04-04,Male,Headphones,Jabra,2013,,0
3338,240638,3.0,2014-04-04,Male,Headphones,Jabra,2013,,0
3150,240718,5.0,2014-04-04,Male,Headphones,Philips,2013,,0
3338,240759,5.0,2014-04-04,Male,Headphones,Jabra,2013,,0
3338,240963,2.0,2014-04-05,Male,Headphones,Jabra,2013,,0
3820,241015,5.0,2014-04-05,Male,Headphones,Philips,2014,,0
3461,241042,5.0,2014-04-06,Male,Headphones,Philips,2013,,0
3338,241279,3.0,2014-04-06,Male,Headphones,Jabra,2013,Female,0
3150,241283,1.0,2014-04-06,Male,Headphones,Philips,2013,,0
3338,241855,4.0,2014-04-08,Male,Headphones,Jabra,2013,,0
3338,241857,1.0,2014-04-08,Male,Headphones,Jabra,2013,,0
3338,241858,3.0,2014-04-08,Male,Headphones,Jabra,2013,,0
3150,241862,5.0,2014-04-08,Male,Headphones,Philips,2013,,0
3338,160366,5.0,2014-04-08,Male,Headphones,Jabra,2013,,2
3461,241926,5.0,2014-04-08,Male,Headphones,Philips,2013,,0
3461,241927,5.0,2014-04-08,Male,Headphones,Philips,2013,,0
1469,242645,5.0,2014-04-10,Male,Headphones,Philips,2011,Male,0
3461,242897,1.0,2014-04-11,Male,Headphones,Philips,2013,,0
3461,64244,4.0,2014-04-11,Male,Headphones,Philips,2013,Female,2
3338,242959,3.0,2014-04-11,Male,Headphones,Jabra,2013,,0
3338,243013,4.0,2014-04-12,Male,Headphones,Jabra,2013,,0
3338,243044,1.0,2014-04-12,Male,Headphones,Jabra,2013,,0
3338,243055,2.0,2014-04-12,Male,Headphones,Jabra,2013,,0
3338,243057,3.0,2014-04-12,Male,Headphones,Jabra,2013,,0
3150,243074,5.0,2014-04-12,Male,Headphones,Philips,2013,,0
3338,243113,4.0,2014-04-12,Male,Headphones,Jabra,2013,,0
4128,243118,3.0,2014-04-12,Female,Headphones,Jabra,2014,,0
1728,149031,3.0,2014-04-12,Female&Male,Headphones,Jabra,2011,,1
1469,243228,4.0,2014-04-12,Male,Headphones,Philips,2011,,0
3338,243916,2.0,2014-04-15,Male,Headphones,Jabra,2013,,0
3338,243919,1.0,2014-04-15,Male,Headphones,Jabra,2013,,0
3338,243923,1.0,2014-04-15,Male,Headphones,Jabra,2013,,0
3461,244032,3.0,2014-04-15,Male,Headphones,Philips,2013,,0
3338,244241,5.0,2014-04-16,Male,Headphones,Jabra,2013,,0
4128,244321,5.0,2014-04-16,Female,Headphones,Jabra,2014,Female,0
3338,244629,4.0,2014-04-17,Male,Headphones,Jabra,2013,,0
4128,244861,4.0,2014-04-17,Female,Headphones,Jabra,2014,,0
2921,244945,3.0,2014-04-18,Male,Headphones,Jabra,2013,,0
2992,245108,4.0,2014-04-18,Male,Headphones,Philips,2013,,0
3338,245121,5.0,2014-04-18,Male,Headphones,Jabra,2013,,0
3338,245122,2.0,2014-04-18,Male,Headphones,Jabra,2013,,0
3338,245195,5.0,2014-04-19,Male,Headphones,Jabra,2013,,0
4128,245261,2.0,2014-04-19,Female,Headphones,Jabra,2014,,0
3150,245349,2.0,2014-04-19,Male,Headphones,Philips,2013,,0
3338,245604,3.0,2014-04-20,Male,Headphones,Jabra,2013,,0
3461,245620,5.0,2014-04-21,Male,Headphones,Philips,2013,,0
3150,246240,3.0,2014-04-22,Male,Headphones,Philips,2013,,0
3461,246254,2.0,2014-04-22,Male,Headphones,Philips,2013,Male,0
4128,26388,5.0,2014-04-23,Female,Headphones,Jabra,2014,,0
3338,246685,4.0,2014-04-24,Male,Headphones,Jabra,2013,,0
3338,246717,3.0,2014-04-24,Male,Headphones,Jabra,2013,,0
4128,1108,4.0,2014-04-24,Female,Headphones,Jabra,2014,,2
1499,247139,5.0,2014-04-25,Male,Headphones,Philips,2011,,0
3338,247326,5.0,2014-04-25,Male,Headphones,Jabra,2013,,0
4128,64672,4.0,2014-04-26,Female,Headphones,Jabra,2014,Female,1
3150,247730,3.0,2014-04-27,Male,Headphones,Philips,2013,,0
3338,247789,5.0,2014-04-27,Male,Headphones,Jabra,2013,,0
3338,247944,2.0,2014-04-28,Male,Headphones,Jabra,2013,,0
4128,248045,4.0,2014-04-28,Female,Headphones,Jabra,2014,,0
3461,248056,5.0,2014-04-28,Male,Headphones,Philips,2013,Male,0
3461,248057,3.0,2014-04-28,Male,Headphones,Philips,2013,,0
1466,248095,3.0,2014-04-28,Male,Headphones,Philips,2010,,0
3606,248308,5.0,2014-04-29,Male,Headphones,Philips,2014,Male,0
3461,248546,3.0,2014-04-29,Male,Headphones,Philips,2013,,0
3338,248630,2.0,2014-04-30,Male,Headphones,Jabra,2013,Male,0
3338,248689,5.0,2014-04-30,Male,Headphones,Jabra,2013,,0
3150,248748,5.0,2014-04-30,Male,Headphones,Philips,2013,,0
3338,153519,1.0,2014-05-01,Male,Headphones,Jabra,2013,,2
4128,30314,4.0,2014-05-01,Female,Headphones,Jabra,2014,,2
3150,249127,4.0,2014-05-01,Male,Headphones,Philips,2013,Male,0
3461,249320,4.0,2014-05-02,Male,Headphones,Philips,2013,,0
3338,249411,2.0,2014-05-02,Male,Headphones,Jabra,2013,,0
3461,249464,5.0,2014-05-03,Male,Headphones,Philips,2013,,0
4128,97864,3.0,2014-05-03,Female,Headphones,Jabra,2014,Male,2
3338,249641,4.0,2014-05-03,Male,Headphones,Jabra,2013,,0
3700,249680,3.0,2014-05-03,Male,Headphones,Philips,2014,,0
3338,249688,4.0,2014-05-04,Male,Headphones,Jabra,2013,,0
3150,249753,3.0,2014-05-04,Male,Headphones,Philips,2013,,0
3150,250041,5.0,2014-05-05,Male,Headphones,Philips,2013,,0
3439,250071,5.0,2014-05-05,Male,Headphones,Philips,2014,,0
3461,250182,5.0,2014-05-05,Male,Headphones,Philips,2013,,0
3461,250359,5.0,2014-05-06,Male,Headphones,Philips,2013,,0
3338,250369,3.0,2014-05-06,Male,Headphones,Jabra,2013,,0
3150,250543,5.0,2014-05-06,Male,Headphones,Philips,2013,,0
3439,250725,3.0,2014-05-07,Male,Headphones,Philips,2014,Male,0
3150,250853,4.0,2014-05-07,Male,Headphones,Philips,2013,,0
3461,251100,5.0,2014-05-08,Male,Headphones,Philips,2013,Male,0
3461,251103,5.0,2014-05-08,Male,Headphones,Philips,2013,,0
3338,251106,1.0,2014-05-08,Male,Headphones,Jabra,2013,,0
3338,251119,1.0,2014-05-08,Male,Headphones,Jabra,2013,,0
3338,251420,2.0,2014-05-09,Male,Headphones,Jabra,2013,,0
3338,251748,5.0,2014-05-10,Male,Headphones,Jabra,2013,,0
3820,136808,5.0,2014-05-11,Male,Headphones,Philips,2014,,2
3338,252032,5.0,2014-05-11,Male,Headphones,Jabra,2013,,0
3338,61415,2.0,2014-05-13,Male,Headphones,Jabra,2013,,1
3700,252433,4.0,2014-05-13,Male,Headphones,Philips,2014,,0
1758,252694,4.0,2014-05-13,Male,Headphones,Jabra,2011,,0
3338,252960,1.0,2014-05-14,Male,Headphones,Jabra,2013,,0
4128,252994,4.0,2014-05-14,Female,Headphones,Jabra,2014,Male,0
4128,13746,4.0,2014-05-14,Female,Headphones,Jabra,2014,Male,0
4128,253007,4.0,2014-05-14,Female,Headphones,Jabra,2014,Female,0
4128,253105,5.0,2014-05-15,Female,Headphones,Jabra,2014,Female,0
4128,49316,5.0,2014-05-15,Female,Headphones,Jabra,2014,Male,1
4128,39848,4.0,2014-05-15,Female,Headphones,Jabra,2014,,0
3338,253133,1.0,2014-05-15,Male,Headphones,Jabra,2013,,0
3338,253165,4.0,2014-05-15,Male,Headphones,Jabra,2013,,0
4128,253360,5.0,2014-05-15,Female,Headphones,Jabra,2014,Male,0
4128,5183,5.0,2014-05-15,Female,Headphones,Jabra,2014,Female,0
4128,253362,4.0,2014-05-15,Female,Headphones,Jabra,2014,,0
4128,85486,5.0,2014-05-15,Female,Headphones,Jabra,2014,Male,0
3461,253375,5.0,2014-05-15,Male,Headphones,Philips,2013,,0
1728,253472,1.0,2014-05-16,Female&Male,Headphones,Jabra,2011,,0
3150,253572,2.0,2014-05-16,Male,Headphones,Philips,2013,,0
3461,253606,4.0,2014-05-16,Male,Headphones,Philips,2013,,0
2900,253804,5.0,2014-05-17,Female&Male,Headphones,Jabra,2013,Male,0
3700,253859,2.0,2014-05-17,Male,Headphones,Philips,2014,,0
3338,253965,1.0,2014-05-17,Male,Headphones,Jabra,2013,,0
3820,253979,4.0,2014-05-17,Male,Headphones,Philips,2014,,0
3461,254091,5.0,2014-05-18,Male,Headphones,Philips,2013,,0
3606,254199,5.0,2014-05-18,Male,Headphones,Philips,2014,,0
3338,254220,5.0,2014-05-18,Male,Headphones,Jabra,2013,,0
3461,254306,3.0,2014-05-19,Male,Headphones,Philips,2013,,0
3461,254307,5.0,2014-05-19,Male,Headphones,Philips,2013,,0
3338,254537,2.0,2014-05-19,Male,Headphones,Jabra,2013,,0
3150,254601,5.0,2014-05-19,Male,Headphones,Philips,2013,,0
3483,254730,2.0,2014-05-20,Male,Headphones,Philips,2018,,0
4128,3101,5.0,2014-05-22,Female,Headphones,Jabra,2014,Female,2
3606,255327,5.0,2014-05-22,Male,Headphones,Philips,2014,,0
4128,255333,4.0,2014-05-22,Female,Headphones,Jabra,2014,,0
3700,255690,5.0,2014-05-23,Male,Headphones,Philips,2014,Male,0
4128,4204,5.0,2014-05-23,Female,Headphones,Jabra,2014,Female,2
3461,255954,5.0,2014-05-24,Male,Headphones,Philips,2013,,0
3338,256118,3.0,2014-05-25,Male,Headphones,Jabra,2013,,0
3150,256208,3.0,2014-05-25,Male,Headphones,Philips,2013,,0
3461,256325,1.0,2014-05-26,Male,Headphones,Philips,2013,,0
3461,256327,4.0,2014-05-26,Male,Headphones,Philips,2013,,0
3338,256455,5.0,2014-05-26,Male,Headphones,Jabra,2013,Female,0
3150,256681,2.0,2014-05-27,Male,Headphones,Philips,2013,,0
3461,256875,5.0,2014-05-27,Male,Headphones,Philips,2013,,0
3461,257032,1.0,2014-05-28,Male,Headphones,Philips,2013,,0
4128,257155,4.0,2014-05-28,Female,Headphones,Jabra,2014,,0
1499,257176,5.0,2014-05-28,Male,Headphones,Philips,2011,,0
1499,257179,5.0,2014-05-28,Male,Headphones,Philips,2011,,0
3461,257263,3.0,2014-05-29,Male,Headphones,Philips,2013,,0
3338,90420,1.0,2014-05-29,Male,Headphones,Jabra,2013,Male,2
3461,257372,5.0,2014-05-29,Male,Headphones,Philips,2013,Female,0
3461,257373,2.0,2014-05-29,Male,Headphones,Philips,2013,,0
4416,257457,4.0,2014-05-29,Female,Headphones,Philips,2014,,0
3150,257584,2.0,2014-05-30,Male,Headphones,Philips,2013,,0
1466,257732,5.0,2014-05-30,Male,Headphones,Philips,2010,,0
4416,258268,4.0,2014-06-01,Female,Headphones,Philips,2014,,0
3461,258272,4.0,2014-06-01,Male,Headphones,Philips,2013,,0
3150,258273,1.0,2014-06-01,Male,Headphones,Philips,2013,,0
3338,258329,4.0,2014-06-01,Male,Headphones,Jabra,2013,,0
3461,258365,1.0,2014-06-01,Male,Headphones,Philips,2013,,0
3338,258667,2.0,2014-06-02,Male,Headphones,Jabra,2013,,0
3461,258714,5.0,2014-06-02,Male,Headphones,Philips,2013,,0
3461,258716,5.0,2014-06-02,Male,Headphones,Philips,2013,,0
3150,258993,1.0,2014-06-03,Male,Headphones,Philips,2013,,0
2614,186649,5.0,2014-06-03,Female,Headphones,Philips,2015,,2
3150,259102,4.0,2014-06-04,Male,Headphones,Philips,2013,,0
3150,259128,5.0,2014-06-04,Male,Headphones,Philips,2013,,0
3461,259192,4.0,2014-06-04,Male,Headphones,Philips,2013,,0
2900,259359,3.0,2014-06-04,Female&Male,Headphones,Jabra,2013,,0
3150,259519,3.0,2014-06-05,Male,Headphones,Philips,2013,,0
3338,259586,4.0,2014-06-05,Male,Headphones,Jabra,2013,,0
3338,259595,3.0,2014-06-05,Male,Headphones,Jabra,2013,,0
2900,259679,4.0,2014-06-05,Female&Male,Headphones,Jabra,2013,,0
3461,259765,5.0,2014-06-05,Male,Headphones,Philips,2013,,0
3150,260254,2.0,2014-06-07,Male,Headphones,Philips,2013,,0
3338,81833,5.0,2014-06-07,Male,Headphones,Jabra,2013,Male,0
3338,260345,2.0,2014-06-07,Male,Headphones,Jabra,2013,,0
3338,260666,5.0,2014-06-09,Male,Headphones,Jabra,2013,,0
3338,260667,1.0,2014-06-09,Male,Headphones,Jabra,2013,,0
1466,260690,2.0,2014-06-09,Male,Headphones,Philips,2010,,0
3150,260842,3.0,2014-06-09,Male,Headphones,Philips,2013,,0
3150,260843,2.0,2014-06-09,Male,Headphones,Philips,2013,,0
3461,260907,4.0,2014-06-09,Male,Headphones,Philips,2013,,0
3150,261587,2.0,2014-06-11,Male,Headphones,Philips,2013,,0
3150,261589,5.0,2014-06-11,Male,Headphones,Philips,2013,,0
4416,261690,5.0,2014-06-11,Female,Headphones,Philips,2014,,0
3150,227191,2.0,2014-06-12,Male,Headphones,Philips,2013,,1
3150,261731,1.0,2014-06-12,Male,Headphones,Philips,2013,,0
3150,261742,4.0,2014-06-12,Male,Headphones,Philips,2013,,0
3338,76424,5.0,2014-06-13,Male,Headphones,Jabra,2013,,0
3338,262074,4.0,2014-06-13,Male,Headphones,Jabra,2013,,0
4128,262213,4.0,2014-06-13,Female,Headphones,Jabra,2014,,0
1499,262680,3.0,2014-06-15,Male,Headphones,Philips,2011,,0
3150,262785,5.0,2014-06-15,Male,Headphones,Philips,2013,,0
3461,262871,4.0,2014-06-15,Male,Headphones,Philips,2013,,0
1499,263132,2.0,2014-06-16,Male,Headphones,Philips,2011,,0
3338,263271,4.0,2014-06-16,Male,Headphones,Jabra,2013,,0
3338,263275,5.0,2014-06-16,Male,Headphones,Jabra,2013,,0
4501,263312,5.0,2014-06-16,Female,Headphones,Apple,2014,,0
3338,263425,2.0,2014-06-17,Male,Headphones,Jabra,2013,Male,0
3150,263754,4.0,2014-06-18,Male,Headphones,Philips,2013,,0
4501,264017,5.0,2014-06-18,Female,Headphones,Apple,2014,,0
3461,264108,5.0,2014-06-19,Male,Headphones,Philips,2013,,0
3461,264120,2.0,2014-06-19,Male,Headphones,Philips,2013,,0
1728,264123,5.0,2014-06-19,Female&Male,Headphones,Jabra,2011,,0
3461,264124,4.0,2014-06-19,Male,Headphones,Philips,2013,,0
4128,9770,3.0,2014-06-19,Female,Headphones,Jabra,2014,,2
3461,264459,3.0,2014-06-20,Male,Headphones,Philips,2013,Female,0
3461,264460,4.0,2014-06-20,Male,Headphones,Philips,2013,Male,0
3150,264763,5.0,2014-06-21,Male,Headphones,Philips,2013,,0
3338,264798,5.0,2014-06-21,Male,Headphones,Jabra,2013,,0
3338,264804,3.0,2014-06-21,Male,Headphones,Jabra,2013,,0
3461,22602,5.0,2014-06-21,Male,Headphones,Philips,2013,,2
3461,68284,2.0,2014-06-22,Male,Headphones,Philips,2013,Male,2
3338,265240,4.0,2014-06-22,Male,Headphones,Jabra,2013,,0
3338,265241,3.0,2014-06-22,Male,Headphones,Jabra,2013,,0
3338,265574,4.0,2014-06-23,Male,Headphones,Jabra,2013,,0
1499,265636,5.0,2014-06-23,Male,Headphones,Philips,2011,,0
4501,265904,4.0,2014-06-24,Female,Headphones,Apple,2014,,0
4501,266215,5.0,2014-06-25,Female,Headphones,Apple,2014,,0
4501,266225,5.0,2014-06-25,Female,Headphones,Apple,2014,,0
3150,170759,5.0,2014-06-26,Male,Headphones,Philips,2013,,2
3150,266462,1.0,2014-06-26,Male,Headphones,Philips,2013,,0
3338,266671,5.0,2014-06-27,Male,Headphones,Jabra,2013,,0
3338,266724,2.0,2014-06-27,Male,Headphones,Jabra,2013,,0
4128,266959,5.0,2014-06-27,Female,Headphones,Jabra,2014,Female,0
3150,267168,2.0,2014-06-28,Male,Headphones,Philips,2013,,0
3461,267171,1.0,2014-06-28,Male,Headphones,Philips,2013,,0
1466,267336,5.0,2014-06-29,Male,Headphones,Philips,2010,,0
3461,267855,5.0,2014-06-30,Male,Headphones,Philips,2013,,0
3461,267864,5.0,2014-06-30,Male,Headphones,Philips,2013,,0
3150,268173,4.0,2014-07-01,Male,Headphones,Philips,2013,,0
3338,268445,5.0,2014-07-02,Male,Headphones,Jabra,2013,,0
3461,268484,5.0,2014-07-02,Male,Headphones,Philips,2013,,0
3338,269238,2.0,2014-07-03,Male,Headphones,Jabra,2013,,0
3338,269240,1.0,2014-07-03,Male,Headphones,Jabra,2013,,0
3338,269246,5.0,2014-07-03,Male,Headphones,Jabra,2013,,0
3338,269976,1.0,2014-07-05,Male,Headphones,Jabra,2013,,0
3338,269978,5.0,2014-07-05,Male,Headphones,Jabra,2013,,0
3338,269984,1.0,2014-07-05,Male,Headphones,Jabra,2013,,0
3338,270020,2.0,2014-07-06,Male,Headphones,Jabra,2013,,0
3338,270078,5.0,2014-07-06,Male,Headphones,Jabra,2013,,0
3338,270574,4.0,2014-07-07,Male,Headphones,Jabra,2013,,0
3150,270669,4.0,2014-07-07,Male,Headphones,Philips,2013,,0
1466,271084,5.0,2014-07-08,Male,Headphones,Philips,2010,,0
4128,271096,5.0,2014-07-08,Female,Headphones,Jabra,2014,,0
1466,271166,1.0,2014-07-08,Male,Headphones,Philips,2010,,0
3338,271442,3.0,2014-07-09,Male,Headphones,Jabra,2013,,0
3150,271775,1.0,2014-07-09,Male,Headphones,Philips,2013,Female,0
3461,271800,4.0,2014-07-09,Male,Headphones,Philips,2013,,0
2900,74697,5.0,2014-07-10,Female&Male,Headphones,Jabra,2013,,0
3461,271908,3.0,2014-07-10,Male,Headphones,Philips,2013,,0
3461,271914,5.0,2014-07-10,Male,Headphones,Philips,2013,,0
1469,161159,3.0,2014-07-10,Male,Headphones,Philips,2011,,2
1728,272465,5.0,2014-07-11,Female&Male,Headphones,Jabra,2011,,0
3338,272501,3.0,2014-07-11,Male,Headphones,Jabra,2013,,0
3338,272878,4.0,2014-07-12,Male,Headphones,Jabra,2013,,0
3338,272879,1.0,2014-07-12,Male,Headphones,Jabra,2013,,0
3150,273218,3.0,2014-07-12,Male,Headphones,Philips,2013,,0
3150,273220,5.0,2014-07-12,Male,Headphones,Philips,2013,Male,0
3150,273224,5.0,2014-07-12,Male,Headphones,Philips,2013,,0
3150,273370,4.0,2014-07-13,Male,Headphones,Philips,2013,,0
3338,273528,5.0,2014-07-13,Male,Headphones,Jabra,2013,,0
3338,273537,2.0,2014-07-13,Male,Headphones,Jabra,2013,,0
3461,273697,5.0,2014-07-14,Male,Headphones,Philips,2013,,0
3338,273706,5.0,2014-07-14,Male,Headphones,Jabra,2013,,0
4501,274209,5.0,2014-07-14,Female,Headphones,Apple,2014,,0
2900,274507,4.0,2014-07-15,Female&Male,Headphones,Jabra,2013,,0
3150,274979,1.0,2014-07-16,Male,Headphones,Philips,2013,,0
3338,275108,5.0,2014-07-16,Male,Headphones,Jabra,2013,,0
1728,275361,4.0,2014-07-17,Female&Male,Headphones,Jabra,2011,,0
547,275416,1.0,2014-07-17,Male,Headphones,Philips,2007,,0
236,275576,2.0,2014-07-17,Male,Headphones,Philips,2005,,0
1728,276031,4.0,2014-07-18,Female&Male,Headphones,Jabra,2011,,0
1499,276039,4.0,2014-07-18,Male,Headphones,Philips,2011,,0
4501,276189,5.0,2014-07-19,Female,Headphones,Apple,2014,,0
3338,276199,4.0,2014-07-19,Male,Headphones,Jabra,2013,,0
3338,276200,3.0,2014-07-19,Male,Headphones,Jabra,2013,,0
3461,276584,5.0,2014-07-19,Male,Headphones,Philips,2013,,0
2900,276767,4.0,2014-07-20,Female&Male,Headphones,Jabra,2013,,0
3150,276821,1.0,2014-07-20,Male,Headphones,Philips,2013,,0
3338,276743,5.0,2014-07-20,Male,Headphones,Jabra,2013,,1
4501,277028,5.0,2014-07-20,Female,Headphones,Apple,2014,,0
1469,277459,5.0,2014-07-21,Male,Headphones,Philips,2011,,0
2900,277507,5.0,2014-07-21,Female&Male,Headphones,Jabra,2013,,0
4501,277553,5.0,2014-07-21,Female,Headphones,Apple,2014,,0
3150,277934,3.0,2014-07-22,Male,Headphones,Philips,2013,,0
1466,278163,3.0,2014-07-23,Male,Headphones,Philips,2010,,0
1469,278172,5.0,2014-07-23,Male,Headphones,Philips,2011,Male,0
3338,278272,4.0,2014-07-23,Male,Headphones,Jabra,2013,,0
3461,278341,4.0,2014-07-23,Male,Headphones,Philips,2013,,0
4128,278658,2.0,2014-07-23,Female,Headphones,Jabra,2014,,0
3338,278817,2.0,2014-07-24,Male,Headphones,Jabra,2013,,0
4128,236783,2.0,2014-07-24,Female,Headphones,Jabra,2014,,2
3338,278832,4.0,2014-07-24,Male,Headphones,Jabra,2013,,0
3483,279009,2.0,2014-07-24,Male,Headphones,Philips,2018,,0
3338,279508,2.0,2014-07-25,Male,Headphones,Jabra,2013,,0
3338,279545,1.0,2014-07-25,Male,Headphones,Jabra,2013,,0
3338,279415,5.0,2014-07-25,Male,Headphones,Jabra,2013,,2
3338,279815,3.0,2014-07-26,Male,Headphones,Jabra,2013,,0
3338,279819,2.0,2014-07-26,Male,Headphones,Jabra,2013,,0
3461,280143,5.0,2014-07-27,Male,Headphones,Philips,2013,,0
3150,71365,3.0,2014-07-27,Male,Headphones,Philips,2013,Female,0
1499,280545,2.0,2014-07-27,Male,Headphones,Philips,2011,Male,0
3150,7677,5.0,2014-07-28,Male,Headphones,Philips,2013,Female,2
3461,281007,1.0,2014-07-28,Male,Headphones,Philips,2013,,0
3338,281008,3.0,2014-07-28,Male,Headphones,Jabra,2013,,0
3461,281491,1.0,2014-07-29,Male,Headphones,Philips,2013,,0
3461,281506,5.0,2014-07-29,Male,Headphones,Philips,2013,,0
3461,281508,4.0,2014-07-29,Male,Headphones,Philips,2013,,0
3461,281509,5.0,2014-07-29,Male,Headphones,Philips,2013,,0
3338,281512,5.0,2014-07-29,Male,Headphones,Jabra,2013,,0
1466,281564,4.0,2014-07-29,Male,Headphones,Philips,2010,,0
3150,281578,3.0,2014-07-29,Male,Headphones,Philips,2013,,0
3150,33695,4.0,2014-07-29,Male,Headphones,Philips,2013,Male,1
3150,281581,1.0,2014-07-29,Male,Headphones,Philips,2013,,0
3150,39468,4.0,2014-07-29,Male,Headphones,Philips,2013,Female,2
3338,281996,5.0,2014-07-30,Male,Headphones,Jabra,2013,,0
4501,282028,3.0,2014-07-30,Female,Headphones,Apple,2014,,0
3150,282082,1.0,2014-07-30,Male,Headphones,Philips,2013,,0
3150,10727,5.0,2014-07-30,Male,Headphones,Philips,2013,Male,0
3150,282096,5.0,2014-07-30,Male,Headphones,Philips,2013,,0
3150,282133,4.0,2014-07-31,Male,Headphones,Philips,2013,,0
3338,282305,3.0,2014-07-31,Male,Headphones,Jabra,2013,,0
3150,282657,2.0,2014-08-01,Male,Headphones,Philips,2013,,0
3338,282935,5.0,2014-08-01,Male,Headphones,Jabra,2013,Male,2
3338,283060,5.0,2014-08-01,Male,Headphones,Jabra,2013,,0
3338,283065,5.0,2014-08-01,Male,Headphones,Jabra,2013,,0
3461,283212,5.0,2014-08-02,Male,Headphones,Philips,2013,,0
3150,28777,4.0,2014-08-02,Male,Headphones,Philips,2013,Male,0
3338,283482,2.0,2014-08-03,Male,Headphones,Jabra,2013,,0
3820,279009,2.0,2014-08-03,Male,Headphones,Philips,2014,,0
3461,283660,1.0,2014-08-03,Male,Headphones,Philips,2013,,0
3461,283672,1.0,2014-08-03,Male,Headphones,Philips,2013,,0
3461,283680,3.0,2014-08-03,Male,Headphones,Philips,2013,,0
3150,106788,3.0,2014-08-03,Male,Headphones,Philips,2013,,2
3150,284188,1.0,2014-08-04,Male,Headphones,Philips,2013,,0
3700,284195,3.0,2014-08-04,Male,Headphones,Philips,2014,,0
3150,20356,4.0,2014-08-04,Male,Headphones,Philips,2013,Female,1
3338,284341,1.0,2014-08-04,Male,Headphones,Jabra,2013,,0
3150,232699,1.0,2014-08-05,Male,Headphones,Philips,2013,,0
3338,284565,1.0,2014-08-05,Male,Headphones,Jabra,2013,,0
1499,284590,5.0,2014-08-05,Male,Headphones,Philips,2011,,0
3461,284664,5.0,2014-08-05,Male,Headphones,Philips,2013,,0
3439,284913,5.0,2014-08-05,Male,Headphones,Philips,2014,,0
3150,285203,1.0,2014-08-06,Male,Headphones,Philips,2013,,0
3150,22835,5.0,2014-08-06,Male,Headphones,Philips,2013,Male,0
1466,285223,1.0,2014-08-06,Male,Headphones,Philips,2010,,0
3338,285543,2.0,2014-08-06,Male,Headphones,Jabra,2013,Male,0
3461,285727,2.0,2014-08-07,Male,Headphones,Philips,2013,,0
3338,154760,1.0,2014-08-07,Male,Headphones,Jabra,2013,,2
3606,92453,4.0,2014-08-08,Male,Headphones,Philips,2014,Male,0
3150,286461,1.0,2014-08-08,Male,Headphones,Philips,2013,,0
3461,286181,3.0,2014-08-08,Male,Headphones,Philips,2013,Male,2
3461,273983,4.0,2014-08-08,Male,Headphones,Philips,2013,,2
3461,286544,4.0,2014-08-08,Male,Headphones,Philips,2013,Male,0
3461,286655,4.0,2014-08-09,Male,Headphones,Philips,2013,,0
3150,286836,5.0,2014-08-09,Male,Headphones,Philips,2013,,0
4501,286947,2.0,2014-08-09,Female,Headphones,Apple,2014,,0
4818,98921,4.0,2014-08-10,Male,Headphones,Philips,2014,,0
4128,287341,4.0,2014-08-10,Female,Headphones,Jabra,2014,Female,0
3338,287371,4.0,2014-08-10,Male,Headphones,Jabra,2013,,0
3150,261819,4.0,2014-08-11,Male,Headphones,Philips,2013,,2
3461,287938,4.0,2014-08-11,Male,Headphones,Philips,2013,,0
3820,288215,1.0,2014-08-12,Male,Headphones,Philips,2014,,0
3338,288250,1.0,2014-08-12,Male,Headphones,Jabra,2013,,0
3461,288291,4.0,2014-08-12,Male,Headphones,Philips,2013,,0
3439,288375,3.0,2014-08-12,Male,Headphones,Philips,2014,,0
3150,117723,5.0,2014-08-12,Male,Headphones,Philips,2013,Male,1
3150,288580,3.0,2014-08-12,Male,Headphones,Philips,2013,,0
4501,288630,1.0,2014-08-13,Female,Headphones,Apple,2014,,0
3439,288661,2.0,2014-08-13,Male,Headphones,Philips,2014,,0
3338,288758,3.0,2014-08-13,Male,Headphones,Jabra,2013,,0
3461,289090,5.0,2014-08-13,Male,Headphones,Philips,2013,,0
2900,289170,5.0,2014-08-14,Female&Male,Headphones,Jabra,2013,,0
2921,289212,3.0,2014-08-14,Male,Headphones,Jabra,2013,,0
2921,289911,1.0,2014-08-15,Male,Headphones,Jabra,2013,,0
3338,289936,5.0,2014-08-15,Male,Headphones,Jabra,2013,,0
3338,290266,3.0,2014-08-16,Male,Headphones,Jabra,2013,Male,2
3338,290485,5.0,2014-08-16,Male,Headphones,Jabra,2013,,0
3150,290529,5.0,2014-08-16,Male,Headphones,Philips,2013,,0
3150,291249,5.0,2014-08-18,Male,Headphones,Philips,2013,,0
3338,291502,4.0,2014-08-18,Male,Headphones,Jabra,2013,,0
3338,291504,3.0,2014-08-18,Male,Headphones,Jabra,2013,,0
3338,291505,5.0,2014-08-18,Male,Headphones,Jabra,2013,,0
3338,292210,2.0,2014-08-20,Male,Headphones,Jabra,2013,,0
3338,292211,1.0,2014-08-20,Male,Headphones,Jabra,2013,,0
3461,292245,2.0,2014-08-20,Male,Headphones,Philips,2013,,0
3461,292247,4.0,2014-08-20,Male,Headphones,Philips,2013,,0
3439,292711,4.0,2014-08-21,Male,Headphones,Philips,2014,,0
1976,292827,2.0,2014-08-21,Female,Headphones,Philips,2012,,0
3338,248703,5.0,2014-08-21,Male,Headphones,Jabra,2013,,1
3150,293048,4.0,2014-08-21,Male,Headphones,Philips,2013,,0
3150,293049,5.0,2014-08-21,Male,Headphones,Philips,2013,,0
3461,293234,4.0,2014-08-21,Male,Headphones,Philips,2013,Male,0
3338,293385,5.0,2014-08-22,Male,Headphones,Jabra,2013,,0
3338,293396,1.0,2014-08-22,Male,Headphones,Jabra,2013,,0
3150,293601,4.0,2014-08-22,Male,Headphones,Philips,2013,,0
3150,293602,1.0,2014-08-22,Male,Headphones,Philips,2013,,0
3150,293603,5.0,2014-08-22,Male,Headphones,Philips,2013,,0
4501,293295,4.0,2014-08-22,Female,Headphones,Apple,2014,,2
2900,293781,5.0,2014-08-23,Female&Male,Headphones,Jabra,2013,,0
4128,293799,3.0,2014-08-23,Female,Headphones,Jabra,2014,,0
4501,294056,5.0,2014-08-23,Female,Headphones,Apple,2014,Female,0
4501,294057,4.0,2014-08-23,Female,Headphones,Apple,2014,,0
547,294099,5.0,2014-08-23,Male,Headphones,Philips,2007,,0
1728,294291,1.0,2014-08-24,Female&Male,Headphones,Jabra,2011,,0
3150,294373,5.0,2014-08-24,Male,Headphones,Philips,2013,,0
3461,294564,2.0,2014-08-24,Male,Headphones,Philips,2013,,0
3338,294589,5.0,2014-08-24,Male,Headphones,Jabra,2013,,0
4128,294730,4.0,2014-08-24,Female,Headphones,Jabra,2014,,0
236,156478,4.0,2014-08-25,Male,Headphones,Philips,2005,,2
3461,294971,3.0,2014-08-25,Male,Headphones,Philips,2013,,0
2900,295060,4.0,2014-08-25,Female&Male,Headphones,Jabra,2013,,0
3439,295418,5.0,2014-08-26,Male,Headphones,Philips,2014,,0
3338,295459,1.0,2014-08-26,Male,Headphones,Jabra,2013,,0
3338,295460,2.0,2014-08-26,Male,Headphones,Jabra,2013,,0
3150,296075,5.0,2014-08-27,Male,Headphones,Philips,2013,,0
2900,296505,5.0,2014-08-28,Female&Male,Headphones,Jabra,2013,,0
3338,296551,1.0,2014-08-28,Male,Headphones,Jabra,2013,,0
3338,296552,2.0,2014-08-28,Male,Headphones,Jabra,2013,,0
4501,296555,5.0,2014-08-28,Female,Headphones,Apple,2014,,0
3461,297049,5.0,2014-08-29,Male,Headphones,Philips,2013,Female,0
3338,297198,4.0,2014-08-29,Male,Headphones,Jabra,2013,,0
4501,297331,1.0,2014-08-29,Female,Headphones,Apple,2014,Female,0
3150,297368,4.0,2014-08-29,Male,Headphones,Philips,2013,,0
3150,297369,3.0,2014-08-29,Male,Headphones,Philips,2013,,0
1466,297532,3.0,2014-08-30,Male,Headphones,Philips,2010,,0
3461,297943,4.0,2014-08-31,Male,Headphones,Philips,2013,,0
4501,298026,2.0,2014-08-31,Female,Headphones,Apple,2014,,0
3150,298114,5.0,2014-08-31,Male,Headphones,Philips,2013,Female,0
3150,225014,4.0,2014-09-02,Male,Headphones,Philips,2013,,1
1466,298933,5.0,2014-09-02,Male,Headphones,Philips,2010,,0
3461,298953,1.0,2014-09-02,Male,Headphones,Philips,2013,,0
3338,299247,1.0,2014-09-02,Male,Headphones,Jabra,2013,,0
3338,299345,1.0,2014-09-03,Male,Headphones,Jabra,2013,Male,0
3338,299346,4.0,2014-09-03,Male,Headphones,Jabra,2013,,0
3338,299350,1.0,2014-09-03,Male,Headphones,Jabra,2013,Male,0
3338,299353,4.0,2014-09-03,Male,Headphones,Jabra,2013,,0
3439,299359,4.0,2014-09-03,Male,Headphones,Philips,2014,,0
3150,299403,2.0,2014-09-03,Male,Headphones,Philips,2013,,0
3461,299621,2.0,2014-09-03,Male,Headphones,Philips,2013,,0
3461,299625,5.0,2014-09-03,Male,Headphones,Philips,2013,,0
3338,299998,5.0,2014-09-04,Male,Headphones,Jabra,2013,,0
3461,300042,1.0,2014-09-04,Male,Headphones,Philips,2013,,0
3461,300044,2.0,2014-09-04,Male,Headphones,Philips,2013,,0
3461,300047,1.0,2014-09-04,Male,Headphones,Philips,2013,,0
3820,300057,5.0,2014-09-04,Male,Headphones,Philips,2014,,0
3338,300409,4.0,2014-09-04,Male,Headphones,Jabra,2013,Female,0
3338,300410,1.0,2014-09-04,Male,Headphones,Jabra,2013,,0
3338,280971,2.0,2014-09-04,Male,Headphones,Jabra,2013,,2
3150,131132,5.0,2014-09-05,Male,Headphones,Philips,2013,Female,2
3150,300640,4.0,2014-09-05,Male,Headphones,Philips,2013,,0
4501,300782,5.0,2014-09-05,Female,Headphones,Apple,2014,,0
4501,300783,4.0,2014-09-05,Female,Headphones,Apple,2014,,0
2921,300883,4.0,2014-09-05,Male,Headphones,Jabra,2013,,0
1469,301190,1.0,2014-09-06,Male,Headphones,Philips,2011,,0
3461,301276,1.0,2014-09-06,Male,Headphones,Philips,2013,,0
3338,301451,1.0,2014-09-06,Male,Headphones,Jabra,2013,,0
3338,301468,1.0,2014-09-06,Male,Headphones,Jabra,2013,,0
3338,301472,1.0,2014-09-06,Male,Headphones,Jabra,2013,,0
3150,301640,1.0,2014-09-07,Male,Headphones,Philips,2013,,0
3338,301642,3.0,2014-09-07,Male,Headphones,Jabra,2013,,0
3338,301643,4.0,2014-09-07,Male,Headphones,Jabra,2013,,0
3338,301645,5.0,2014-09-07,Male,Headphones,Jabra,2013,,0
1728,301847,3.0,2014-09-07,Female&Male,Headphones,Jabra,2011,,0
3338,302188,1.0,2014-09-08,Male,Headphones,Jabra,2013,,0
3338,302189,5.0,2014-09-08,Male,Headphones,Jabra,2013,,0
3461,302436,4.0,2014-09-08,Male,Headphones,Philips,2013,,0
4128,302460,4.0,2014-09-08,Female,Headphones,Jabra,2014,,0
4501,302758,5.0,2014-09-09,Female,Headphones,Apple,2014,,0
3338,302959,5.0,2014-09-09,Male,Headphones,Jabra,2013,,0
3338,302960,4.0,2014-09-09,Male,Headphones,Jabra,2013,,0
3338,302961,5.0,2014-09-09,Male,Headphones,Jabra,2013,,0
3338,302962,5.0,2014-09-09,Male,Headphones,Jabra,2013,,0
1469,303443,4.0,2014-09-10,Male,Headphones,Philips,2011,,0
3338,303458,5.0,2014-09-10,Male,Headphones,Jabra,2013,,0
3338,303492,5.0,2014-09-10,Male,Headphones,Jabra,2013,,0
3338,303503,1.0,2014-09-10,Male,Headphones,Jabra,2013,,0
3150,303558,4.0,2014-09-10,Male,Headphones,Philips,2013,,0
3150,303626,5.0,2014-09-11,Male,Headphones,Philips,2013,,0
3461,303980,1.0,2014-09-11,Male,Headphones,Philips,2013,,0
3338,304147,1.0,2014-09-11,Male,Headphones,Jabra,2013,,0
3338,304148,3.0,2014-09-11,Male,Headphones,Jabra,2013,,0
3338,304325,1.0,2014-09-12,Male,Headphones,Jabra,2013,,0
3338,304433,5.0,2014-09-12,Male,Headphones,Jabra,2013,,0
3150,304444,5.0,2014-09-12,Male,Headphones,Philips,2013,Male,0
4501,304706,2.0,2014-09-12,Female,Headphones,Apple,2014,,0
3461,304924,1.0,2014-09-13,Male,Headphones,Philips,2013,,0
1466,305236,5.0,2014-09-14,Male,Headphones,Philips,2010,Female,0
1728,305752,5.0,2014-09-14,Female&Male,Headphones,Jabra,2011,,0
3338,306141,4.0,2014-09-15,Male,Headphones,Jabra,2013,,0
4501,306285,5.0,2014-09-15,Female,Headphones,Apple,2014,,0
4128,306496,5.0,2014-09-16,Female,Headphones,Jabra,2014,,0
3461,306515,5.0,2014-09-16,Male,Headphones,Philips,2013,,0
3461,306516,4.0,2014-09-16,Male,Headphones,Philips,2013,,0
1466,306595,2.0,2014-09-16,Male,Headphones,Philips,2010,,0
3338,306736,1.0,2014-09-16,Male,Headphones,Jabra,2013,,0
3338,125755,3.0,2014-09-16,Male,Headphones,Jabra,2013,Male,1
3338,306822,3.0,2014-09-16,Male,Headphones,Jabra,2013,,0
3150,52383,1.0,2014-09-16,Male,Headphones,Philips,2013,,2
3150,307129,2.0,2014-09-17,Male,Headphones,Philips,2013,,0
3150,307174,2.0,2014-09-17,Male,Headphones,Philips,2013,,0
1728,307032,5.0,2014-09-17,Female&Male,Headphones,Jabra,2011,,2
3461,307309,1.0,2014-09-17,Male,Headphones,Philips,2013,Female,0
3461,306980,5.0,2014-09-17,Male,Headphones,Philips,2013,Male,1
3338,307349,1.0,2014-09-17,Male,Headphones,Jabra,2013,,0
3338,307351,1.0,2014-09-17,Male,Headphones,Jabra,2013,,0
4128,307356,5.0,2014-09-17,Female,Headphones,Jabra,2014,,0
3150,307778,3.0,2014-09-18,Male,Headphones,Philips,2013,,0
3461,307790,5.0,2014-09-18,Male,Headphones,Philips,2013,,0
3338,307807,1.0,2014-09-18,Male,Headphones,Jabra,2013,,0
3338,307808,1.0,2014-09-18,Male,Headphones,Jabra,2013,,0
3338,307810,5.0,2014-09-18,Male,Headphones,Jabra,2013,,0
3461,308499,2.0,2014-09-19,Male,Headphones,Philips,2013,,0
4128,308523,4.0,2014-09-19,Female,Headphones,Jabra,2014,,0
3338,308528,5.0,2014-09-19,Male,Headphones,Jabra,2013,,0
3461,308542,4.0,2014-09-19,Male,Headphones,Philips,2013,,0
4501,308765,5.0,2014-09-20,Female,Headphones,Apple,2014,,0
3461,308789,5.0,2014-09-20,Male,Headphones,Philips,2013,,0
3338,309296,3.0,2014-09-21,Male,Headphones,Jabra,2013,,0
3338,309298,3.0,2014-09-21,Male,Headphones,Jabra,2013,,0
3338,309300,2.0,2014-09-21,Male,Headphones,Jabra,2013,,0
3150,78818,4.0,2014-09-21,Male,Headphones,Philips,2013,,2
2900,309437,5.0,2014-09-21,Female&Male,Headphones,Jabra,2013,,0
1728,309520,1.0,2014-09-22,Female&Male,Headphones,Jabra,2011,,0
3338,309625,3.0,2014-09-22,Male,Headphones,Jabra,2013,,0
3150,309655,3.0,2014-09-22,Male,Headphones,Philips,2013,,0
3338,289864,2.0,2014-09-22,Male,Headphones,Jabra,2013,,2
3461,309916,5.0,2014-09-22,Male,Headphones,Philips,2013,Female,0
1758,310021,1.0,2014-09-22,Male,Headphones,Jabra,2011,,0
3338,310369,4.0,2014-09-23,Male,Headphones,Jabra,2013,,0
3338,310370,1.0,2014-09-23,Male,Headphones,Jabra,2013,,0
4128,310418,5.0,2014-09-23,Female,Headphones,Jabra,2014,,0
1499,310439,5.0,2014-09-23,Male,Headphones,Philips,2011,,0
1499,310441,2.0,2014-09-23,Male,Headphones,Philips,2011,Male,0
3150,310570,5.0,2014-09-23,Male,Headphones,Philips,2013,,0
3338,310582,3.0,2014-09-23,Male,Headphones,Jabra,2013,,0
3338,310588,1.0,2014-09-23,Male,Headphones,Jabra,2013,,0
3338,310602,3.0,2014-09-23,Male,Headphones,Jabra,2013,,0
3338,311103,3.0,2014-09-24,Male,Headphones,Jabra,2013,,0
3461,311211,3.0,2014-09-25,Male,Headphones,Philips,2013,Male,0
1728,311574,4.0,2014-09-25,Female&Male,Headphones,Jabra,2011,,0
4501,311601,2.0,2014-09-25,Female,Headphones,Apple,2014,,0
1762,311703,5.0,2014-09-26,Male,Headphones,Philips,2013,,0
1499,311761,4.0,2014-09-26,Male,Headphones,Philips,2011,,0
2900,311980,5.0,2014-09-26,Female&Male,Headphones,Jabra,2013,,0
3150,312012,4.0,2014-09-26,Male,Headphones,Philips,2013,Female,0
3150,312013,5.0,2014-09-26,Male,Headphones,Philips,2013,,0
3150,312215,1.0,2014-09-27,Male,Headphones,Philips,2013,,0
4128,312494,1.0,2014-09-27,Female,Headphones,Jabra,2014,,0
3338,312496,2.0,2014-09-27,Male,Headphones,Jabra,2013,,0
3338,312498,5.0,2014-09-27,Male,Headphones,Jabra,2013,,0
4128,312658,5.0,2014-09-28,Female,Headphones,Jabra,2014,Male,0
1466,312667,5.0,2014-09-28,Male,Headphones,Philips,2010,,0
3461,312698,5.0,2014-09-28,Male,Headphones,Philips,2013,,0
3338,312718,4.0,2014-09-28,Male,Headphones,Jabra,2013,,0
4501,312765,1.0,2014-09-28,Female,Headphones,Apple,2014,,0
4501,312774,2.0,2014-09-28,Female,Headphones,Apple,2014,Female,0
3461,68237,1.0,2014-09-29,Male,Headphones,Philips,2013,,2
3338,313084,5.0,2014-09-29,Male,Headphones,Jabra,2013,,0
2921,211540,4.0,2014-09-29,Male,Headphones,Jabra,2013,Male,2
4501,313496,3.0,2014-09-29,Female,Headphones,Apple,2014,,0
5142,313520,3.0,2014-09-29,Female,Headphones,Jabra,2014,,0
3150,216521,3.0,2014-09-29,Male,Headphones,Philips,2013,,2
5142,313554,4.0,2014-09-30,Female,Headphones,Jabra,2014,,0
5142,313573,4.0,2014-09-30,Female,Headphones,Jabra,2014,,0
3150,313706,4.0,2014-09-30,Male,Headphones,Philips,2013,,0
3150,313736,4.0,2014-09-30,Male,Headphones,Philips,2013,,0
3150,313737,3.0,2014-09-30,Male,Headphones,Philips,2013,,0
3338,313787,4.0,2014-09-30,Male,Headphones,Jabra,2013,,0
5146,185641,5.0,2014-09-30,Female,Headphones,Jabra,2014,Male,0
3820,314066,5.0,2014-09-30,Male,Headphones,Philips,2014,,0
3338,314158,3.0,2014-10-01,Male,Headphones,Jabra,2013,,0
3338,314159,1.0,2014-10-01,Male,Headphones,Jabra,2013,,0
3461,314177,1.0,2014-10-01,Male,Headphones,Philips,2013,,0
2900,314449,5.0,2014-10-01,Female&Male,Headphones,Jabra,2013,,0
2900,314450,4.0,2014-10-01,Female&Male,Headphones,Jabra,2013,,0
5146,314566,5.0,2014-10-01,Female,Headphones,Jabra,2014,Female,0
5146,62878,5.0,2014-10-01,Female,Headphones,Jabra,2014,Female,1
5146,314582,5.0,2014-10-01,Female,Headphones,Jabra,2014,,0
5146,314592,5.0,2014-10-01,Female,Headphones,Jabra,2014,,0
5146,74719,5.0,2014-10-01,Female,Headphones,Jabra,2014,Female,0
5146,17713,4.0,2014-10-01,Female,Headphones,Jabra,2014,Female,0
5146,84284,5.0,2014-10-02,Female,Headphones,Jabra,2014,,1
2900,314866,5.0,2014-10-02,Female&Male,Headphones,Jabra,2013,,0
3338,314900,2.0,2014-10-02,Male,Headphones,Jabra,2013,,0
3150,315078,3.0,2014-10-02,Male,Headphones,Philips,2013,,0
3461,315122,5.0,2014-10-02,Male,Headphones,Philips,2013,,0
3461,315124,1.0,2014-10-02,Male,Headphones,Philips,2013,,0
3338,315373,1.0,2014-10-03,Male,Headphones,Jabra,2013,,0
3338,315377,3.0,2014-10-03,Male,Headphones,Jabra,2013,,0
3338,315385,1.0,2014-10-03,Male,Headphones,Jabra,2013,,0
5146,83564,5.0,2014-10-03,Female,Headphones,Jabra,2014,Male,1
5146,261501,5.0,2014-10-03,Female,Headphones,Jabra,2014,Female,2
5146,131449,5.0,2014-10-04,Female,Headphones,Jabra,2014,,2
5146,308347,5.0,2014-10-04,Female,Headphones,Jabra,2014,Female,2
5146,85958,5.0,2014-10-04,Female,Headphones,Jabra,2014,Female,0
4128,315777,1.0,2014-10-04,Female,Headphones,Jabra,2014,,0
3338,316075,2.0,2014-10-04,Male,Headphones,Jabra,2013,,0
3338,315991,3.0,2014-10-04,Male,Headphones,Jabra,2013,,2
3338,316081,3.0,2014-10-04,Male,Headphones,Jabra,2013,,0
3338,316378,5.0,2014-10-05,Male,Headphones,Jabra,2013,,0
1728,316729,5.0,2014-10-06,Female&Male,Headphones,Jabra,2011,,0
3461,316837,4.0,2014-10-06,Male,Headphones,Philips,2013,,0
3461,316898,1.0,2014-10-06,Male,Headphones,Philips,2013,,0
4501,316975,1.0,2014-10-06,Female,Headphones,Apple,2014,,0
5146,145806,5.0,2014-10-06,Female,Headphones,Jabra,2014,Male,0
5142,317049,4.0,2014-10-06,Female,Headphones,Jabra,2014,,0
3461,317099,5.0,2014-10-07,Male,Headphones,Philips,2013,,0
4128,317163,5.0,2014-10-07,Female,Headphones,Jabra,2014,,0
2900,317618,5.0,2014-10-07,Female&Male,Headphones,Jabra,2013,,0
5146,80296,4.0,2014-10-08,Female,Headphones,Jabra,2014,Male,1
4501,317728,2.0,2014-10-08,Female,Headphones,Apple,2014,,0
1728,317794,5.0,2014-10-08,Female&Male,Headphones,Jabra,2011,,0
4128,317818,5.0,2014-10-08,Female,Headphones,Jabra,2014,,0
3338,317823,4.0,2014-10-08,Male,Headphones,Jabra,2013,,0
3150,318033,4.0,2014-10-08,Male,Headphones,Philips,2013,Female,0
3150,318048,1.0,2014-10-08,Male,Headphones,Philips,2013,,0
4501,318232,3.0,2014-10-09,Female,Headphones,Apple,2014,,0
5146,144014,5.0,2014-10-09,Female,Headphones,Jabra,2014,,2
5146,15415,5.0,2014-10-09,Female,Headphones,Jabra,2014,,0
2900,318376,5.0,2014-10-09,Female&Male,Headphones,Jabra,2013,,0
3338,318474,2.0,2014-10-09,Male,Headphones,Jabra,2013,,0
1499,318566,5.0,2014-10-09,Male,Headphones,Philips,2011,,0
3461,318655,5.0,2014-10-10,Male,Headphones,Philips,2013,,0
3461,23409,2.0,2014-10-10,Male,Headphones,Philips,2013,,2
3338,318736,1.0,2014-10-10,Male,Headphones,Jabra,2013,Male,0
3150,319489,5.0,2014-10-11,Male,Headphones,Philips,2013,,0
5146,319848,5.0,2014-10-12,Female,Headphones,Jabra,2014,Male,0
3338,320020,4.0,2014-10-13,Male,Headphones,Jabra,2013,,0
3338,320036,2.0,2014-10-13,Male,Headphones,Jabra,2013,,0
3338,111442,2.0,2014-10-13,Male,Headphones,Jabra,2013,,2
3338,320102,1.0,2014-10-13,Male,Headphones,Jabra,2013,,0
3461,320133,4.0,2014-10-13,Male,Headphones,Philips,2013,,0
3338,320178,2.0,2014-10-13,Male,Headphones,Jabra,2013,,0
5146,266474,5.0,2014-10-13,Female,Headphones,Jabra,2014,Female,2
3150,320272,2.0,2014-10-13,Male,Headphones,Philips,2013,,0
3150,320273,1.0,2014-10-13,Male,Headphones,Philips,2013,,0
3150,320279,5.0,2014-10-13,Male,Headphones,Philips,2013,,0
3150,320280,5.0,2014-10-13,Male,Headphones,Philips,2013,,0
4128,320477,5.0,2014-10-13,Female,Headphones,Jabra,2014,,0
5142,320501,3.0,2014-10-13,Female,Headphones,Jabra,2014,,0
2992,249932,5.0,2014-10-14,Male,Headphones,Philips,2013,,1
5146,125959,5.0,2014-10-14,Female,Headphones,Jabra,2014,Female,1
5146,53609,5.0,2014-10-14,Female,Headphones,Jabra,2014,,1
3150,321360,5.0,2014-10-15,Male,Headphones,Philips,2013,,0
4501,321374,5.0,2014-10-15,Female,Headphones,Apple,2014,Female,0
3338,321467,2.0,2014-10-15,Male,Headphones,Jabra,2013,,0
4128,321488,5.0,2014-10-15,Female,Headphones,Jabra,2014,,0
3338,321571,4.0,2014-10-16,Male,Headphones,Jabra,2013,,0
3338,321671,4.0,2014-10-16,Male,Headphones,Jabra,2013,,0
5146,46614,5.0,2014-10-16,Female,Headphones,Jabra,2014,Female,0
3439,321725,5.0,2014-10-16,Male,Headphones,Philips,2014,,0
4501,321934,4.0,2014-10-16,Female,Headphones,Apple,2014,,0
3483,321936,1.0,2014-10-16,Male,Headphones,Philips,2018,Male,0
5146,322103,3.0,2014-10-17,Female,Headphones,Jabra,2014,Female,0
5257,322349,5.0,2014-10-17,Male,Headphones,Philips,2015,,0
1728,322459,3.0,2014-10-17,Female&Male,Headphones,Jabra,2011,,0
3461,322688,2.0,2014-10-18,Male,Headphones,Philips,2013,,0
2921,322825,4.0,2014-10-18,Male,Headphones,Jabra,2013,,0
3338,323312,1.0,2014-10-19,Male,Headphones,Jabra,2013,,0
5142,323445,4.0,2014-10-20,Female,Headphones,Jabra,2014,,0
3338,323577,1.0,2014-10-20,Male,Headphones,Jabra,2013,Female,0
3338,323579,1.0,2014-10-20,Male,Headphones,Jabra,2013,,0
3439,23579,4.0,2014-10-20,Male,Headphones,Philips,2014,,2
5142,324248,4.0,2014-10-21,Female,Headphones,Jabra,2014,,0
3150,324284,4.0,2014-10-21,Male,Headphones,Philips,2013,,0
5146,324302,5.0,2014-10-21,Female,Headphones,Jabra,2014,,0
3338,324325,5.0,2014-10-21,Male,Headphones,Jabra,2013,,0
3439,324367,5.0,2014-10-21,Male,Headphones,Philips,2014,,0
3439,324368,1.0,2014-10-21,Male,Headphones,Philips,2014,,0
5146,4841,4.0,2014-10-22,Female,Headphones,Jabra,2014,Female,2
3338,324991,5.0,2014-10-22,Male,Headphones,Jabra,2013,,0
3338,324992,4.0,2014-10-22,Male,Headphones,Jabra,2013,,0
3338,324995,1.0,2014-10-22,Male,Headphones,Jabra,2013,,0
3338,324996,5.0,2014-10-22,Male,Headphones,Jabra,2013,Male,0
3461,155728,4.0,2014-10-22,Male,Headphones,Philips,2013,Female,1
3820,324668,4.0,2014-10-22,Male,Headphones,Philips,2014,,2
1499,325084,4.0,2014-10-22,Male,Headphones,Philips,2011,,0
3338,197210,5.0,2014-10-23,Male,Headphones,Jabra,2013,,1
5294,325267,4.0,2014-10-23,Male,Headphones,Philips,2015,,0
1469,325405,3.0,2014-10-23,Male,Headphones,Philips,2011,,0
4501,325594,1.0,2014-10-23,Female,Headphones,Apple,2014,,0
2900,325811,5.0,2014-10-24,Female&Male,Headphones,Jabra,2013,,0
1728,325901,3.0,2014-10-24,Female&Male,Headphones,Jabra,2011,,0
3150,326028,4.0,2014-10-24,Male,Headphones,Philips,2013,Female,0
3338,326081,1.0,2014-10-24,Male,Headphones,Jabra,2013,Male,0
5146,326313,5.0,2014-10-25,Female,Headphones,Jabra,2014,,0
3700,326397,4.0,2014-10-25,Male,Headphones,Philips,2014,,0
3150,326669,1.0,2014-10-26,Male,Headphones,Philips,2013,,0
2614,82754,5.0,2014-10-26,Female,Headphones,Philips,2015,,2
4501,327002,5.0,2014-10-27,Female,Headphones,Apple,2014,,0
1728,327058,2.0,2014-10-27,Female&Male,Headphones,Jabra,2011,,0
3150,327140,1.0,2014-10-27,Male,Headphones,Philips,2013,,0
3338,327199,5.0,2014-10-27,Male,Headphones,Jabra,2013,,0
3338,327200,1.0,2014-10-27,Male,Headphones,Jabra,2013,,0
5142,327225,4.0,2014-10-27,Female,Headphones,Jabra,2014,,0
4128,327331,5.0,2014-10-27,Female,Headphones,Jabra,2014,,0
3150,327896,5.0,2014-10-28,Male,Headphones,Philips,2013,,0
1728,327921,5.0,2014-10-28,Female&Male,Headphones,Jabra,2011,,0
3461,328103,2.0,2014-10-28,Male,Headphones,Philips,2013,,0
4501,328274,4.0,2014-10-29,Female,Headphones,Apple,2014,,0
3150,328329,3.0,2014-10-29,Male,Headphones,Philips,2013,,0
5142,328726,5.0,2014-10-30,Female,Headphones,Jabra,2014,,0
3150,329027,4.0,2014-10-30,Male,Headphones,Philips,2013,,0
3338,329079,4.0,2014-10-30,Male,Headphones,Jabra,2013,,0
3338,329082,4.0,2014-10-30,Male,Headphones,Jabra,2013,,0
3150,329174,3.0,2014-10-30,Male,Headphones,Philips,2013,,0
3338,329463,2.0,2014-10-31,Male,Headphones,Jabra,2013,,0
3338,329525,2.0,2014-10-31,Male,Headphones,Jabra,2013,,0
3338,329782,5.0,2014-11-01,Male,Headphones,Jabra,2013,,0
3338,329783,5.0,2014-11-01,Male,Headphones,Jabra,2013,,0
3338,329785,4.0,2014-11-01,Male,Headphones,Jabra,2013,,0
3338,330216,1.0,2014-11-02,Male,Headphones,Jabra,2013,,0
4501,330293,4.0,2014-11-02,Female,Headphones,Apple,2014,Female,0
1499,330453,4.0,2014-11-03,Male,Headphones,Philips,2011,,0
3439,330534,5.0,2014-11-03,Male,Headphones,Philips,2014,,0
3700,330628,5.0,2014-11-03,Male,Headphones,Philips,2014,Male,0
5142,330887,2.0,2014-11-03,Female,Headphones,Jabra,2014,,0
5142,330888,5.0,2014-11-03,Female,Headphones,Jabra,2014,,0
1499,331009,3.0,2014-11-04,Male,Headphones,Philips,2011,,0
3439,331287,3.0,2014-11-04,Male,Headphones,Philips,2014,,0
3338,331409,5.0,2014-11-04,Male,Headphones,Jabra,2013,,0
5142,79484,3.0,2014-11-04,Female,Headphones,Jabra,2014,Male,2
5142,18890,4.0,2014-11-04,Female,Headphones,Jabra,2014,Male,0
5142,331410,1.0,2014-11-04,Female,Headphones,Jabra,2014,,0
3150,331631,5.0,2014-11-05,Male,Headphones,Philips,2013,Male,0
5146,34584,4.0,2014-11-05,Female,Headphones,Jabra,2014,Male,0
5142,331704,5.0,2014-11-05,Female,Headphones,Jabra,2014,,0
5142,8200,4.0,2014-11-05,Female,Headphones,Jabra,2014,,0
5142,49060,5.0,2014-11-05,Female,Headphones,Jabra,2014,,0
3461,331925,5.0,2014-11-05,Male,Headphones,Philips,2013,,0
5142,40343,4.0,2014-11-06,Female,Headphones,Jabra,2014,,0
5142,309317,5.0,2014-11-06,Female,Headphones,Jabra,2014,Female,1
5142,332034,5.0,2014-11-06,Female,Headphones,Jabra,2014,,0
3338,332135,4.0,2014-11-06,Male,Headphones,Jabra,2013,,0
3461,332249,4.0,2014-11-06,Male,Headphones,Philips,2013,,0
1469,332259,2.0,2014-11-06,Male,Headphones,Philips,2011,,0
4128,332283,5.0,2014-11-06,Female,Headphones,Jabra,2014,,0
5146,332319,5.0,2014-11-06,Female,Headphones,Jabra,2014,,0
5146,332329,3.0,2014-11-06,Female,Headphones,Jabra,2014,,0
4128,332545,5.0,2014-11-07,Female,Headphones,Jabra,2014,,0
5142,72996,5.0,2014-11-07,Female,Headphones,Jabra,2014,Male,0
3338,332695,1.0,2014-11-07,Male,Headphones,Jabra,2013,,0
3606,332744,1.0,2014-11-07,Male,Headphones,Philips,2014,,0
3439,333334,5.0,2014-11-08,Male,Headphones,Philips,2014,,0
3439,333772,4.0,2014-11-09,Male,Headphones,Philips,2014,,0
3150,333895,2.0,2014-11-10,Male,Headphones,Philips,2013,,0
1728,334013,5.0,2014-11-10,Female&Male,Headphones,Jabra,2011,,0
5142,334061,3.0,2014-11-10,Female,Headphones,Jabra,2014,Female,0
5142,334067,4.0,2014-11-10,Female,Headphones,Jabra,2014,,0
3338,289717,3.0,2014-11-10,Male,Headphones,Jabra,2013,,1
3338,334127,1.0,2014-11-10,Male,Headphones,Jabra,2013,,0
2900,334227,5.0,2014-11-10,Female&Male,Headphones,Jabra,2013,,0
3338,334460,2.0,2014-11-11,Male,Headphones,Jabra,2013,,0
5146,334854,4.0,2014-11-12,Female,Headphones,Jabra,2014,,0
236,335274,3.0,2014-11-13,Male,Headphones,Philips,2005,,0
5142,335613,5.0,2014-11-13,Female,Headphones,Jabra,2014,Female,0
3338,335622,2.0,2014-11-13,Male,Headphones,Jabra,2013,,0
3338,112521,1.0,2014-11-13,Male,Headphones,Jabra,2013,,1
3150,335954,3.0,2014-11-14,Male,Headphones,Philips,2013,,0
5142,39848,4.0,2014-11-14,Female,Headphones,Jabra,2014,,1
5142,335962,5.0,2014-11-14,Female,Headphones,Jabra,2014,,0
5146,335994,3.0,2014-11-14,Female,Headphones,Jabra,2014,,0
5146,335996,4.0,2014-11-14,Female,Headphones,Jabra,2014,,0
5142,23202,3.0,2014-11-15,Female,Headphones,Jabra,2014,,2
3461,55406,5.0,2014-11-15,Male,Headphones,Philips,2013,,2
2900,336458,5.0,2014-11-15,Female&Male,Headphones,Jabra,2013,,0
2900,336460,3.0,2014-11-15,Female&Male,Headphones,Jabra,2013,Male,0
5142,265617,5.0,2014-11-16,Female,Headphones,Jabra,2014,,2
3150,336649,2.0,2014-11-16,Male,Headphones,Philips,2013,,0
547,336941,5.0,2014-11-16,Male,Headphones,Philips,2007,,0
3338,336947,2.0,2014-11-16,Male,Headphones,Jabra,2013,,0
3461,336962,5.0,2014-11-16,Male,Headphones,Philips,2013,,0
3338,337132,3.0,2014-11-17,Male,Headphones,Jabra,2013,,0
3338,337134,3.0,2014-11-17,Male,Headphones,Jabra,2013,,0
236,337197,5.0,2014-11-17,Male,Headphones,Philips,2005,,0
5146,337300,5.0,2014-11-17,Female,Headphones,Jabra,2014,Female,0
3461,337477,5.0,2014-11-17,Male,Headphones,Philips,2013,,0
3461,337506,3.0,2014-11-17,Male,Headphones,Philips,2013,,0
3820,337723,4.0,2014-11-18,Male,Headphones,Philips,2014,,0
3461,337872,2.0,2014-11-18,Male,Headphones,Philips,2013,,0
3461,337876,1.0,2014-11-18,Male,Headphones,Philips,2013,,0
3338,337899,5.0,2014-11-18,Male,Headphones,Jabra,2013,Female,0
3150,338012,1.0,2014-11-18,Male,Headphones,Philips,2013,,0
3150,338017,1.0,2014-11-18,Male,Headphones,Philips,2013,,0
3150,338021,2.0,2014-11-18,Male,Headphones,Philips,2013,,0
1466,338186,1.0,2014-11-18,Male,Headphones,Philips,2010,,0
5485,338411,5.0,2014-11-19,Male,Headphones,Jabra,2015,,0
3338,338791,5.0,2014-11-19,Male,Headphones,Jabra,2013,,0
3338,338797,2.0,2014-11-19,Male,Headphones,Jabra,2013,,0
1469,338817,5.0,2014-11-19,Male,Headphones,Philips,2011,,0
2900,339182,4.0,2014-11-20,Female&Male,Headphones,Jabra,2013,,0
3338,339467,3.0,2014-11-20,Male,Headphones,Jabra,2013,,0
3338,339571,5.0,2014-11-21,Male,Headphones,Jabra,2013,,0
5142,119083,4.0,2014-11-21,Female,Headphones,Jabra,2014,,1
3338,339959,4.0,2014-11-22,Male,Headphones,Jabra,2013,Female,0
3461,340003,5.0,2014-11-22,Male,Headphones,Philips,2013,,0
1499,340055,5.0,2014-11-22,Male,Headphones,Philips,2011,,0
2992,340101,5.0,2014-11-22,Male,Headphones,Philips,2013,,0
5142,31410,3.0,2014-11-23,Female,Headphones,Jabra,2014,,0
3461,340657,5.0,2014-11-23,Male,Headphones,Philips,2013,,0
4501,340706,2.0,2014-11-23,Female,Headphones,Apple,2014,,0
3700,340989,5.0,2014-11-23,Male,Headphones,Philips,2014,,0
5146,341049,4.0,2014-11-23,Female,Headphones,Jabra,2014,,0
2900,341134,5.0,2014-11-24,Female&Male,Headphones,Jabra,2013,,0
3439,341250,4.0,2014-11-24,Male,Headphones,Philips,2014,,0
3461,341476,5.0,2014-11-24,Male,Headphones,Philips,2013,Female,0
3461,341477,2.0,2014-11-24,Male,Headphones,Philips,2013,Male,0
4818,341494,5.0,2014-11-24,Male,Headphones,Philips,2014,,0
3461,341495,5.0,2014-11-24,Male,Headphones,Philips,2013,,0
4818,341830,5.0,2014-11-25,Male,Headphones,Philips,2014,,0
5146,312980,4.0,2014-11-25,Female,Headphones,Jabra,2014,,2
4501,342054,3.0,2014-11-25,Female,Headphones,Apple,2014,,0
3338,342108,4.0,2014-11-25,Male,Headphones,Jabra,2013,,0
3338,342125,4.0,2014-11-25,Male,Headphones,Jabra,2013,Male,0
3606,342434,5.0,2014-11-26,Male,Headphones,Philips,2014,,0
5142,342672,5.0,2014-11-26,Female,Headphones,Jabra,2014,,0
3461,342702,5.0,2014-11-26,Male,Headphones,Philips,2013,,0
3461,342708,3.0,2014-11-26,Male,Headphones,Philips,2013,,0
3150,342718,4.0,2014-11-26,Male,Headphones,Philips,2013,,0
3338,342788,4.0,2014-11-26,Male,Headphones,Jabra,2013,,0
3439,342958,5.0,2014-11-27,Male,Headphones,Philips,2014,,0
3150,343115,2.0,2014-11-27,Male,Headphones,Philips,2013,,0
3461,343126,3.0,2014-11-27,Male,Headphones,Philips,2013,,0
3338,343249,3.0,2014-11-28,Male,Headphones,Jabra,2013,,0
3338,343250,4.0,2014-11-28,Male,Headphones,Jabra,2013,,0
3338,343251,5.0,2014-11-28,Male,Headphones,Jabra,2013,Male,0
5146,215363,4.0,2014-11-28,Female,Headphones,Jabra,2014,,0
3150,343804,3.0,2014-11-29,Male,Headphones,Philips,2013,,0
5142,20457,3.0,2014-11-29,Female,Headphones,Jabra,2014,Male,1
1728,279830,5.0,2014-11-29,Female&Male,Headphones,Jabra,2011,,2
3338,343979,4.0,2014-11-29,Male,Headphones,Jabra,2013,,0
2900,344055,5.0,2014-11-29,Female&Male,Headphones,Jabra,2013,,0
3338,344383,1.0,2014-11-30,Male,Headphones,Jabra,2013,,0
3338,344385,1.0,2014-11-30,Male,Headphones,Jabra,2013,,0
4128,344502,4.0,2014-11-30,Female,Headphones,Jabra,2014,,0
5142,159805,5.0,2014-11-30,Female,Headphones,Jabra,2014,Female,1
4818,344682,5.0,2014-11-30,Male,Headphones,Philips,2014,,0
3461,344924,4.0,2014-12-01,Male,Headphones,Philips,2013,,0
3338,344939,2.0,2014-12-01,Male,Headphones,Jabra,2013,,0
5142,30808,5.0,2014-12-01,Female,Headphones,Jabra,2014,Male,1
1469,345130,5.0,2014-12-01,Male,Headphones,Philips,2011,,0
5142,318023,2.0,2014-12-02,Female,Headphones,Jabra,2014,,2
5142,49034,2.0,2014-12-02,Female,Headphones,Jabra,2014,,2
5142,131741,1.0,2014-12-02,Female,Headphones,Jabra,2014,,2
3820,345633,3.0,2014-12-02,Male,Headphones,Philips,2014,,1
3150,21447,5.0,2014-12-02,Male,Headphones,Philips,2013,,2
3150,345681,1.0,2014-12-02,Male,Headphones,Philips,2013,,0
3338,345730,5.0,2014-12-02,Male,Headphones,Jabra,2013,,0
3461,345847,3.0,2014-12-02,Male,Headphones,Philips,2013,Male,0
3606,345943,5.0,2014-12-02,Male,Headphones,Philips,2014,,0
2614,289274,5.0,2014-12-03,Female,Headphones,Philips,2015,Male,0
3338,346490,5.0,2014-12-03,Male,Headphones,Jabra,2013,,0
5142,64475,3.0,2014-12-03,Female,Headphones,Jabra,2014,Female,2
5142,346532,5.0,2014-12-03,Female,Headphones,Jabra,2014,Female,0
3461,346739,5.0,2014-12-03,Male,Headphones,Philips,2013,,0
3150,346882,5.0,2014-12-04,Male,Headphones,Philips,2013,,0
3338,347408,4.0,2014-12-04,Male,Headphones,Jabra,2013,,0
5142,69453,5.0,2014-12-05,Female,Headphones,Jabra,2014,Female,2
5142,347647,1.0,2014-12-05,Female,Headphones,Jabra,2014,,0
3150,347788,1.0,2014-12-05,Male,Headphones,Philips,2013,,0
3461,348093,5.0,2014-12-05,Male,Headphones,Philips,2013,,0
3338,348146,4.0,2014-12-05,Male,Headphones,Jabra,2013,Female,0
3338,348147,5.0,2014-12-05,Male,Headphones,Jabra,2013,,0
3461,348321,4.0,2014-12-06,Male,Headphones,Philips,2013,,0
5142,201739,4.0,2014-12-06,Female,Headphones,Jabra,2014,,2
5142,76286,3.0,2014-12-06,Female,Headphones,Jabra,2014,Female,1
5142,348391,4.0,2014-12-06,Female,Headphones,Jabra,2014,Male,0
3338,239464,1.0,2014-12-06,Male,Headphones,Jabra,2013,Male,0
3338,348598,5.0,2014-12-06,Male,Headphones,Jabra,2013,,0
5142,30114,2.0,2014-12-07,Female,Headphones,Jabra,2014,Male,2
3461,349065,4.0,2014-12-07,Male,Headphones,Philips,2013,,0
3338,349959,1.0,2014-12-08,Male,Headphones,Jabra,2013,,0
3338,349960,3.0,2014-12-08,Male,Headphones,Jabra,2013,,0
3150,349985,1.0,2014-12-08,Male,Headphones,Philips,2013,,0
5146,349996,4.0,2014-12-08,Female,Headphones,Jabra,2014,Male,0
4128,163643,4.0,2014-12-08,Female,Headphones,Jabra,2014,,2
3150,350235,1.0,2014-12-09,Male,Headphones,Philips,2013,,0
3338,350643,5.0,2014-12-09,Male,Headphones,Jabra,2013,,0
3338,350710,1.0,2014-12-09,Male,Headphones,Jabra,2013,,0
3338,350721,4.0,2014-12-09,Male,Headphones,Jabra,2013,,0
3338,150081,4.0,2014-12-09,Male,Headphones,Jabra,2013,,2
3338,350751,1.0,2014-12-09,Male,Headphones,Jabra,2013,,0
4818,350880,5.0,2014-12-09,Male,Headphones,Philips,2014,,0
3338,351103,5.0,2014-12-10,Male,Headphones,Jabra,2013,,0
5142,48175,5.0,2014-12-10,Female,Headphones,Jabra,2014,Female,1
3150,351580,5.0,2014-12-10,Male,Headphones,Philips,2013,,0
3461,351596,5.0,2014-12-10,Male,Headphones,Philips,2013,,0
3338,247180,3.0,2014-12-11,Male,Headphones,Jabra,2013,,2
4818,351840,5.0,2014-12-11,Male,Headphones,Philips,2014,,0
5146,351927,5.0,2014-12-11,Female,Headphones,Jabra,2014,,0
3439,351936,4.0,2014-12-11,Male,Headphones,Philips,2014,Female,0
3150,351992,5.0,2014-12-11,Male,Headphones,Philips,2013,Female,0
4501,352250,4.0,2014-12-11,Female,Headphones,Apple,2014,,0
3150,352305,5.0,2014-12-11,Male,Headphones,Philips,2013,,0
4501,352534,1.0,2014-12-12,Female,Headphones,Apple,2014,,0
3338,352783,4.0,2014-12-12,Male,Headphones,Jabra,2013,,0
3150,353250,5.0,2014-12-13,Male,Headphones,Philips,2013,,0
3338,353483,2.0,2014-12-14,Male,Headphones,Jabra,2013,,0
4818,353845,4.0,2014-12-14,Male,Headphones,Philips,2014,,0
3461,353935,1.0,2014-12-14,Male,Headphones,Philips,2013,,0
3461,354512,3.0,2014-12-15,Male,Headphones,Philips,2013,,0
3338,354657,5.0,2014-12-15,Male,Headphones,Jabra,2013,,0
3338,354658,5.0,2014-12-15,Male,Headphones,Jabra,2013,,0
5146,354784,3.0,2014-12-15,Female,Headphones,Jabra,2014,,0
3150,354823,4.0,2014-12-16,Male,Headphones,Philips,2013,Female,0
3338,355185,5.0,2014-12-16,Male,Headphones,Jabra,2013,,0
3338,355190,5.0,2014-12-16,Male,Headphones,Jabra,2013,Male,0
5142,355270,5.0,2014-12-16,Female,Headphones,Jabra,2014,,0
3461,355472,5.0,2014-12-16,Male,Headphones,Philips,2013,,0
2900,355549,5.0,2014-12-17,Female&Male,Headphones,Jabra,2013,,0
2921,355780,5.0,2014-12-17,Male,Headphones,Jabra,2013,Female,0
3150,355795,5.0,2014-12-17,Male,Headphones,Philips,2013,,0
3150,355654,3.0,2014-12-17,Male,Headphones,Philips,2013,,2
4501,355873,2.0,2014-12-17,Female,Headphones,Apple,2014,,0
5142,356393,1.0,2014-12-18,Female,Headphones,Jabra,2014,,0
3338,356665,4.0,2014-12-18,Male,Headphones,Jabra,2013,,0
3338,356666,2.0,2014-12-18,Male,Headphones,Jabra,2013,,0
3150,356739,2.0,2014-12-18,Male,Headphones,Philips,2013,,0
4501,354371,5.0,2014-12-19,Female,Headphones,Apple,2014,Female,1
3150,357168,4.0,2014-12-19,Male,Headphones,Philips,2013,Female,0
3461,25339,1.0,2014-12-19,Male,Headphones,Philips,2013,,2
3150,357745,5.0,2014-12-20,Male,Headphones,Philips,2013,,0
2900,357800,2.0,2014-12-20,Female&Male,Headphones,Jabra,2013,,0
4128,357872,3.0,2014-12-20,Female,Headphones,Jabra,2014,,0
3150,358209,3.0,2014-12-21,Male,Headphones,Philips,2013,,0
3461,358431,5.0,2014-12-21,Male,Headphones,Philips,2013,,0
3338,358473,4.0,2014-12-21,Male,Headphones,Jabra,2013,,0
3338,358534,3.0,2014-12-21,Male,Headphones,Jabra,2013,,0
3150,358586,5.0,2014-12-22,Male,Headphones,Philips,2013,,0
1466,358600,5.0,2014-12-22,Male,Headphones,Philips,2010,,0
3338,358723,4.0,2014-12-22,Male,Headphones,Jabra,2013,,0
5142,358740,5.0,2014-12-22,Female,Headphones,Jabra,2014,,0
3338,359315,4.0,2014-12-23,Male,Headphones,Jabra,2013,,0
3338,359324,5.0,2014-12-23,Male,Headphones,Jabra,2013,,0
2900,359848,5.0,2014-12-23,Female&Male,Headphones,Jabra,2013,Male,0
4501,359936,5.0,2014-12-24,Female,Headphones,Apple,2014,,0
3606,360012,5.0,2014-12-24,Male,Headphones,Philips,2014,Male,2
3338,360160,5.0,2014-12-24,Male,Headphones,Jabra,2013,,0
3150,360564,5.0,2014-12-25,Male,Headphones,Philips,2013,Male,0
5146,15972,5.0,2014-12-25,Female,Headphones,Jabra,2014,Female,1
3439,361246,5.0,2014-12-26,Male,Headphones,Philips,2014,,0
4501,361381,1.0,2014-12-26,Female,Headphones,Apple,2014,,0
3338,361687,5.0,2014-12-26,Male,Headphones,Jabra,2013,,0
3338,361743,4.0,2014-12-26,Male,Headphones,Jabra,2013,,0
3338,361744,2.0,2014-12-26,Male,Headphones,Jabra,2013,,0
3150,361879,4.0,2014-12-26,Male,Headphones,Philips,2013,,0
3150,361880,2.0,2014-12-26,Male,Headphones,Philips,2013,,0
1466,361938,4.0,2014-12-26,Male,Headphones,Philips,2010,,0
4128,362404,4.0,2014-12-27,Female,Headphones,Jabra,2014,Female,0
3338,362786,1.0,2014-12-27,Male,Headphones,Jabra,2013,,0
3461,363560,5.0,2014-12-28,Male,Headphones,Philips,2013,,0
3338,363576,5.0,2014-12-28,Male,Headphones,Jabra,2013,,0
3338,363692,5.0,2014-12-29,Male,Headphones,Jabra,2013,,0
1728,363731,5.0,2014-12-29,Female&Male,Headphones,Jabra,2011,,0
3338,363785,5.0,2014-12-29,Male,Headphones,Jabra,2013,,0
3338,363788,5.0,2014-12-29,Male,Headphones,Jabra,2013,,0
3338,363789,2.0,2014-12-29,Male,Headphones,Jabra,2013,,0
3150,364550,2.0,2014-12-29,Male,Headphones,Philips,2013,,0
1976,364589,4.0,2014-12-29,Female,Headphones,Philips,2012,,0
3700,364625,5.0,2014-12-29,Male,Headphones,Philips,2014,,0
3606,364626,5.0,2014-12-29,Male,Headphones,Philips,2014,Male,0
3439,364759,4.0,2014-12-30,Male,Headphones,Philips,2014,,0
3439,114336,4.0,2014-12-30,Male,Headphones,Philips,2014,,1
5146,364793,1.0,2014-12-30,Female,Headphones,Jabra,2014,,0
4128,365145,5.0,2014-12-30,Female,Headphones,Jabra,2014,,0
3338,365749,5.0,2014-12-31,Male,Headphones,Jabra,2013,,0
3338,365750,5.0,2014-12-31,Male,Headphones,Jabra,2013,,0
5146,365950,4.0,2014-12-31,Female,Headphones,Jabra,2014,,0
5146,365951,4.0,2014-12-31,Female,Headphones,Jabra,2014,,0
3150,366568,5.0,2014-12-31,Male,Headphones,Philips,2013,,0
1499,366676,5.0,2015-01-01,Male,Headphones,Philips,2011,,0
1728,366743,5.0,2015-01-01,Female&Male,Headphones,Jabra,2011,,0
2900,367011,5.0,2015-01-01,Female&Male,Headphones,Jabra,2013,,0
3338,367012,5.0,2015-01-01,Male,Headphones,Jabra,2013,,0
3338,367019,5.0,2015-01-01,Male,Headphones,Jabra,2013,,0
3338,367034,3.0,2015-01-01,Male,Headphones,Jabra,2013,,0
3338,367037,3.0,2015-01-01,Male,Headphones,Jabra,2013,,0
3338,367053,1.0,2015-01-01,Male,Headphones,Jabra,2013,,0
3338,367065,5.0,2015-01-01,Male,Headphones,Jabra,2013,,0
3338,367074,5.0,2015-01-01,Male,Headphones,Jabra,2013,,0
3338,367075,4.0,2015-01-01,Male,Headphones,Jabra,2013,Male,0
3338,367081,5.0,2015-01-01,Male,Headphones,Jabra,2013,,0
5142,367474,3.0,2015-01-01,Female,Headphones,Jabra,2014,,0
2900,112312,5.0,2015-01-02,Female&Male,Headphones,Jabra,2013,Male,1
3150,368038,3.0,2015-01-02,Male,Headphones,Philips,2013,Male,0
3338,368344,4.0,2015-01-02,Male,Headphones,Jabra,2013,,0
3338,368368,5.0,2015-01-02,Male,Headphones,Jabra,2013,,0
1469,368394,5.0,2015-01-02,Male,Headphones,Philips,2011,,0
3338,368789,5.0,2015-01-03,Male,Headphones,Jabra,2013,,0
3338,368790,4.0,2015-01-03,Male,Headphones,Jabra,2013,,0
3338,368791,1.0,2015-01-03,Male,Headphones,Jabra,2013,,0
3338,368792,1.0,2015-01-03,Male,Headphones,Jabra,2013,,0
3338,368793,5.0,2015-01-03,Male,Headphones,Jabra,2013,,0
3338,368794,4.0,2015-01-03,Male,Headphones,Jabra,2013,,0
3338,368816,5.0,2015-01-03,Male,Headphones,Jabra,2013,,0
3338,368841,4.0,2015-01-03,Male,Headphones,Jabra,2013,Male,0
3150,369229,4.0,2015-01-03,Male,Headphones,Philips,2013,,0
3150,369857,4.0,2015-01-04,Male,Headphones,Philips,2013,Male,0
3150,369858,4.0,2015-01-04,Male,Headphones,Philips,2013,,0
4128,370085,5.0,2015-01-04,Female,Headphones,Jabra,2014,,0
3338,370361,4.0,2015-01-04,Male,Headphones,Jabra,2013,,0
3338,370384,2.0,2015-01-04,Male,Headphones,Jabra,2013,,0
3338,159689,5.0,2015-01-04,Male,Headphones,Jabra,2013,,2
3461,370392,5.0,2015-01-04,Male,Headphones,Philips,2013,,0
1499,370644,2.0,2015-01-04,Male,Headphones,Philips,2011,Male,2
3700,371514,5.0,2015-01-05,Male,Headphones,Philips,2014,,0
3338,371878,5.0,2015-01-05,Male,Headphones,Jabra,2013,,0
3338,371881,5.0,2015-01-05,Male,Headphones,Jabra,2013,,0
3338,371882,5.0,2015-01-05,Male,Headphones,Jabra,2013,,0
1469,371925,1.0,2015-01-05,Male,Headphones,Philips,2011,,0
236,372116,4.0,2015-01-06,Male,Headphones,Philips,2005,Male,0
5142,372124,2.0,2015-01-06,Female,Headphones,Jabra,2014,,0
4818,372420,5.0,2015-01-06,Male,Headphones,Philips,2014,,0
3338,372577,2.0,2015-01-06,Male,Headphones,Jabra,2013,,0
3338,372587,4.0,2015-01-06,Male,Headphones,Jabra,2013,,0
3338,372589,1.0,2015-01-06,Male,Headphones,Jabra,2013,,0
3338,372590,1.0,2015-01-06,Male,Headphones,Jabra,2013,,0
3338,372593,4.0,2015-01-06,Male,Headphones,Jabra,2013,,0
1728,372600,2.0,2015-01-06,Female&Male,Headphones,Jabra,2011,,0
2614,373266,5.0,2015-01-07,Female,Headphones,Philips,2015,,0
3461,373318,4.0,2015-01-07,Male,Headphones,Philips,2013,Female,0
3338,373319,5.0,2015-01-07,Male,Headphones,Jabra,2013,,0
3338,374689,2.0,2015-01-08,Male,Headphones,Jabra,2013,,0
3338,374908,2.0,2015-01-09,Male,Headphones,Jabra,2013,,0
1499,374943,5.0,2015-01-09,Male,Headphones,Philips,2011,,0
4818,375572,5.0,2015-01-09,Male,Headphones,Philips,2014,,0
3150,375086,4.0,2015-01-09,Male,Headphones,Philips,2013,Male,2
3150,376279,2.0,2015-01-10,Male,Headphones,Philips,2013,,0
3338,376287,4.0,2015-01-10,Male,Headphones,Jabra,2013,,0
3338,376288,1.0,2015-01-10,Male,Headphones,Jabra,2013,,0
5146,376771,4.0,2015-01-11,Female,Headphones,Jabra,2014,,0
3338,376972,5.0,2015-01-11,Male,Headphones,Jabra,2013,,0
3150,377074,2.0,2015-01-11,Male,Headphones,Philips,2013,,0
236,377224,3.0,2015-01-11,Male,Headphones,Philips,2005,,0
3150,377334,5.0,2015-01-12,Male,Headphones,Philips,2013,,0
3338,377505,2.0,2015-01-12,Male,Headphones,Jabra,2013,,0
3338,377506,2.0,2015-01-12,Male,Headphones,Jabra,2013,,0
5142,378086,5.0,2015-01-12,Female,Headphones,Jabra,2014,,0
4128,328676,1.0,2015-01-13,Female,Headphones,Jabra,2014,,0
1466,378208,5.0,2015-01-13,Male,Headphones,Philips,2010,,0
1976,378241,5.0,2015-01-13,Female,Headphones,Philips,2012,,0
3150,378323,1.0,2015-01-13,Male,Headphones,Philips,2013,,0
6015,378612,1.0,2015-01-13,Female,Headphones,Jabra,2015,,0
3338,378717,5.0,2015-01-13,Male,Headphones,Jabra,2013,,0
3338,378718,5.0,2015-01-13,Male,Headphones,Jabra,2013,,0
4501,378899,2.0,2015-01-13,Female,Headphones,Apple,2014,Female,0
4501,378900,1.0,2015-01-13,Female,Headphones,Apple,2014,,0
1499,101829,5.0,2015-01-14,Male,Headphones,Philips,2011,,1
3338,379531,4.0,2015-01-14,Male,Headphones,Jabra,2013,,0
3338,379535,4.0,2015-01-14,Male,Headphones,Jabra,2013,,0
3338,379536,5.0,2015-01-14,Male,Headphones,Jabra,2013,,0
3338,243283,5.0,2015-01-14,Male,Headphones,Jabra,2013,,0
5146,379665,4.0,2015-01-14,Female,Headphones,Jabra,2014,,0
547,380048,5.0,2015-01-15,Male,Headphones,Philips,2007,Female,0
3338,380259,5.0,2015-01-15,Male,Headphones,Jabra,2013,,0
3338,380260,5.0,2015-01-15,Male,Headphones,Jabra,2013,,0
3338,380261,2.0,2015-01-15,Male,Headphones,Jabra,2013,,0
3338,380263,5.0,2015-01-15,Male,Headphones,Jabra,2013,Male,0
3461,380924,3.0,2015-01-16,Male,Headphones,Philips,2013,,0
3150,381128,4.0,2015-01-16,Male,Headphones,Philips,2013,,0
5142,381828,4.0,2015-01-17,Female,Headphones,Jabra,2014,,0
3338,381900,2.0,2015-01-17,Male,Headphones,Jabra,2013,,0
3338,381909,5.0,2015-01-17,Male,Headphones,Jabra,2013,Female,0
5146,382264,4.0,2015-01-18,Female,Headphones,Jabra,2014,Male,0
4501,382435,3.0,2015-01-18,Female,Headphones,Apple,2014,Female,0
5142,382461,5.0,2015-01-18,Female,Headphones,Jabra,2014,,0
3461,211416,5.0,2015-01-18,Male,Headphones,Philips,2013,,2
5142,382826,5.0,2015-01-19,Female,Headphones,Jabra,2014,,0
3338,383058,4.0,2015-01-19,Male,Headphones,Jabra,2013,,0
3338,383073,5.0,2015-01-19,Male,Headphones,Jabra,2013,Male,0
3606,383313,3.0,2015-01-19,Male,Headphones,Philips,2014,,0
3150,383391,5.0,2015-01-19,Male,Headphones,Philips,2013,,0
3150,383392,5.0,2015-01-19,Male,Headphones,Philips,2013,Female,0
3461,383463,5.0,2015-01-19,Male,Headphones,Philips,2013,,0
3461,383468,3.0,2015-01-19,Male,Headphones,Philips,2013,Male,0
3461,383472,1.0,2015-01-19,Male,Headphones,Philips,2013,,0
3439,383821,5.0,2015-01-20,Male,Headphones,Philips,2014,,0
3338,384285,3.0,2015-01-20,Male,Headphones,Jabra,2013,,0
3338,384286,1.0,2015-01-20,Male,Headphones,Jabra,2013,,0
3461,384358,5.0,2015-01-20,Male,Headphones,Philips,2013,,0
3461,384367,5.0,2015-01-20,Male,Headphones,Philips,2013,,0
5142,384573,5.0,2015-01-21,Female,Headphones,Jabra,2014,Female,0
6015,384709,5.0,2015-01-21,Female,Headphones,Jabra,2015,,0
3150,384890,5.0,2015-01-21,Male,Headphones,Philips,2013,Male,0
4416,384900,5.0,2015-01-21,Female,Headphones,Philips,2014,Male,0
3461,384949,3.0,2015-01-21,Male,Headphones,Philips,2013,,0
3338,385430,3.0,2015-01-22,Male,Headphones,Jabra,2013,,0
3338,385469,1.0,2015-01-22,Male,Headphones,Jabra,2013,,0
1466,385584,5.0,2015-01-22,Male,Headphones,Philips,2010,Female,0
5257,385769,5.0,2015-01-22,Male,Headphones,Philips,2015,,0
3150,385953,5.0,2015-01-23,Male,Headphones,Philips,2013,,0
5146,386283,5.0,2015-01-23,Female,Headphones,Jabra,2014,,0
4818,386416,5.0,2015-01-23,Male,Headphones,Philips,2014,,0
5257,386425,5.0,2015-01-23,Male,Headphones,Philips,2015,,0
3150,249610,3.0,2015-01-24,Male,Headphones,Philips,2013,Male,0
3338,386924,4.0,2015-01-24,Male,Headphones,Jabra,2013,,0
3338,386925,2.0,2015-01-24,Male,Headphones,Jabra,2013,,0
3461,386932,1.0,2015-01-24,Male,Headphones,Philips,2013,,0
2614,386633,5.0,2015-01-24,Female,Headphones,Philips,2015,Female,2
5257,240948,5.0,2015-01-25,Male,Headphones,Philips,2015,,2
1762,387175,5.0,2015-01-25,Male,Headphones,Philips,2013,,0
3338,387322,4.0,2015-01-25,Male,Headphones,Jabra,2013,,0
3338,387323,4.0,2015-01-25,Male,Headphones,Jabra,2013,,0
3338,387324,5.0,2015-01-25,Male,Headphones,Jabra,2013,,0
4501,386930,5.0,2015-01-25,Female,Headphones,Apple,2014,Female,0
3338,387848,5.0,2015-01-26,Male,Headphones,Jabra,2013,,0
1728,387850,5.0,2015-01-26,Female&Male,Headphones,Jabra,2011,,0
3150,387975,5.0,2015-01-26,Male,Headphones,Philips,2013,,0
3150,387976,1.0,2015-01-26,Male,Headphones,Philips,2013,,0
5142,388358,1.0,2015-01-27,Female,Headphones,Jabra,2014,Male,0
3461,388458,3.0,2015-01-27,Male,Headphones,Philips,2013,,0
3150,387471,5.0,2015-01-27,Male,Headphones,Philips,2013,,2
6015,388893,5.0,2015-01-27,Female,Headphones,Jabra,2015,,0
3338,389556,5.0,2015-01-28,Male,Headphones,Jabra,2013,,0
3338,389557,2.0,2015-01-28,Male,Headphones,Jabra,2013,,0
3338,389606,4.0,2015-01-28,Male,Headphones,Jabra,2013,,0
3150,390321,5.0,2015-01-29,Male,Headphones,Philips,2013,,0
3338,390352,1.0,2015-01-29,Male,Headphones,Jabra,2013,,0
3338,390354,2.0,2015-01-29,Male,Headphones,Jabra,2013,,0
3338,390785,1.0,2015-01-30,Male,Headphones,Jabra,2013,,0
3338,390832,5.0,2015-01-30,Male,Headphones,Jabra,2013,,0
5142,390897,1.0,2015-01-30,Female,Headphones,Jabra,2014,,0
5142,391264,2.0,2015-01-31,Female,Headphones,Jabra,2014,,0
3820,391299,5.0,2015-01-31,Male,Headphones,Philips,2014,,0
3338,391301,3.0,2015-01-31,Male,Headphones,Jabra,2013,,0
3338,391305,2.0,2015-01-31,Male,Headphones,Jabra,2013,,0
2900,379373,5.0,2015-01-31,Female&Male,Headphones,Jabra,2013,,2
5485,391724,2.0,2015-02-01,Male,Headphones,Jabra,2015,,0
2921,392136,5.0,2015-02-01,Male,Headphones,Jabra,2013,,0
4818,392188,5.0,2015-02-01,Male,Headphones,Philips,2014,,0
3338,392218,1.0,2015-02-01,Male,Headphones,Jabra,2013,,0
1466,392354,4.0,2015-02-02,Male,Headphones,Philips,2010,,0
4501,392873,5.0,2015-02-02,Female,Headphones,Apple,2014,,0
5142,393115,1.0,2015-02-03,Female,Headphones,Jabra,2014,,0
3338,393118,2.0,2015-02-03,Male,Headphones,Jabra,2013,,0
3338,393119,2.0,2015-02-03,Male,Headphones,Jabra,2013,,0
6015,393258,3.0,2015-02-03,Female,Headphones,Jabra,2015,,0
6015,393259,5.0,2015-02-03,Female,Headphones,Jabra,2015,Male,0
3461,393571,3.0,2015-02-03,Male,Headphones,Philips,2013,,0
4501,394621,5.0,2015-02-04,Female,Headphones,Apple,2014,,0
236,394782,5.0,2015-02-05,Male,Headphones,Philips,2005,,0
1469,394978,4.0,2015-02-05,Male,Headphones,Philips,2011,,0
3338,395030,5.0,2015-02-05,Male,Headphones,Jabra,2013,,0
4128,395275,5.0,2015-02-05,Female,Headphones,Jabra,2014,,0
3461,11743,4.0,2015-02-05,Male,Headphones,Philips,2013,,2
5146,395519,5.0,2015-02-06,Female,Headphones,Jabra,2014,Female,0
5142,395570,5.0,2015-02-06,Female,Headphones,Jabra,2014,,0
5142,395572,5.0,2015-02-06,Female,Headphones,Jabra,2014,,0
3150,395699,5.0,2015-02-06,Male,Headphones,Philips,2013,,0
3338,395793,3.0,2015-02-06,Male,Headphones,Jabra,2013,,0
3150,396437,3.0,2015-02-07,Male,Headphones,Philips,2013,,0
3338,396490,1.0,2015-02-07,Male,Headphones,Jabra,2013,,0
4501,396845,5.0,2015-02-08,Female,Headphones,Apple,2014,,0
3338,397380,1.0,2015-02-08,Male,Headphones,Jabra,2013,,0
1469,397446,4.0,2015-02-09,Male,Headphones,Philips,2011,,0
5142,397461,4.0,2015-02-09,Female,Headphones,Jabra,2014,,0
236,397470,5.0,2015-02-09,Male,Headphones,Philips,2005,,0
3150,397524,3.0,2015-02-09,Male,Headphones,Philips,2013,Male,0
3150,397525,5.0,2015-02-09,Male,Headphones,Philips,2013,,0
3338,397548,1.0,2015-02-09,Male,Headphones,Jabra,2013,,0
3338,397549,2.0,2015-02-09,Male,Headphones,Jabra,2013,Male,0
5146,397664,2.0,2015-02-09,Female,Headphones,Jabra,2014,,0
3461,398688,5.0,2015-02-10,Male,Headphones,Philips,2013,,0
3338,398765,4.0,2015-02-10,Male,Headphones,Jabra,2013,,0
1466,398895,5.0,2015-02-10,Male,Headphones,Philips,2010,Female,0
5142,398909,5.0,2015-02-10,Female,Headphones,Jabra,2014,,0
5142,398916,1.0,2015-02-10,Female,Headphones,Jabra,2014,,0
6015,398955,1.0,2015-02-11,Female,Headphones,Jabra,2015,,0
3150,399228,5.0,2015-02-11,Male,Headphones,Philips,2013,,0
3338,399401,1.0,2015-02-11,Male,Headphones,Jabra,2013,,0
3338,399402,1.0,2015-02-11,Male,Headphones,Jabra,2013,,0
4128,399582,4.0,2015-02-11,Female,Headphones,Jabra,2014,,0
2900,399707,5.0,2015-02-11,Female&Male,Headphones,Jabra,2013,,0
3461,399897,3.0,2015-02-12,Male,Headphones,Philips,2013,,0
3461,399898,4.0,2015-02-12,Male,Headphones,Philips,2013,,0
5146,400064,4.0,2015-02-12,Female,Headphones,Jabra,2014,,0
1976,400076,1.0,2015-02-12,Female,Headphones,Philips,2012,,0
4416,4092,5.0,2015-02-12,Female,Headphones,Philips,2014,,2
5142,401221,4.0,2015-02-13,Female,Headphones,Jabra,2014,,0
5142,401227,5.0,2015-02-13,Female,Headphones,Jabra,2014,,0
4501,401587,5.0,2015-02-14,Female,Headphones,Apple,2014,,0
3700,188073,5.0,2015-02-14,Male,Headphones,Philips,2014,,2
3150,401858,1.0,2015-02-14,Male,Headphones,Philips,2013,,0
3150,401705,2.0,2015-02-14,Male,Headphones,Philips,2013,,2
3150,401859,4.0,2015-02-14,Male,Headphones,Philips,2013,,0
3461,401911,1.0,2015-02-14,Male,Headphones,Philips,2013,,0
3150,402256,4.0,2015-02-15,Male,Headphones,Philips,2013,,0
3338,402594,3.0,2015-02-15,Male,Headphones,Jabra,2013,Female,0
3338,402712,1.0,2015-02-15,Male,Headphones,Jabra,2013,,0
3338,402714,3.0,2015-02-15,Male,Headphones,Jabra,2013,,0
2921,402772,4.0,2015-02-16,Male,Headphones,Jabra,2013,,0
2900,402959,5.0,2015-02-16,Female&Male,Headphones,Jabra,2013,,0
5142,403033,2.0,2015-02-16,Female,Headphones,Jabra,2014,Male,0
5142,403034,5.0,2015-02-16,Female,Headphones,Jabra,2014,,0
3461,403195,1.0,2015-02-16,Male,Headphones,Philips,2013,,0
3461,403198,5.0,2015-02-16,Male,Headphones,Philips,2013,,0
3338,403278,5.0,2015-02-16,Male,Headphones,Jabra,2013,,0
3606,403340,1.0,2015-02-16,Male,Headphones,Philips,2014,,0
3338,402761,4.0,2015-02-16,Male,Headphones,Jabra,2013,Female,2
3338,403399,2.0,2015-02-16,Male,Headphones,Jabra,2013,,0
3338,403429,4.0,2015-02-16,Male,Headphones,Jabra,2013,,0
2921,403804,4.0,2015-02-17,Male,Headphones,Jabra,2013,,0
2614,404158,5.0,2015-02-17,Female,Headphones,Philips,2015,,0
3150,404241,4.0,2015-02-17,Male,Headphones,Philips,2013,,0
3338,404352,3.0,2015-02-17,Male,Headphones,Jabra,2013,,0
3461,404625,3.0,2015-02-18,Male,Headphones,Philips,2013,,0
3461,404626,5.0,2015-02-18,Male,Headphones,Philips,2013,,0
5257,404707,5.0,2015-02-18,Male,Headphones,Philips,2015,,0
3150,404717,5.0,2015-02-18,Male,Headphones,Philips,2013,,0
3338,405297,4.0,2015-02-18,Male,Headphones,Jabra,2013,,0
5146,405518,5.0,2015-02-19,Female,Headphones,Jabra,2014,Female,0
5142,405548,1.0,2015-02-19,Female,Headphones,Jabra,2014,,0
3338,405596,5.0,2015-02-19,Male,Headphones,Jabra,2013,,0
3338,405597,1.0,2015-02-19,Male,Headphones,Jabra,2013,,0
2921,271850,5.0,2015-02-19,Male,Headphones,Jabra,2013,,0
5142,405734,5.0,2015-02-19,Female,Headphones,Jabra,2014,,0
3150,405895,5.0,2015-02-19,Male,Headphones,Philips,2013,,0
3150,405899,5.0,2015-02-19,Male,Headphones,Philips,2013,Female,0
3338,406407,3.0,2015-02-20,Male,Headphones,Jabra,2013,Male,0
3338,406408,5.0,2015-02-20,Male,Headphones,Jabra,2013,Male,0
5146,406423,5.0,2015-02-20,Female,Headphones,Jabra,2014,Male,0
3150,406518,5.0,2015-02-20,Male,Headphones,Philips,2013,,0
5142,406563,5.0,2015-02-20,Female,Headphones,Jabra,2014,,0
4501,406623,5.0,2015-02-20,Female,Headphones,Apple,2014,,0
5142,407045,5.0,2015-02-21,Female,Headphones,Jabra,2014,,0
3150,407063,3.0,2015-02-21,Male,Headphones,Philips,2013,,0
3338,407466,5.0,2015-02-21,Male,Headphones,Jabra,2013,,0
1728,407744,4.0,2015-02-22,Female&Male,Headphones,Jabra,2011,,0
3150,408286,2.0,2015-02-22,Male,Headphones,Philips,2013,,0
3150,408314,3.0,2015-02-22,Male,Headphones,Philips,2013,,0
3338,408401,5.0,2015-02-22,Male,Headphones,Jabra,2013,,0
3338,408403,2.0,2015-02-22,Male,Headphones,Jabra,2013,Female,0
3338,408405,1.0,2015-02-22,Male,Headphones,Jabra,2013,,0
3338,408449,5.0,2015-02-22,Male,Headphones,Jabra,2013,,0
5146,408654,5.0,2015-02-23,Female,Headphones,Jabra,2014,,0
3338,105339,5.0,2015-02-23,Male,Headphones,Jabra,2013,Male,1
3338,408663,1.0,2015-02-23,Male,Headphones,Jabra,2013,,0
3150,408911,5.0,2015-02-23,Male,Headphones,Philips,2013,,0
3150,408912,3.0,2015-02-23,Male,Headphones,Philips,2013,Female,0
3150,408913,3.0,2015-02-23,Male,Headphones,Philips,2013,,0
4416,408944,4.0,2015-02-23,Female,Headphones,Philips,2014,,0
3338,409515,5.0,2015-02-24,Male,Headphones,Jabra,2013,,0
5257,87425,5.0,2015-02-24,Male,Headphones,Philips,2015,,0
3338,409530,2.0,2015-02-24,Male,Headphones,Jabra,2013,,0
3150,410307,5.0,2015-02-24,Male,Headphones,Philips,2013,Male,2
2900,410422,5.0,2015-02-25,Female&Male,Headphones,Jabra,2013,,0
3150,411055,2.0,2015-02-25,Male,Headphones,Philips,2013,,0
5146,411892,5.0,2015-02-26,Female,Headphones,Jabra,2014,,0
3338,412058,2.0,2015-02-26,Male,Headphones,Jabra,2013,,0
3338,412233,5.0,2015-02-27,Male,Headphones,Jabra,2013,,0
3338,412242,1.0,2015-02-27,Male,Headphones,Jabra,2013,,0
3338,412259,3.0,2015-02-27,Male,Headphones,Jabra,2013,,0
3338,100686,1.0,2015-02-28,Male,Headphones,Jabra,2013,,2
3338,413260,1.0,2015-02-28,Male,Headphones,Jabra,2013,,0
3150,413347,1.0,2015-02-28,Male,Headphones,Philips,2013,,0
3461,413379,5.0,2015-02-28,Male,Headphones,Philips,2013,,0
5146,413437,2.0,2015-02-28,Female,Headphones,Jabra,2014,,0
3150,414139,5.0,2015-03-01,Male,Headphones,Philips,2013,,0
5146,414161,3.0,2015-03-01,Female,Headphones,Jabra,2014,,0
5142,414463,5.0,2015-03-02,Female,Headphones,Jabra,2014,,0
3338,414717,3.0,2015-03-02,Male,Headphones,Jabra,2013,,0
3338,414718,2.0,2015-03-02,Male,Headphones,Jabra,2013,,0
2614,415173,5.0,2015-03-02,Female,Headphones,Philips,2015,,0
1758,414717,5.0,2015-03-02,Male,Headphones,Jabra,2011,,2
3461,415318,1.0,2015-03-02,Male,Headphones,Philips,2013,,0
3461,415322,5.0,2015-03-02,Male,Headphones,Philips,2013,Male,0
5142,415379,5.0,2015-03-03,Female,Headphones,Jabra,2014,,0
3150,273979,5.0,2015-03-03,Male,Headphones,Philips,2013,Female,2
3150,415517,3.0,2015-03-03,Male,Headphones,Philips,2013,,0
3461,300641,5.0,2015-03-03,Male,Headphones,Philips,2013,,2
3461,416192,2.0,2015-03-03,Male,Headphones,Philips,2013,,0
3338,416517,3.0,2015-03-04,Male,Headphones,Jabra,2013,,0
3338,416518,1.0,2015-03-04,Male,Headphones,Jabra,2013,,0
5146,416564,5.0,2015-03-04,Female,Headphones,Jabra,2014,,0
2614,416813,2.0,2015-03-04,Female,Headphones,Philips,2015,Female,0
3150,416885,5.0,2015-03-04,Male,Headphones,Philips,2013,,0
3150,340657,1.0,2015-03-04,Male,Headphones,Philips,2013,,2
3461,78443,5.0,2015-03-05,Male,Headphones,Philips,2013,,2
3461,417151,5.0,2015-03-05,Male,Headphones,Philips,2013,,0
3150,417378,1.0,2015-03-05,Male,Headphones,Philips,2013,,0
5142,417554,5.0,2015-03-05,Female,Headphones,Jabra,2014,Male,0
3338,417569,5.0,2015-03-05,Male,Headphones,Jabra,2013,,0
3338,417570,2.0,2015-03-05,Male,Headphones,Jabra,2013,,0
4501,418186,1.0,2015-03-06,Female,Headphones,Apple,2014,,0
3150,418253,1.0,2015-03-06,Male,Headphones,Philips,2013,,0
3150,418254,2.0,2015-03-06,Male,Headphones,Philips,2013,,0
3338,418385,5.0,2015-03-06,Male,Headphones,Jabra,2013,Male,0
3150,418821,4.0,2015-03-07,Male,Headphones,Philips,2013,,0
3461,419702,5.0,2015-03-08,Male,Headphones,Philips,2013,Male,0
5146,419954,4.0,2015-03-08,Female,Headphones,Jabra,2014,,0
1499,33684,5.0,2015-03-09,Male,Headphones,Philips,2011,,1
4501,420116,2.0,2015-03-09,Female,Headphones,Apple,2014,,0
5142,420214,4.0,2015-03-09,Female,Headphones,Jabra,2014,,0
3150,420257,3.0,2015-03-09,Male,Headphones,Philips,2013,,0
3150,420258,5.0,2015-03-09,Male,Headphones,Philips,2013,Male,0
2921,420524,3.0,2015-03-09,Male,Headphones,Jabra,2013,,0
3338,420537,2.0,2015-03-09,Male,Headphones,Jabra,2013,,0
5146,420723,5.0,2015-03-09,Female,Headphones,Jabra,2014,,0
3606,420810,1.0,2015-03-10,Male,Headphones,Philips,2014,,0
3150,420956,5.0,2015-03-10,Male,Headphones,Philips,2013,Female,0
5142,421138,3.0,2015-03-10,Female,Headphones,Jabra,2014,,0
3150,421728,1.0,2015-03-11,Male,Headphones,Philips,2013,,0
3150,421741,5.0,2015-03-11,Male,Headphones,Philips,2013,,0
3150,421756,1.0,2015-03-11,Male,Headphones,Philips,2013,,0
1499,421797,5.0,2015-03-11,Male,Headphones,Philips,2011,,0
3338,421802,1.0,2015-03-11,Male,Headphones,Jabra,2013,,0
3338,421807,5.0,2015-03-11,Male,Headphones,Jabra,2013,,0
5146,421828,3.0,2015-03-11,Female,Headphones,Jabra,2014,,0
5142,421879,5.0,2015-03-11,Female,Headphones,Jabra,2014,,0
5142,422321,4.0,2015-03-11,Female,Headphones,Jabra,2014,,0
3150,422387,5.0,2015-03-12,Male,Headphones,Philips,2013,,0
5257,422586,5.0,2015-03-12,Male,Headphones,Philips,2015,,0
4818,422799,5.0,2015-03-12,Male,Headphones,Philips,2014,,0
3338,422901,3.0,2015-03-12,Male,Headphones,Jabra,2013,,0
3461,423309,5.0,2015-03-13,Male,Headphones,Philips,2013,,0
1499,423618,5.0,2015-03-13,Male,Headphones,Philips,2011,,0
3338,423703,3.0,2015-03-13,Male,Headphones,Jabra,2013,,0
5257,319764,4.0,2015-03-14,Male,Headphones,Philips,2015,,2
1728,317670,5.0,2015-03-14,Female&Male,Headphones,Jabra,2011,Male,2
3439,424596,5.0,2015-03-15,Male,Headphones,Philips,2014,Male,0
5257,241422,5.0,2015-03-15,Male,Headphones,Philips,2015,,1
3338,424950,5.0,2015-03-15,Male,Headphones,Jabra,2013,Female,0
3338,414522,2.0,2015-03-15,Male,Headphones,Jabra,2013,,0
5146,425265,5.0,2015-03-16,Female,Headphones,Jabra,2014,Male,0
5142,425672,5.0,2015-03-16,Female,Headphones,Jabra,2014,,0
3606,425713,5.0,2015-03-16,Male,Headphones,Philips,2014,,0
5142,425879,5.0,2015-03-17,Female,Headphones,Jabra,2014,,0
5142,425880,5.0,2015-03-17,Female,Headphones,Jabra,2014,,0
5257,426507,5.0,2015-03-17,Male,Headphones,Philips,2015,Male,0
3150,427027,4.0,2015-03-18,Male,Headphones,Philips,2013,Female,0
3150,427028,3.0,2015-03-18,Male,Headphones,Philips,2013,,0
5146,427054,2.0,2015-03-18,Female,Headphones,Jabra,2014,,0
4501,427528,4.0,2015-03-19,Female,Headphones,Apple,2014,,0
1728,427771,5.0,2015-03-19,Female&Male,Headphones,Jabra,2011,Female,0
3338,427837,1.0,2015-03-19,Male,Headphones,Jabra,2013,,0
3338,427838,1.0,2015-03-19,Male,Headphones,Jabra,2013,,0
3338,427839,5.0,2015-03-19,Male,Headphones,Jabra,2013,,0
3338,427840,5.0,2015-03-19,Male,Headphones,Jabra,2013,Female,0
1469,427892,1.0,2015-03-19,Male,Headphones,Philips,2011,,0
5257,428011,5.0,2015-03-19,Male,Headphones,Philips,2015,,0
3820,372420,5.0,2015-03-19,Male,Headphones,Philips,2014,,2
5146,428776,5.0,2015-03-20,Female,Headphones,Jabra,2014,,0
3338,428785,3.0,2015-03-20,Male,Headphones,Jabra,2013,Male,0
3338,428786,2.0,2015-03-20,Male,Headphones,Jabra,2013,,0
5142,428955,1.0,2015-03-21,Female,Headphones,Jabra,2014,,0
3439,429324,2.0,2015-03-21,Male,Headphones,Philips,2014,,0
3700,429579,5.0,2015-03-22,Male,Headphones,Philips,2014,,0
3338,429773,3.0,2015-03-22,Male,Headphones,Jabra,2013,,0
6015,430056,4.0,2015-03-22,Female,Headphones,Jabra,2015,,0
3439,430075,4.0,2015-03-22,Male,Headphones,Philips,2014,,0
3150,430312,5.0,2015-03-23,Male,Headphones,Philips,2013,,0
1469,430588,4.0,2015-03-23,Male,Headphones,Philips,2011,,0
3338,430929,2.0,2015-03-23,Male,Headphones,Jabra,2013,,0
3483,431214,5.0,2015-03-24,Male,Headphones,Philips,2018,Male,0
2900,431289,4.0,2015-03-24,Female&Male,Headphones,Jabra,2013,,0
4501,431513,5.0,2015-03-24,Female,Headphones,Apple,2014,,0
3338,431604,3.0,2015-03-24,Male,Headphones,Jabra,2013,,0
3338,431605,5.0,2015-03-24,Male,Headphones,Jabra,2013,,0
3338,431781,1.0,2015-03-24,Male,Headphones,Jabra,2013,,0
5146,431933,5.0,2015-03-25,Female,Headphones,Jabra,2014,,0
5257,432115,5.0,2015-03-25,Male,Headphones,Philips,2015,,0
3338,185533,2.0,2015-03-26,Male,Headphones,Jabra,2013,Female,2
3150,432841,5.0,2015-03-26,Male,Headphones,Philips,2013,,0
3150,432894,4.0,2015-03-26,Male,Headphones,Philips,2013,,0
1728,433362,1.0,2015-03-27,Female&Male,Headphones,Jabra,2011,,0
5146,433538,4.0,2015-03-27,Female,Headphones,Jabra,2014,,0
5146,433539,5.0,2015-03-27,Female,Headphones,Jabra,2014,,0
5257,433588,5.0,2015-03-27,Male,Headphones,Philips,2015,,0
3150,433946,5.0,2015-03-28,Male,Headphones,Philips,2013,,0
5146,433958,3.0,2015-03-28,Female,Headphones,Jabra,2014,,0
6015,433958,3.0,2015-03-28,Female,Headphones,Jabra,2015,,1
5142,434181,5.0,2015-03-28,Female,Headphones,Jabra,2014,,0
1728,434270,1.0,2015-03-28,Female&Male,Headphones,Jabra,2011,,0
5257,434679,5.0,2015-03-29,Male,Headphones,Philips,2015,Male,2
1499,434739,2.0,2015-03-29,Male,Headphones,Philips,2011,,0
5146,434775,5.0,2015-03-29,Female,Headphones,Jabra,2014,,0
3820,435056,3.0,2015-03-29,Male,Headphones,Philips,2014,,0
4128,435124,2.0,2015-03-29,Female,Headphones,Jabra,2014,,0
6015,435678,2.0,2015-03-30,Female,Headphones,Jabra,2015,,0
5146,435697,4.0,2015-03-30,Female,Headphones,Jabra,2014,,0
5146,435698,1.0,2015-03-30,Female,Headphones,Jabra,2014,,0
3150,435921,5.0,2015-03-30,Male,Headphones,Philips,2013,,0
5142,435942,1.0,2015-03-30,Female,Headphones,Jabra,2014,,0
236,436082,5.0,2015-03-31,Male,Headphones,Philips,2005,,0
3150,436132,1.0,2015-03-31,Male,Headphones,Philips,2013,,0
3150,436133,1.0,2015-03-31,Male,Headphones,Philips,2013,,0
3338,436198,1.0,2015-03-31,Male,Headphones,Jabra,2013,,0
1499,436209,3.0,2015-03-31,Male,Headphones,Philips,2011,,0
3461,436322,5.0,2015-03-31,Male,Headphones,Philips,2013,,0
5294,436333,5.0,2015-03-31,Male,Headphones,Philips,2015,,0
5294,436356,5.0,2015-03-31,Male,Headphones,Philips,2015,Male,0
5142,436456,5.0,2015-03-31,Female,Headphones,Jabra,2014,,0
5142,436457,5.0,2015-03-31,Female,Headphones,Jabra,2014,,0
2900,436725,1.0,2015-04-01,Female&Male,Headphones,Jabra,2013,,0
2921,436810,5.0,2015-04-01,Male,Headphones,Jabra,2013,,0
1469,436857,5.0,2015-04-01,Male,Headphones,Philips,2011,,0
5146,436906,5.0,2015-04-01,Female,Headphones,Jabra,2014,,0
3606,437352,4.0,2015-04-02,Male,Headphones,Philips,2014,,0
5146,437839,5.0,2015-04-02,Female,Headphones,Jabra,2014,,0
5146,437840,4.0,2015-04-02,Female,Headphones,Jabra,2014,,0
3461,438033,5.0,2015-04-02,Male,Headphones,Philips,2013,,0
3700,438419,5.0,2015-04-03,Male,Headphones,Philips,2014,,0
3461,438431,4.0,2015-04-03,Male,Headphones,Philips,2013,,0
3150,438512,5.0,2015-04-03,Male,Headphones,Philips,2013,,0
5142,438869,4.0,2015-04-04,Female,Headphones,Jabra,2014,,0
4128,439001,2.0,2015-04-04,Female,Headphones,Jabra,2014,,0
3338,439149,4.0,2015-04-04,Male,Headphones,Jabra,2013,,0
3338,438715,5.0,2015-04-04,Male,Headphones,Jabra,2013,,2
3338,439264,1.0,2015-04-05,Male,Headphones,Jabra,2013,,0
5142,439339,5.0,2015-04-05,Female,Headphones,Jabra,2014,,0
3461,439589,1.0,2015-04-05,Male,Headphones,Philips,2013,,0
3338,440278,5.0,2015-04-06,Male,Headphones,Jabra,2013,,0
3461,440423,3.0,2015-04-06,Male,Headphones,Philips,2013,,0
3150,440468,5.0,2015-04-06,Male,Headphones,Philips,2013,Female,0
3150,440504,5.0,2015-04-06,Male,Headphones,Philips,2013,,0
3150,440519,5.0,2015-04-07,Male,Headphones,Philips,2013,,0
4128,440961,1.0,2015-04-07,Female,Headphones,Jabra,2014,,0
5146,441107,4.0,2015-04-07,Female,Headphones,Jabra,2014,,0
3439,441114,1.0,2015-04-07,Male,Headphones,Philips,2014,,0
3461,441152,4.0,2015-04-07,Male,Headphones,Philips,2013,,0
3338,441157,2.0,2015-04-07,Male,Headphones,Jabra,2013,,0
3338,441193,1.0,2015-04-07,Male,Headphones,Jabra,2013,,0
3461,441196,5.0,2015-04-07,Male,Headphones,Philips,2013,,0
3338,441201,1.0,2015-04-07,Male,Headphones,Jabra,2013,,0
3150,441557,3.0,2015-04-08,Male,Headphones,Philips,2013,,0
5146,442001,5.0,2015-04-09,Female,Headphones,Jabra,2014,,0
3150,442381,5.0,2015-04-09,Male,Headphones,Philips,2013,,0
3150,442500,1.0,2015-04-09,Male,Headphones,Philips,2013,,0
3461,442849,3.0,2015-04-10,Male,Headphones,Philips,2013,,0
2921,443030,5.0,2015-04-10,Male,Headphones,Jabra,2013,,0
4501,443035,5.0,2015-04-10,Female,Headphones,Apple,2014,,0
3150,443410,3.0,2015-04-11,Male,Headphones,Philips,2013,Male,0
3150,443411,4.0,2015-04-11,Male,Headphones,Philips,2013,Male,0
3461,26372,1.0,2015-04-11,Male,Headphones,Philips,2013,,2
3338,444007,5.0,2015-04-12,Male,Headphones,Jabra,2013,,0
2614,444080,4.0,2015-04-12,Female,Headphones,Philips,2015,,0
6015,444385,1.0,2015-04-12,Female,Headphones,Jabra,2015,,0
3461,444446,5.0,2015-04-12,Male,Headphones,Philips,2013,,0
4416,444453,1.0,2015-04-12,Female,Headphones,Philips,2014,,0
3150,444481,5.0,2015-04-12,Male,Headphones,Philips,2013,,0
6699,444817,5.0,2015-04-13,Female,Headphones,Jabra,2015,,0
6699,444819,5.0,2015-04-13,Female,Headphones,Jabra,2015,,0
3439,444867,5.0,2015-04-13,Male,Headphones,Philips,2014,,0
5257,444994,4.0,2015-04-13,Male,Headphones,Philips,2015,,0
5142,445008,5.0,2015-04-13,Female,Headphones,Jabra,2014,,0
5142,445009,1.0,2015-04-13,Female,Headphones,Jabra,2014,,0
5142,445013,5.0,2015-04-13,Female,Headphones,Jabra,2014,,0
5146,445120,4.0,2015-04-13,Female,Headphones,Jabra,2014,,0
5146,445138,5.0,2015-04-13,Female,Headphones,Jabra,2014,,0
2900,445236,5.0,2015-04-13,Female&Male,Headphones,Jabra,2013,,0
5146,445322,5.0,2015-04-14,Female,Headphones,Jabra,2014,,0
3338,445492,3.0,2015-04-14,Male,Headphones,Jabra,2013,,0
3461,445779,2.0,2015-04-14,Male,Headphones,Philips,2013,,0
3461,446242,4.0,2015-04-15,Male,Headphones,Philips,2013,,0
5142,446525,1.0,2015-04-15,Female,Headphones,Jabra,2014,,0
5142,446621,4.0,2015-04-16,Female,Headphones,Jabra,2014,,0
5257,364626,5.0,2015-04-16,Male,Headphones,Philips,2015,Male,2
3461,446895,1.0,2015-04-16,Male,Headphones,Philips,2013,,0
5146,447154,2.0,2015-04-16,Female,Headphones,Jabra,2014,,0
3150,447383,5.0,2015-04-17,Male,Headphones,Philips,2013,,0
3150,447384,5.0,2015-04-17,Male,Headphones,Philips,2013,,0
3461,447446,3.0,2015-04-17,Male,Headphones,Philips,2013,Female,0
1499,447568,4.0,2015-04-17,Male,Headphones,Philips,2011,,0
3820,447839,3.0,2015-04-17,Male,Headphones,Philips,2014,,0
1469,448075,5.0,2015-04-18,Male,Headphones,Philips,2011,,0
5146,393523,4.0,2015-04-18,Female,Headphones,Jabra,2014,Female,1
5146,448175,4.0,2015-04-18,Female,Headphones,Jabra,2014,,0
5142,448244,2.0,2015-04-18,Female,Headphones,Jabra,2014,,0
6742,448355,5.0,2015-04-18,Male,Headphones,Philips,2018,,0
3820,448403,1.0,2015-04-18,Male,Headphones,Philips,2014,,0
3338,448410,2.0,2015-04-18,Male,Headphones,Jabra,2013,,0
1466,448010,5.0,2015-04-18,Male,Headphones,Philips,2010,Male,1
3461,448615,4.0,2015-04-19,Male,Headphones,Philips,2013,,0
3338,448626,5.0,2015-04-19,Male,Headphones,Jabra,2013,Male,0
6015,449065,4.0,2015-04-19,Female,Headphones,Jabra,2015,,0
6699,449250,5.0,2015-04-20,Female,Headphones,Jabra,2015,,0
3461,90235,5.0,2015-04-20,Male,Headphones,Philips,2013,,2
4128,449606,5.0,2015-04-20,Female,Headphones,Jabra,2014,Male,0
5146,449636,4.0,2015-04-20,Female,Headphones,Jabra,2014,,0
3338,449726,2.0,2015-04-20,Male,Headphones,Jabra,2013,,0
3338,449727,1.0,2015-04-20,Male,Headphones,Jabra,2013,,0
1728,449740,4.0,2015-04-20,Female&Male,Headphones,Jabra,2011,,0
5257,449797,5.0,2015-04-20,Male,Headphones,Philips,2015,,0
5142,450574,3.0,2015-04-21,Female,Headphones,Jabra,2014,,0
5257,345107,5.0,2015-04-21,Male,Headphones,Philips,2015,Male,0
3338,450683,5.0,2015-04-21,Male,Headphones,Jabra,2013,,0
3150,450786,5.0,2015-04-22,Male,Headphones,Philips,2013,,0
3439,450898,4.0,2015-04-22,Male,Headphones,Philips,2014,,0
236,451305,1.0,2015-04-22,Male,Headphones,Philips,2005,,0
6699,451315,4.0,2015-04-22,Female,Headphones,Jabra,2015,,0
3338,451393,4.0,2015-04-22,Male,Headphones,Jabra,2013,,0
5146,451523,4.0,2015-04-23,Female,Headphones,Jabra,2014,Female,0
1728,451624,4.0,2015-04-23,Female&Male,Headphones,Jabra,2011,,0
3439,451715,5.0,2015-04-23,Male,Headphones,Philips,2014,,0
5142,451820,5.0,2015-04-23,Female,Headphones,Jabra,2014,Male,0
5142,452674,1.0,2015-04-24,Female,Headphones,Jabra,2014,,0
5142,452699,5.0,2015-04-24,Female,Headphones,Jabra,2014,,0
5257,411783,5.0,2015-04-24,Male,Headphones,Philips,2015,,0
3700,452713,1.0,2015-04-24,Male,Headphones,Philips,2014,,0
3461,452719,2.0,2015-04-24,Male,Headphones,Philips,2013,,0
3461,452720,1.0,2015-04-24,Male,Headphones,Philips,2013,,0
3338,452823,2.0,2015-04-24,Male,Headphones,Jabra,2013,,0
4128,453198,4.0,2015-04-25,Female,Headphones,Jabra,2014,,0
6015,453274,4.0,2015-04-25,Female,Headphones,Jabra,2015,,0
3338,453401,4.0,2015-04-25,Male,Headphones,Jabra,2013,,0
5142,453645,4.0,2015-04-26,Female,Headphones,Jabra,2014,,0
5142,453740,1.0,2015-04-26,Female,Headphones,Jabra,2014,,0
6699,454433,2.0,2015-04-27,Female,Headphones,Jabra,2015,,0
3150,454452,1.0,2015-04-27,Male,Headphones,Philips,2013,,0
1728,454527,4.0,2015-04-27,Female&Male,Headphones,Jabra,2011,,0
6015,454752,4.0,2015-04-28,Female,Headphones,Jabra,2015,,0
5257,111900,4.0,2015-04-28,Male,Headphones,Philips,2015,Male,2
6699,455400,1.0,2015-04-29,Female,Headphones,Jabra,2015,,0
5142,455408,2.0,2015-04-29,Female,Headphones,Jabra,2014,,0
5257,456080,5.0,2015-04-29,Male,Headphones,Philips,2015,,0
5146,456203,4.0,2015-04-29,Female,Headphones,Jabra,2014,,0
4501,456449,5.0,2015-04-30,Female,Headphones,Apple,2014,,0
3150,456550,3.0,2015-04-30,Male,Headphones,Philips,2013,,0
3150,456551,5.0,2015-04-30,Male,Headphones,Philips,2013,,0
5142,457150,3.0,2015-05-01,Female,Headphones,Jabra,2014,,0
3439,457267,2.0,2015-05-01,Male,Headphones,Philips,2014,,0
5146,457311,5.0,2015-05-01,Female,Headphones,Jabra,2014,,0
3338,457426,4.0,2015-05-01,Male,Headphones,Jabra,2013,,0
1728,457472,2.0,2015-05-01,Female&Male,Headphones,Jabra,2011,,0
3461,87057,4.0,2015-05-02,Male,Headphones,Philips,2013,Male,2
5142,457593,1.0,2015-05-02,Female,Headphones,Jabra,2014,,0
5142,457595,1.0,2015-05-02,Female,Headphones,Jabra,2014,,0
3338,458120,1.0,2015-05-03,Male,Headphones,Jabra,2013,,0
3150,458184,3.0,2015-05-03,Male,Headphones,Philips,2013,,0
1728,458218,5.0,2015-05-03,Female&Male,Headphones,Jabra,2011,,0
5142,458319,2.0,2015-05-03,Female,Headphones,Jabra,2014,,0
5142,458320,5.0,2015-05-03,Female,Headphones,Jabra,2014,,0
6699,458756,5.0,2015-05-04,Female,Headphones,Jabra,2015,,0
3439,458760,5.0,2015-05-04,Male,Headphones,Philips,2014,,0
3150,459007,3.0,2015-05-04,Male,Headphones,Philips,2013,,0
3461,459121,2.0,2015-05-04,Male,Headphones,Philips,2013,Male,0
1728,459647,5.0,2015-05-05,Female&Male,Headphones,Jabra,2011,,0
5294,394777,5.0,2015-05-05,Male,Headphones,Philips,2015,Male,2
4416,459983,5.0,2015-05-05,Female,Headphones,Philips,2014,Male,0
5257,460144,5.0,2015-05-06,Male,Headphones,Philips,2015,,0
5146,460356,5.0,2015-05-06,Female,Headphones,Jabra,2014,,0
5146,460358,5.0,2015-05-06,Female,Headphones,Jabra,2014,,0
6699,460370,5.0,2015-05-06,Female,Headphones,Jabra,2015,,0
3461,460526,5.0,2015-05-06,Male,Headphones,Philips,2013,,0
3338,460574,5.0,2015-05-06,Male,Headphones,Jabra,2013,,0
5142,460787,3.0,2015-05-06,Female,Headphones,Jabra,2014,,0
3338,460959,2.0,2015-05-07,Male,Headphones,Jabra,2013,,0
3338,460961,5.0,2015-05-07,Male,Headphones,Jabra,2013,,0
3338,460974,3.0,2015-05-07,Male,Headphones,Jabra,2013,,0
5142,461272,1.0,2015-05-07,Female,Headphones,Jabra,2014,,0
2900,461511,5.0,2015-05-07,Female&Male,Headphones,Jabra,2013,,0
1728,461784,1.0,2015-05-08,Female&Male,Headphones,Jabra,2011,Male,0
5146,461882,4.0,2015-05-08,Female,Headphones,Jabra,2014,,0
6015,461948,3.0,2015-05-08,Female,Headphones,Jabra,2015,,0
3338,462352,1.0,2015-05-09,Male,Headphones,Jabra,2013,,0
3338,462363,1.0,2015-05-09,Male,Headphones,Jabra,2013,,0
5146,462444,3.0,2015-05-09,Female,Headphones,Jabra,2014,Female,0
5146,462445,5.0,2015-05-09,Female,Headphones,Jabra,2014,,0
5142,462585,5.0,2015-05-09,Female,Headphones,Jabra,2014,,0
5142,462610,1.0,2015-05-09,Female,Headphones,Jabra,2014,,0
5257,462808,5.0,2015-05-10,Male,Headphones,Philips,2015,,0
3150,463403,5.0,2015-05-11,Male,Headphones,Philips,2013,,0
6699,463566,5.0,2015-05-11,Female,Headphones,Jabra,2015,,0
6699,196626,1.0,2015-05-11,Female,Headphones,Jabra,2015,,2
4501,463874,1.0,2015-05-11,Female,Headphones,Apple,2014,,0
4501,463875,3.0,2015-05-11,Female,Headphones,Apple,2014,Female,0
3820,464251,5.0,2015-05-12,Male,Headphones,Philips,2014,,0
5142,464539,2.0,2015-05-12,Female,Headphones,Jabra,2014,,0
5142,464540,5.0,2015-05-12,Female,Headphones,Jabra,2014,,0
3338,464578,4.0,2015-05-12,Male,Headphones,Jabra,2013,,0
5146,464799,4.0,2015-05-12,Female,Headphones,Jabra,2014,,0
1728,464875,1.0,2015-05-13,Female&Male,Headphones,Jabra,2011,,0
2900,465030,4.0,2015-05-13,Female&Male,Headphones,Jabra,2013,,0
5146,465089,4.0,2015-05-13,Female,Headphones,Jabra,2014,,0
5146,465102,5.0,2015-05-13,Female,Headphones,Jabra,2014,,0
3338,465752,4.0,2015-05-14,Male,Headphones,Jabra,2013,,0
2900,465858,3.0,2015-05-14,Female&Male,Headphones,Jabra,2013,,0
6699,465867,2.0,2015-05-14,Female,Headphones,Jabra,2015,,0
4128,465940,4.0,2015-05-14,Female,Headphones,Jabra,2014,,0
5142,466405,5.0,2015-05-15,Female,Headphones,Jabra,2014,,0
3700,466906,3.0,2015-05-15,Male,Headphones,Philips,2014,,0
5142,467197,1.0,2015-05-16,Female,Headphones,Jabra,2014,,0
3150,467216,5.0,2015-05-16,Male,Headphones,Philips,2013,,0
5146,463806,1.0,2015-05-16,Female,Headphones,Jabra,2014,Female,2
6015,467430,2.0,2015-05-17,Female,Headphones,Jabra,2015,Male,0
5257,467441,5.0,2015-05-17,Male,Headphones,Philips,2015,,0
5146,34732,2.0,2015-05-17,Female,Headphones,Jabra,2014,Male,2
3338,467707,5.0,2015-05-17,Male,Headphones,Jabra,2013,,0
3150,467897,1.0,2015-05-17,Male,Headphones,Philips,2013,Male,0
5142,468076,3.0,2015-05-17,Female,Headphones,Jabra,2014,,0
1728,468092,5.0,2015-05-18,Female&Male,Headphones,Jabra,2011,,0
3461,468199,5.0,2015-05-18,Male,Headphones,Philips,2013,,0
2921,468596,4.0,2015-05-18,Male,Headphones,Jabra,2013,,0
5257,468666,5.0,2015-05-18,Male,Headphones,Philips,2015,,0
3483,469052,4.0,2015-05-19,Male,Headphones,Philips,2018,,0
3461,469395,4.0,2015-05-19,Male,Headphones,Philips,2013,,0
5142,469462,2.0,2015-05-19,Female,Headphones,Jabra,2014,,0
2900,469518,5.0,2015-05-19,Female&Male,Headphones,Jabra,2013,,0
5142,469789,1.0,2015-05-20,Female,Headphones,Jabra,2014,,0
3338,469877,5.0,2015-05-20,Male,Headphones,Jabra,2013,,0
5142,470343,2.0,2015-05-21,Female,Headphones,Jabra,2014,,0
2921,470601,1.0,2015-05-21,Male,Headphones,Jabra,2013,,0
1728,471019,2.0,2015-05-21,Female&Male,Headphones,Jabra,2011,,0
4818,471155,4.0,2015-05-22,Male,Headphones,Philips,2014,,0
3439,471180,5.0,2015-05-22,Male,Headphones,Philips,2014,,0
6015,286919,5.0,2015-05-22,Female,Headphones,Jabra,2015,Female,2
5257,471411,5.0,2015-05-22,Male,Headphones,Philips,2015,,0
1469,471435,5.0,2015-05-22,Male,Headphones,Philips,2011,Female,0
5257,471444,5.0,2015-05-22,Male,Headphones,Philips,2015,,0
5257,471501,5.0,2015-05-22,Male,Headphones,Philips,2015,,0
2900,471578,5.0,2015-05-23,Female&Male,Headphones,Jabra,2013,,0
5257,471961,5.0,2015-05-23,Male,Headphones,Philips,2015,,0
6699,472094,4.0,2015-05-23,Female,Headphones,Jabra,2015,,0
2921,472110,2.0,2015-05-23,Male,Headphones,Jabra,2013,,0
5294,472254,4.0,2015-05-24,Male,Headphones,Philips,2015,,0
3150,465574,3.0,2015-05-24,Male,Headphones,Philips,2013,,2
6699,473076,5.0,2015-05-25,Female,Headphones,Jabra,2015,,0
2900,473119,4.0,2015-05-25,Female&Male,Headphones,Jabra,2013,,0
2900,473148,5.0,2015-05-25,Female&Male,Headphones,Jabra,2013,Female,0
5142,473246,1.0,2015-05-25,Female,Headphones,Jabra,2014,,0
5146,473281,2.0,2015-05-25,Female,Headphones,Jabra,2014,,0
5146,473301,5.0,2015-05-25,Female,Headphones,Jabra,2014,,0
5142,473858,5.0,2015-05-26,Female,Headphones,Jabra,2014,,0
5142,473859,1.0,2015-05-26,Female,Headphones,Jabra,2014,,0
5142,473860,5.0,2015-05-26,Female,Headphones,Jabra,2014,,0
5142,473861,5.0,2015-05-26,Female,Headphones,Jabra,2014,,0
6699,474108,1.0,2015-05-26,Female,Headphones,Jabra,2015,,0
3338,474551,2.0,2015-05-27,Male,Headphones,Jabra,2013,,0
3338,474555,3.0,2015-05-27,Male,Headphones,Jabra,2013,,0
5142,474662,1.0,2015-05-27,Female,Headphones,Jabra,2014,,0
5257,142085,4.0,2015-05-27,Male,Headphones,Philips,2015,,0
3150,474816,5.0,2015-05-27,Male,Headphones,Philips,2013,,0
3150,474817,2.0,2015-05-27,Male,Headphones,Philips,2013,,0
3150,474818,1.0,2015-05-27,Male,Headphones,Philips,2013,,0
1466,174219,5.0,2015-05-28,Male,Headphones,Philips,2010,,1
5142,475123,5.0,2015-05-28,Female,Headphones,Jabra,2014,,0
3150,475245,5.0,2015-05-28,Male,Headphones,Philips,2013,,0
3150,475691,2.0,2015-05-29,Male,Headphones,Philips,2013,,0
3150,475693,1.0,2015-05-29,Male,Headphones,Philips,2013,,0
1728,475870,4.0,2015-05-29,Female&Male,Headphones,Jabra,2011,,0
2614,475889,5.0,2015-05-29,Female,Headphones,Philips,2015,,0
3439,475926,4.0,2015-05-29,Male,Headphones,Philips,2014,,0
3461,476336,4.0,2015-05-30,Male,Headphones,Philips,2013,,0
3700,476390,5.0,2015-05-30,Male,Headphones,Philips,2014,,0
5257,476571,4.0,2015-05-30,Male,Headphones,Philips,2015,,0
1728,476620,5.0,2015-05-30,Female&Male,Headphones,Jabra,2011,,0
5142,476696,4.0,2015-05-30,Female,Headphones,Jabra,2014,,0
3439,405895,5.0,2015-05-30,Male,Headphones,Philips,2014,,2
3150,477127,5.0,2015-05-31,Male,Headphones,Philips,2013,,0
3150,477128,5.0,2015-05-31,Male,Headphones,Philips,2013,,0
5257,477343,5.0,2015-05-31,Male,Headphones,Philips,2015,,0
5142,477603,5.0,2015-06-01,Female,Headphones,Jabra,2014,,0
5142,477605,5.0,2015-06-01,Female,Headphones,Jabra,2014,,0
3338,477614,5.0,2015-06-01,Male,Headphones,Jabra,2013,,0
3338,477616,5.0,2015-06-01,Male,Headphones,Jabra,2013,,0
3338,477619,1.0,2015-06-01,Male,Headphones,Jabra,2013,,0
5146,125505,3.0,2015-06-01,Female,Headphones,Jabra,2014,,2
3338,477629,5.0,2015-06-01,Male,Headphones,Jabra,2013,,0
1499,477727,5.0,2015-06-01,Male,Headphones,Philips,2011,,0
3461,477904,2.0,2015-06-01,Male,Headphones,Philips,2013,,0
5257,478081,4.0,2015-06-02,Male,Headphones,Philips,2015,,0
3150,478415,5.0,2015-06-02,Male,Headphones,Philips,2013,,0
5294,478433,4.0,2015-06-02,Male,Headphones,Philips,2015,,0
5142,478464,2.0,2015-06-02,Female,Headphones,Jabra,2014,,0
5146,478557,2.0,2015-06-02,Female,Headphones,Jabra,2014,,0
3150,478753,1.0,2015-06-03,Male,Headphones,Philips,2013,,0
7047,478930,3.0,2015-06-03,Female&Male,Headphones,Philips,2015,,0
5146,478998,3.0,2015-06-03,Female,Headphones,Jabra,2014,,0
3461,479222,5.0,2015-06-03,Male,Headphones,Philips,2013,Male,0
3461,479255,1.0,2015-06-03,Male,Headphones,Philips,2013,,0
5146,480275,5.0,2015-06-04,Female,Headphones,Jabra,2014,,0
2900,480354,4.0,2015-06-04,Female&Male,Headphones,Jabra,2013,,0
3150,480394,1.0,2015-06-04,Male,Headphones,Philips,2013,,0
5142,480508,4.0,2015-06-04,Female,Headphones,Jabra,2014,,0
4501,480519,3.0,2015-06-04,Female,Headphones,Apple,2014,,0
2900,480734,5.0,2015-06-05,Female&Male,Headphones,Jabra,2013,,0
1728,480840,3.0,2015-06-05,Female&Male,Headphones,Jabra,2011,,0
1728,480847,5.0,2015-06-05,Female&Male,Headphones,Jabra,2011,,0
3338,480943,5.0,2015-06-05,Male,Headphones,Jabra,2013,,0
1758,481350,5.0,2015-06-06,Male,Headphones,Jabra,2011,,0
5142,481361,5.0,2015-06-06,Female,Headphones,Jabra,2014,,0
5146,481515,3.0,2015-06-06,Female,Headphones,Jabra,2014,,0
5146,235896,4.0,2015-06-06,Female,Headphones,Jabra,2014,Male,1
5257,481606,2.0,2015-06-06,Male,Headphones,Philips,2015,,0
3150,101469,1.0,2015-06-06,Male,Headphones,Philips,2013,,2
2614,481750,3.0,2015-06-06,Female,Headphones,Philips,2015,,0
5146,481794,5.0,2015-06-07,Female,Headphones,Jabra,2014,,0
5142,347017,5.0,2015-06-07,Female,Headphones,Jabra,2014,,2
3150,482059,5.0,2015-06-07,Male,Headphones,Philips,2013,,0
1728,482060,2.0,2015-06-07,Female&Male,Headphones,Jabra,2011,,0
6015,481929,3.0,2015-06-07,Female,Headphones,Jabra,2015,,2
2921,482327,2.0,2015-06-07,Male,Headphones,Jabra,2013,,0
5257,97111,5.0,2015-06-07,Male,Headphones,Philips,2015,Male,2
7092,63184,5.0,2015-06-08,Male,Headphones,Philips,2015,,0
7092,329658,5.0,2015-06-08,Male,Headphones,Philips,2015,Male,1
5257,482723,5.0,2015-06-08,Male,Headphones,Philips,2015,,0
5146,482926,5.0,2015-06-08,Female,Headphones,Jabra,2014,,0
5146,482927,4.0,2015-06-08,Female,Headphones,Jabra,2014,,0
2900,482936,5.0,2015-06-08,Female&Male,Headphones,Jabra,2013,Male,0
3338,482987,5.0,2015-06-08,Male,Headphones,Jabra,2013,,0
3150,483069,4.0,2015-06-08,Male,Headphones,Philips,2013,,0
5142,404615,1.0,2015-06-08,Female,Headphones,Jabra,2014,,2
3150,483102,2.0,2015-06-08,Male,Headphones,Philips,2013,,0
1758,483171,5.0,2015-06-08,Male,Headphones,Jabra,2011,,0
3338,483474,5.0,2015-06-09,Male,Headphones,Jabra,2013,,0
3338,88352,1.0,2015-06-09,Male,Headphones,Jabra,2013,,2
7092,84065,4.0,2015-06-09,Male,Headphones,Philips,2015,Male,2
7092,313979,5.0,2015-06-09,Male,Headphones,Philips,2015,Female,2
5142,483543,5.0,2015-06-09,Female,Headphones,Jabra,2014,,0
5142,483544,2.0,2015-06-09,Female,Headphones,Jabra,2014,,0
5142,483556,4.0,2015-06-09,Female,Headphones,Jabra,2014,,0
5146,85632,4.0,2015-06-09,Female,Headphones,Jabra,2014,,2
5146,354909,5.0,2015-06-09,Female,Headphones,Jabra,2014,,2
5146,483651,5.0,2015-06-09,Female,Headphones,Jabra,2014,,0
6015,483836,3.0,2015-06-09,Female,Headphones,Jabra,2015,,0
5485,484070,2.0,2015-06-10,Male,Headphones,Jabra,2015,,0
3820,484167,5.0,2015-06-10,Male,Headphones,Philips,2014,,0
1728,484358,5.0,2015-06-10,Female&Male,Headphones,Jabra,2011,,0
5146,484545,1.0,2015-06-10,Female,Headphones,Jabra,2014,,0
3338,484610,4.0,2015-06-10,Male,Headphones,Jabra,2013,,0
3338,484614,5.0,2015-06-10,Male,Headphones,Jabra,2013,,0
3338,484618,2.0,2015-06-10,Male,Headphones,Jabra,2013,,0
6742,484736,5.0,2015-06-11,Male,Headphones,Philips,2018,,0
7092,198376,5.0,2015-06-11,Male,Headphones,Philips,2015,Male,0
5142,484805,5.0,2015-06-11,Female,Headphones,Jabra,2014,,0
5146,485320,5.0,2015-06-11,Female,Headphones,Jabra,2014,,0
5142,485646,4.0,2015-06-12,Female,Headphones,Jabra,2014,,0
5142,485651,3.0,2015-06-12,Female,Headphones,Jabra,2014,,0
5146,485693,4.0,2015-06-12,Female,Headphones,Jabra,2014,,0
5146,485694,5.0,2015-06-12,Female,Headphones,Jabra,2014,,0
5146,485695,5.0,2015-06-12,Female,Headphones,Jabra,2014,,0
7092,52032,4.0,2015-06-12,Male,Headphones,Philips,2015,,2
5146,486350,5.0,2015-06-13,Female,Headphones,Jabra,2014,,0
5146,486364,4.0,2015-06-13,Female,Headphones,Jabra,2014,,0
5146,486365,4.0,2015-06-13,Female,Headphones,Jabra,2014,,0
5146,486366,4.0,2015-06-13,Female,Headphones,Jabra,2014,,0
5142,486409,1.0,2015-06-13,Female,Headphones,Jabra,2014,,0
5142,486410,5.0,2015-06-13,Female,Headphones,Jabra,2014,,0
7092,284079,5.0,2015-06-14,Male,Headphones,Philips,2015,,2
5142,486750,5.0,2015-06-14,Female,Headphones,Jabra,2014,,0
5142,486800,5.0,2015-06-14,Female,Headphones,Jabra,2014,,0
5146,487143,4.0,2015-06-14,Female,Headphones,Jabra,2014,,0
3338,475870,4.0,2015-06-14,Male,Headphones,Jabra,2013,,2
5257,487307,4.0,2015-06-15,Male,Headphones,Philips,2015,Male,0
3150,487593,2.0,2015-06-15,Male,Headphones,Philips,2013,,0
5142,318870,5.0,2015-06-15,Female,Headphones,Jabra,2014,,2
5142,487845,1.0,2015-06-15,Female,Headphones,Jabra,2014,,0
3338,487947,5.0,2015-06-15,Male,Headphones,Jabra,2013,,0
5146,128983,4.0,2015-06-16,Female,Headphones,Jabra,2014,,2
5146,488293,5.0,2015-06-16,Female,Headphones,Jabra,2014,Male,0
3338,488296,5.0,2015-06-16,Male,Headphones,Jabra,2013,,0
3338,488308,4.0,2015-06-16,Male,Headphones,Jabra,2013,,0
1469,488384,5.0,2015-06-16,Male,Headphones,Philips,2011,,0
5142,488842,1.0,2015-06-16,Female,Headphones,Jabra,2014,,0
3338,488980,4.0,2015-06-17,Male,Headphones,Jabra,2013,,0
3150,489052,5.0,2015-06-17,Male,Headphones,Philips,2013,,0
3150,489053,5.0,2015-06-17,Male,Headphones,Philips,2013,Female,0
5146,489270,5.0,2015-06-17,Female,Headphones,Jabra,2014,,0
5146,270297,5.0,2015-06-17,Female,Headphones,Jabra,2014,,2
5142,489420,1.0,2015-06-17,Female,Headphones,Jabra,2014,,0
5142,489834,5.0,2015-06-18,Female,Headphones,Jabra,2014,,0
5146,489920,1.0,2015-06-18,Female,Headphones,Jabra,2014,,0
2900,490089,2.0,2015-06-18,Female&Male,Headphones,Jabra,2013,,0
3606,490237,4.0,2015-06-18,Male,Headphones,Philips,2014,,0
1762,490501,4.0,2015-06-19,Male,Headphones,Philips,2013,,0
5142,490591,4.0,2015-06-19,Female,Headphones,Jabra,2014,,0
5146,490616,4.0,2015-06-19,Female,Headphones,Jabra,2014,,0
3461,490774,5.0,2015-06-19,Male,Headphones,Philips,2013,,0
3338,490829,1.0,2015-06-19,Male,Headphones,Jabra,2013,,0
5146,491062,2.0,2015-06-20,Female,Headphones,Jabra,2014,,0
3461,491296,4.0,2015-06-20,Male,Headphones,Philips,2013,,0
1499,491757,1.0,2015-06-21,Male,Headphones,Philips,2011,,0
3338,491920,5.0,2015-06-21,Male,Headphones,Jabra,2013,,0
3338,491921,5.0,2015-06-21,Male,Headphones,Jabra,2013,,0
3338,491922,1.0,2015-06-21,Male,Headphones,Jabra,2013,,0
3150,492145,1.0,2015-06-21,Male,Headphones,Philips,2013,,0
7092,135511,4.0,2015-06-22,Male,Headphones,Philips,2015,Female,2
2921,492521,1.0,2015-06-22,Male,Headphones,Jabra,2013,,0
5146,492680,5.0,2015-06-22,Female,Headphones,Jabra,2014,,0
5146,492693,2.0,2015-06-22,Female,Headphones,Jabra,2014,,0
3338,492760,1.0,2015-06-22,Male,Headphones,Jabra,2013,,0
1728,492977,5.0,2015-06-23,Female&Male,Headphones,Jabra,2011,,0
5142,493387,5.0,2015-06-23,Female,Headphones,Jabra,2014,,0
7213,13471,2.0,2015-06-23,Female&Male,Headphones,Philips,2015,,2
7213,65170,3.0,2015-06-23,Female&Male,Headphones,Philips,2015,Female,1
5146,259491,2.0,2015-06-23,Female,Headphones,Jabra,2014,,1
5146,264066,5.0,2015-06-23,Female,Headphones,Jabra,2014,Male,1
7047,8051,3.0,2015-06-24,Female&Male,Headphones,Philips,2015,Female,0
7213,254892,5.0,2015-06-24,Female&Male,Headphones,Philips,2015,Male,1
5146,494676,1.0,2015-06-25,Female,Headphones,Jabra,2014,,0
5257,170450,5.0,2015-06-25,Male,Headphones,Philips,2015,,2
5257,143060,5.0,2015-06-25,Male,Headphones,Philips,2015,Male,2
7092,173841,5.0,2015-06-25,Male,Headphones,Philips,2015,Male,2
3338,494803,1.0,2015-06-25,Male,Headphones,Jabra,2013,,0
6015,494952,2.0,2015-06-25,Female,Headphones,Jabra,2015,,0
6015,494973,4.0,2015-06-25,Female,Headphones,Jabra,2015,,0
7213,494982,3.0,2015-06-25,Female&Male,Headphones,Philips,2015,Male,0
3150,495126,5.0,2015-06-25,Male,Headphones,Philips,2013,Male,0
2900,87425,5.0,2015-06-25,Female&Male,Headphones,Jabra,2013,,2
3150,495330,1.0,2015-06-26,Male,Headphones,Philips,2013,Male,0
5257,495684,3.0,2015-06-26,Male,Headphones,Philips,2015,,0
5146,495815,5.0,2015-06-26,Female,Headphones,Jabra,2014,,0
5146,495826,5.0,2015-06-26,Female,Headphones,Jabra,2014,,0
5146,495835,5.0,2015-06-26,Female,Headphones,Jabra,2014,,0
5142,495981,5.0,2015-06-26,Female,Headphones,Jabra,2014,,0
5146,496139,1.0,2015-06-27,Female,Headphones,Jabra,2014,,0
5146,496146,5.0,2015-06-27,Female,Headphones,Jabra,2014,,0
7213,32476,3.0,2015-06-27,Female&Male,Headphones,Philips,2015,Female,0
7213,28,3.0,2015-06-27,Female&Male,Headphones,Philips,2015,Female,2
4128,496220,1.0,2015-06-27,Female,Headphones,Jabra,2014,,0
1758,496236,4.0,2015-06-27,Male,Headphones,Jabra,2011,,0
7047,496257,4.0,2015-06-27,Female&Male,Headphones,Philips,2015,,0
5257,496250,5.0,2015-06-27,Male,Headphones,Philips,2015,,2
5257,496350,5.0,2015-06-27,Male,Headphones,Philips,2015,,0
2900,496950,5.0,2015-06-28,Female&Male,Headphones,Jabra,2013,,0
5142,497026,3.0,2015-06-28,Female,Headphones,Jabra,2014,,0
5142,497068,5.0,2015-06-28,Female,Headphones,Jabra,2014,,0
7047,10727,5.0,2015-06-28,Female&Male,Headphones,Philips,2015,Male,1
5146,497309,5.0,2015-06-29,Female,Headphones,Jabra,2014,,0
1762,497451,5.0,2015-06-29,Male,Headphones,Philips,2013,,0
3150,497699,4.0,2015-06-29,Male,Headphones,Philips,2013,,0
7047,497916,4.0,2015-06-29,Female&Male,Headphones,Philips,2015,Female,0
7047,37082,4.0,2015-06-29,Female&Male,Headphones,Philips,2015,Female,0
6699,497935,5.0,2015-06-29,Female,Headphones,Jabra,2015,,0
5142,498284,1.0,2015-06-30,Female,Headphones,Jabra,2014,,0
7213,27386,4.0,2015-06-30,Female&Male,Headphones,Philips,2015,Male,1
6699,498457,3.0,2015-06-30,Female,Headphones,Jabra,2015,,0
6699,498459,4.0,2015-06-30,Female,Headphones,Jabra,2015,,0
3461,498548,3.0,2015-06-30,Male,Headphones,Philips,2013,,0
3150,498565,5.0,2015-06-30,Male,Headphones,Philips,2013,,0
5146,498751,5.0,2015-06-30,Female,Headphones,Jabra,2014,,0
7092,498781,5.0,2015-06-30,Male,Headphones,Philips,2015,Female,0
1469,499148,3.0,2015-07-01,Male,Headphones,Philips,2011,,0
7213,33699,3.0,2015-07-01,Female&Male,Headphones,Philips,2015,Male,0
3461,499374,5.0,2015-07-01,Male,Headphones,Philips,2013,,0
5257,499705,4.0,2015-07-02,Male,Headphones,Philips,2015,Male,0
5146,499750,4.0,2015-07-02,Female,Headphones,Jabra,2014,,0
5146,499751,2.0,2015-07-02,Female,Headphones,Jabra,2014,,0
5142,499843,2.0,2015-07-02,Female,Headphones,Jabra,2014,,0
7092,68001,5.0,2015-07-02,Male,Headphones,Philips,2015,,2
3150,500051,5.0,2015-07-02,Male,Headphones,Philips,2013,,0
2614,489092,3.0,2015-07-02,Female,Headphones,Philips,2015,Female,1
6015,500857,5.0,2015-07-04,Female,Headphones,Jabra,2015,,0
6699,501282,1.0,2015-07-04,Female,Headphones,Jabra,2015,,0
4128,501701,5.0,2015-07-05,Female,Headphones,Jabra,2014,,0
4128,501702,5.0,2015-07-05,Female,Headphones,Jabra,2014,,0
5142,501740,5.0,2015-07-05,Female,Headphones,Jabra,2014,,0
3150,501863,5.0,2015-07-05,Male,Headphones,Philips,2013,Male,0
3150,501865,4.0,2015-07-05,Male,Headphones,Philips,2013,,0
3338,502349,5.0,2015-07-06,Male,Headphones,Jabra,2013,,0
5146,502513,1.0,2015-07-06,Female,Headphones,Jabra,2014,,0
3150,502658,2.0,2015-07-06,Male,Headphones,Philips,2013,,0
1499,502865,4.0,2015-07-06,Male,Headphones,Philips,2011,,0
7047,22574,5.0,2015-07-07,Female&Male,Headphones,Philips,2015,Male,2
5146,490473,2.0,2015-07-07,Female,Headphones,Jabra,2014,,2
7047,56423,5.0,2015-07-08,Female&Male,Headphones,Philips,2015,Male,1
3150,503839,1.0,2015-07-08,Male,Headphones,Philips,2013,,0
3338,504015,5.0,2015-07-08,Male,Headphones,Jabra,2013,,0
3338,504017,3.0,2015-07-08,Male,Headphones,Jabra,2013,,0
5146,504238,5.0,2015-07-08,Female,Headphones,Jabra,2014,,0
5146,504239,5.0,2015-07-08,Female,Headphones,Jabra,2014,,0
5146,504241,1.0,2015-07-08,Female,Headphones,Jabra,2014,,0
5142,504440,5.0,2015-07-08,Female,Headphones,Jabra,2014,,0
6699,504512,1.0,2015-07-08,Female,Headphones,Jabra,2015,,0
7213,37082,5.0,2015-07-09,Female&Male,Headphones,Philips,2015,Female,0
3461,505156,2.0,2015-07-09,Male,Headphones,Philips,2013,,0
5146,450401,2.0,2015-07-09,Female,Headphones,Jabra,2014,Male,1
2900,505471,4.0,2015-07-10,Female&Male,Headphones,Jabra,2013,,0
3150,505533,1.0,2015-07-10,Male,Headphones,Philips,2013,,0
5146,500764,4.0,2015-07-11,Female,Headphones,Jabra,2014,,2
7047,405405,5.0,2015-07-11,Female&Male,Headphones,Philips,2015,Female,0
5146,506401,4.0,2015-07-11,Female,Headphones,Jabra,2014,,0
5142,506676,4.0,2015-07-11,Female,Headphones,Jabra,2014,,0
5146,506790,4.0,2015-07-12,Female,Headphones,Jabra,2014,,0
5146,506791,4.0,2015-07-12,Female,Headphones,Jabra,2014,,0
3150,507273,2.0,2015-07-12,Male,Headphones,Philips,2013,,0
7213,71107,4.0,2015-07-12,Female&Male,Headphones,Philips,2015,Male,1
3150,507299,1.0,2015-07-12,Male,Headphones,Philips,2013,,0
7213,405405,4.0,2015-07-13,Female&Male,Headphones,Philips,2015,Female,1
7092,221153,5.0,2015-07-13,Male,Headphones,Philips,2015,,1
4128,507742,4.0,2015-07-13,Female,Headphones,Jabra,2014,,0
4128,507743,1.0,2015-07-13,Female,Headphones,Jabra,2014,,0
3338,508401,2.0,2015-07-14,Male,Headphones,Jabra,2013,,0
3338,508402,5.0,2015-07-14,Male,Headphones,Jabra,2013,,0
5146,508413,4.0,2015-07-14,Female,Headphones,Jabra,2014,,0
5146,508440,4.0,2015-07-14,Female,Headphones,Jabra,2014,,0
7092,508607,4.0,2015-07-14,Male,Headphones,Philips,2015,,0
3461,508824,4.0,2015-07-14,Male,Headphones,Philips,2013,,0
3150,508893,1.0,2015-07-14,Male,Headphones,Philips,2013,,0
5142,509204,2.0,2015-07-14,Female,Headphones,Jabra,2014,,0
5146,509750,4.0,2015-07-15,Female,Headphones,Jabra,2014,,0
5146,509753,3.0,2015-07-15,Female,Headphones,Jabra,2014,,0
6699,509772,4.0,2015-07-15,Female,Headphones,Jabra,2015,,0
5257,510067,5.0,2015-07-15,Male,Headphones,Philips,2015,,0
3700,510134,5.0,2015-07-16,Male,Headphones,Philips,2014,,0
5142,510261,2.0,2015-07-16,Female,Headphones,Jabra,2014,,0
5146,510355,5.0,2015-07-16,Female,Headphones,Jabra,2014,,0
3067,510563,5.0,2015-07-16,Female,Headphones,Philips,2016,,0
3606,510783,5.0,2015-07-16,Male,Headphones,Philips,2014,,0
1758,510992,1.0,2015-07-17,Male,Headphones,Jabra,2011,,0
3700,511449,4.0,2015-07-17,Male,Headphones,Philips,2014,,0
5142,511504,1.0,2015-07-17,Female,Headphones,Jabra,2014,,0
5142,511506,5.0,2015-07-17,Female,Headphones,Jabra,2014,,0
3461,511514,5.0,2015-07-17,Male,Headphones,Philips,2013,,0
3461,511515,3.0,2015-07-17,Male,Headphones,Philips,2013,,0
5142,511536,5.0,2015-07-17,Female,Headphones,Jabra,2014,,0
5146,511825,1.0,2015-07-18,Female,Headphones,Jabra,2014,,0
7213,511848,3.0,2015-07-18,Female&Male,Headphones,Philips,2015,,0
1466,511873,5.0,2015-07-18,Male,Headphones,Philips,2010,,0
1499,512437,5.0,2015-07-18,Male,Headphones,Philips,2011,,0
3150,512437,5.0,2015-07-18,Male,Headphones,Philips,2013,,2
5257,512789,5.0,2015-07-19,Male,Headphones,Philips,2015,,0
5142,298438,1.0,2015-07-19,Female,Headphones,Jabra,2014,,2
5142,512858,5.0,2015-07-19,Female,Headphones,Jabra,2014,,0
4501,513433,4.0,2015-07-20,Female,Headphones,Apple,2014,,0
5257,324617,5.0,2015-07-20,Male,Headphones,Philips,2015,,2
7092,513858,1.0,2015-07-20,Male,Headphones,Philips,2015,,0
1976,514130,4.0,2015-07-20,Female,Headphones,Philips,2012,Female,0
5142,514287,2.0,2015-07-20,Female,Headphones,Jabra,2014,Male,0
6699,514696,4.0,2015-07-21,Female,Headphones,Jabra,2015,Male,0
7213,514934,4.0,2015-07-21,Female&Male,Headphones,Philips,2015,,0
7482,515097,5.0,2015-07-21,Male,Headphones,Jabra,2015,,0
5142,515152,2.0,2015-07-21,Female,Headphones,Jabra,2014,,0
5142,515210,3.0,2015-07-21,Female,Headphones,Jabra,2014,,0
5142,515386,4.0,2015-07-22,Female,Headphones,Jabra,2014,,0
3338,515954,2.0,2015-07-22,Male,Headphones,Jabra,2013,,0
4128,516345,5.0,2015-07-23,Female,Headphones,Jabra,2014,,0
7092,516392,2.0,2015-07-23,Male,Headphones,Philips,2015,,0
3338,516576,2.0,2015-07-23,Male,Headphones,Jabra,2013,,0
3461,517663,5.0,2015-07-24,Male,Headphones,Philips,2013,,0
5257,517826,5.0,2015-07-24,Male,Headphones,Philips,2015,,0
3338,517892,3.0,2015-07-24,Male,Headphones,Jabra,2013,,0
5146,518061,5.0,2015-07-25,Female,Headphones,Jabra,2014,Female,0
3461,518095,2.0,2015-07-25,Male,Headphones,Philips,2013,,0
3820,518224,5.0,2015-07-25,Male,Headphones,Philips,2014,Male,0
1728,247474,1.0,2015-07-25,Female&Male,Headphones,Jabra,2011,,2
5142,518592,4.0,2015-07-25,Female,Headphones,Jabra,2014,,0
7092,518782,4.0,2015-07-26,Male,Headphones,Philips,2015,,2
5142,519339,3.0,2015-07-26,Female,Headphones,Jabra,2014,,0
5142,519341,1.0,2015-07-26,Female,Headphones,Jabra,2014,,0
5146,519371,5.0,2015-07-26,Female,Headphones,Jabra,2014,,0
5146,519372,5.0,2015-07-26,Female,Headphones,Jabra,2014,,0
3150,519395,5.0,2015-07-26,Male,Headphones,Philips,2013,Female,0
7526,157359,5.0,2015-07-26,Male,Headphones,Philips,2015,Female,1
7213,789,2.0,2015-07-27,Female&Male,Headphones,Philips,2015,,1
7528,307995,5.0,2015-07-27,Female,Headphones,Philips,2015,Female,1
3461,519790,5.0,2015-07-27,Male,Headphones,Philips,2013,,0
3461,519791,4.0,2015-07-27,Male,Headphones,Philips,2013,,0
7526,497916,5.0,2015-07-27,Male,Headphones,Philips,2015,Female,0
3338,520224,5.0,2015-07-27,Male,Headphones,Jabra,2013,,0
5146,520330,4.0,2015-07-27,Female,Headphones,Jabra,2014,,0
5146,519464,5.0,2015-07-27,Female,Headphones,Jabra,2014,,2
5146,439865,3.0,2015-07-27,Female,Headphones,Jabra,2014,,2
7526,5899,5.0,2015-07-28,Male,Headphones,Philips,2015,,2
7526,292111,4.0,2015-07-28,Male,Headphones,Philips,2015,Female,2
5142,520646,3.0,2015-07-28,Female,Headphones,Jabra,2014,,0
236,520648,5.0,2015-07-28,Male,Headphones,Philips,2005,,0
2921,520511,4.0,2015-07-28,Male,Headphones,Jabra,2013,,2
3150,521172,5.0,2015-07-28,Male,Headphones,Philips,2013,,0
5146,521386,5.0,2015-07-29,Female,Headphones,Jabra,2014,Male,0
3461,521408,4.0,2015-07-29,Male,Headphones,Philips,2013,,0
3338,521786,4.0,2015-07-29,Male,Headphones,Jabra,2013,Female,0
3338,521788,2.0,2015-07-29,Male,Headphones,Jabra,2013,,0
3338,521816,5.0,2015-07-29,Male,Headphones,Jabra,2013,,0
3338,521911,1.0,2015-07-29,Male,Headphones,Jabra,2013,,0
7047,521983,5.0,2015-07-29,Female&Male,Headphones,Philips,2015,,0
3150,521408,5.0,2015-07-29,Male,Headphones,Philips,2013,,2
7526,247356,5.0,2015-07-29,Male,Headphones,Philips,2015,Male,1
3150,522176,5.0,2015-07-29,Male,Headphones,Philips,2013,,0
7526,44447,4.0,2015-07-30,Male,Headphones,Philips,2015,Male,1
5146,522390,2.0,2015-07-30,Female,Headphones,Jabra,2014,,0
5146,522392,5.0,2015-07-30,Female,Headphones,Jabra,2014,,0
5142,522404,2.0,2015-07-30,Female,Headphones,Jabra,2014,Female,0
5142,522407,4.0,2015-07-30,Female,Headphones,Jabra,2014,,0
5257,522459,5.0,2015-07-30,Male,Headphones,Philips,2015,,0
1728,522554,4.0,2015-07-30,Female&Male,Headphones,Jabra,2011,,0
3338,522641,2.0,2015-07-30,Male,Headphones,Jabra,2013,,0
7528,522658,3.0,2015-07-30,Female,Headphones,Philips,2015,Female,0
3150,523010,2.0,2015-07-30,Male,Headphones,Philips,2013,,0
5146,523133,3.0,2015-07-31,Female,Headphones,Jabra,2014,,0
3150,523367,5.0,2015-07-31,Male,Headphones,Philips,2013,,0
5142,523426,4.0,2015-07-31,Female,Headphones,Jabra,2014,,0
7528,37754,5.0,2015-07-31,Female,Headphones,Philips,2015,Female,2
7526,487568,5.0,2015-07-31,Male,Headphones,Philips,2015,Female,1
7526,76886,5.0,2015-07-31,Male,Headphones,Philips,2015,,2
5146,523862,5.0,2015-07-31,Female,Headphones,Jabra,2014,,0
5146,523902,3.0,2015-07-31,Female,Headphones,Jabra,2014,,0
1728,524026,4.0,2015-08-01,Female&Male,Headphones,Jabra,2011,,0
7526,174607,4.0,2015-08-01,Male,Headphones,Philips,2015,Female,2
6015,524265,4.0,2015-08-01,Female,Headphones,Jabra,2015,,0
7528,524295,5.0,2015-08-01,Female,Headphones,Philips,2015,Female,0
5142,524015,5.0,2015-08-01,Female,Headphones,Jabra,2014,,2
5142,524605,2.0,2015-08-01,Female,Headphones,Jabra,2014,,0
3461,524791,5.0,2015-08-02,Male,Headphones,Philips,2013,Female,0
5146,524831,1.0,2015-08-02,Female,Headphones,Jabra,2014,,0
5146,49649,4.0,2015-08-02,Female,Headphones,Jabra,2014,Male,0
5146,524874,3.0,2015-08-02,Female,Headphones,Jabra,2014,,0
5146,286266,5.0,2015-08-02,Female,Headphones,Jabra,2014,Male,1
7528,183535,5.0,2015-08-02,Female,Headphones,Philips,2015,Female,2
3338,524997,5.0,2015-08-02,Male,Headphones,Jabra,2013,Male,0
7213,525176,3.0,2015-08-02,Female&Male,Headphones,Philips,2015,,0
7213,525390,2.0,2015-08-03,Female&Male,Headphones,Philips,2015,,1
3150,525434,1.0,2015-08-03,Male,Headphones,Philips,2013,,0
1728,525501,5.0,2015-08-03,Female&Male,Headphones,Jabra,2011,,0
5146,525451,5.0,2015-08-03,Female,Headphones,Jabra,2014,Female,1
4128,525566,5.0,2015-08-03,Female,Headphones,Jabra,2014,Female,0
7528,16657,3.0,2015-08-03,Female,Headphones,Philips,2015,Male,1
5142,525763,4.0,2015-08-03,Female,Headphones,Jabra,2014,,0
5142,525787,4.0,2015-08-03,Female,Headphones,Jabra,2014,,0
7526,81473,5.0,2015-08-03,Male,Headphones,Philips,2015,,2
7528,36588,5.0,2015-08-04,Female,Headphones,Philips,2015,Male,2
2921,526521,5.0,2015-08-04,Male,Headphones,Jabra,2013,,0
5146,526870,5.0,2015-08-04,Female,Headphones,Jabra,2014,,0
6699,305273,5.0,2015-08-04,Female,Headphones,Jabra,2015,,2
7092,527095,5.0,2015-08-04,Male,Headphones,Philips,2015,Male,0
7528,117299,4.0,2015-08-05,Female,Headphones,Philips,2015,Female,1
7528,527211,5.0,2015-08-05,Female,Headphones,Philips,2015,Female,0
7528,6669,4.0,2015-08-05,Female,Headphones,Philips,2015,,2
7528,130386,4.0,2015-08-05,Female,Headphones,Philips,2015,,2
6015,527286,1.0,2015-08-05,Female,Headphones,Jabra,2015,,0
7528,31574,3.0,2015-08-05,Female,Headphones,Philips,2015,Male,0
1728,527302,5.0,2015-08-05,Female&Male,Headphones,Jabra,2011,Male,0
5146,527463,4.0,2015-08-05,Female,Headphones,Jabra,2014,,0
3150,527616,5.0,2015-08-05,Male,Headphones,Philips,2013,,0
236,236811,5.0,2015-08-05,Male,Headphones,Philips,2005,,1
7047,527968,5.0,2015-08-05,Female&Male,Headphones,Philips,2015,,0
3338,527992,1.0,2015-08-05,Male,Headphones,Jabra,2013,,0
5146,528245,5.0,2015-08-06,Female,Headphones,Jabra,2014,,0
5146,384020,3.0,2015-08-06,Female,Headphones,Jabra,2014,,2
2900,528419,5.0,2015-08-06,Female&Male,Headphones,Jabra,2013,,0
7528,38115,5.0,2015-08-06,Female,Headphones,Philips,2015,Male,2
6015,528676,2.0,2015-08-06,Female,Headphones,Jabra,2015,,0
5142,528731,1.0,2015-08-06,Female,Headphones,Jabra,2014,,0
3606,528781,5.0,2015-08-06,Male,Headphones,Philips,2014,,0
7526,528832,5.0,2015-08-06,Male,Headphones,Philips,2015,,0
7526,320190,5.0,2015-08-07,Male,Headphones,Philips,2015,,2
7526,147241,5.0,2015-08-07,Male,Headphones,Philips,2015,,1
7526,4378,3.0,2015-08-07,Male,Headphones,Philips,2015,Male,1
1762,529219,5.0,2015-08-07,Male,Headphones,Philips,2013,,0
7047,529330,3.0,2015-08-07,Female&Male,Headphones,Philips,2015,Male,0
3338,529358,1.0,2015-08-07,Male,Headphones,Jabra,2013,,0
3338,529359,1.0,2015-08-07,Male,Headphones,Jabra,2013,,0
3338,362226,2.0,2015-08-07,Male,Headphones,Jabra,2013,,2
7528,489150,4.0,2015-08-08,Female,Headphones,Philips,2015,,2
5146,530184,4.0,2015-08-08,Female,Headphones,Jabra,2014,,0
5146,530186,1.0,2015-08-08,Female,Headphones,Jabra,2014,,0
3338,530292,5.0,2015-08-08,Male,Headphones,Jabra,2013,,0
3338,530539,1.0,2015-08-09,Male,Headphones,Jabra,2013,,0
3150,530592,1.0,2015-08-09,Male,Headphones,Philips,2013,,0
4128,530623,4.0,2015-08-09,Female,Headphones,Jabra,2014,,0
3338,531156,3.0,2015-08-10,Male,Headphones,Jabra,2013,,0
1728,327428,5.0,2015-08-10,Female&Male,Headphones,Jabra,2011,,2
5142,531822,1.0,2015-08-10,Female,Headphones,Jabra,2014,,0
5142,531823,4.0,2015-08-10,Female,Headphones,Jabra,2014,,0
7528,167558,3.0,2015-08-10,Female,Headphones,Philips,2015,,2
7526,531913,3.0,2015-08-10,Male,Headphones,Philips,2015,,0
2900,531995,5.0,2015-08-10,Female&Male,Headphones,Jabra,2013,,0
3338,532088,5.0,2015-08-11,Male,Headphones,Jabra,2013,,0
3338,532099,1.0,2015-08-11,Male,Headphones,Jabra,2013,,0
3461,532102,5.0,2015-08-11,Male,Headphones,Philips,2013,,0
7528,532110,4.0,2015-08-11,Female,Headphones,Philips,2015,,0
5142,532211,2.0,2015-08-11,Female,Headphones,Jabra,2014,,0
5142,532212,1.0,2015-08-11,Female,Headphones,Jabra,2014,,0
5142,532213,3.0,2015-08-11,Female,Headphones,Jabra,2014,,0
5257,532344,5.0,2015-08-11,Male,Headphones,Philips,2015,,0
7526,292232,5.0,2015-08-11,Male,Headphones,Philips,2015,Female,2
7526,40262,5.0,2015-08-11,Male,Headphones,Philips,2015,Male,2
3338,532630,3.0,2015-08-11,Male,Headphones,Jabra,2013,,0
3338,532631,1.0,2015-08-11,Male,Headphones,Jabra,2013,Male,0
4501,532794,2.0,2015-08-11,Female,Headphones,Apple,2014,,0
7528,348670,5.0,2015-08-12,Female,Headphones,Philips,2015,,0
3338,234010,2.0,2015-08-12,Male,Headphones,Jabra,2013,,2
5146,533818,5.0,2015-08-12,Female,Headphones,Jabra,2014,,0
5146,533819,2.0,2015-08-12,Female,Headphones,Jabra,2014,Male,0
5146,533821,5.0,2015-08-12,Female,Headphones,Jabra,2014,,0
7047,533876,5.0,2015-08-13,Female&Male,Headphones,Philips,2015,,0
5257,239725,3.0,2015-08-13,Male,Headphones,Philips,2015,,2
2900,534066,4.0,2015-08-13,Female&Male,Headphones,Jabra,2013,,0
3461,534101,4.0,2015-08-13,Male,Headphones,Philips,2013,,0
5146,344032,5.0,2015-08-13,Female,Headphones,Jabra,2014,,1
7092,534447,5.0,2015-08-13,Male,Headphones,Philips,2015,Male,0
7528,80969,5.0,2015-08-13,Female,Headphones,Philips,2015,Female,2
3338,534676,3.0,2015-08-13,Male,Headphones,Jabra,2013,,0
1499,534739,5.0,2015-08-14,Male,Headphones,Philips,2011,Female,0
7213,534849,2.0,2015-08-14,Female&Male,Headphones,Philips,2015,,0
2900,305787,5.0,2015-08-14,Female&Male,Headphones,Jabra,2013,Male,2
1728,535131,5.0,2015-08-14,Female&Male,Headphones,Jabra,2011,,0
5142,535213,3.0,2015-08-14,Female,Headphones,Jabra,2014,,0
5257,535416,5.0,2015-08-14,Male,Headphones,Philips,2015,,0
5146,535767,1.0,2015-08-15,Female,Headphones,Jabra,2014,,0
5146,535769,4.0,2015-08-15,Female,Headphones,Jabra,2014,,0
3338,535827,5.0,2015-08-15,Male,Headphones,Jabra,2013,,0
4128,536556,1.0,2015-08-16,Female,Headphones,Jabra,2014,,0
5146,536734,5.0,2015-08-16,Female,Headphones,Jabra,2014,,0
3439,536760,5.0,2015-08-16,Male,Headphones,Philips,2014,,0
7213,536821,5.0,2015-08-16,Female&Male,Headphones,Philips,2015,Female,0
3338,537008,4.0,2015-08-17,Male,Headphones,Jabra,2013,,0
7213,537144,4.0,2015-08-17,Female&Male,Headphones,Philips,2015,,0
7213,537153,5.0,2015-08-17,Female&Male,Headphones,Philips,2015,,0
7213,537154,3.0,2015-08-17,Female&Male,Headphones,Philips,2015,,0
7213,537170,4.0,2015-08-17,Female&Male,Headphones,Philips,2015,,0
5142,537215,2.0,2015-08-17,Female,Headphones,Jabra,2014,,0
1728,537815,1.0,2015-08-17,Female&Male,Headphones,Jabra,2011,Male,0
7526,244527,5.0,2015-08-17,Male,Headphones,Philips,2015,Female,2
3820,383347,5.0,2015-08-17,Male,Headphones,Philips,2014,,1
7047,538074,4.0,2015-08-17,Female&Male,Headphones,Philips,2015,,0
7047,538135,1.0,2015-08-17,Female&Male,Headphones,Philips,2015,,0
7092,538158,3.0,2015-08-17,Male,Headphones,Philips,2015,,0
7047,538166,4.0,2015-08-17,Female&Male,Headphones,Philips,2015,,0
7047,538200,3.0,2015-08-17,Female&Male,Headphones,Philips,2015,,0
5146,538267,3.0,2015-08-18,Female,Headphones,Jabra,2014,,0
3150,538534,2.0,2015-08-18,Male,Headphones,Philips,2013,,0
5146,538655,5.0,2015-08-18,Female,Headphones,Jabra,2014,,0
5146,538666,5.0,2015-08-18,Female,Headphones,Jabra,2014,,0
5142,538801,2.0,2015-08-18,Female,Headphones,Jabra,2014,,0
5142,538802,1.0,2015-08-18,Female,Headphones,Jabra,2014,,0
3461,539084,5.0,2015-08-18,Male,Headphones,Philips,2013,,0
3338,539329,5.0,2015-08-18,Male,Headphones,Jabra,2013,,0
7526,93720,5.0,2015-08-19,Male,Headphones,Philips,2015,Female,1
7213,539773,4.0,2015-08-19,Female&Male,Headphones,Philips,2015,Female,0
5142,540116,3.0,2015-08-19,Female,Headphones,Jabra,2014,,0
3150,539647,5.0,2015-08-19,Male,Headphones,Philips,2013,,2
5146,540320,5.0,2015-08-19,Female,Headphones,Jabra,2014,,0
5146,540322,3.0,2015-08-19,Female,Headphones,Jabra,2014,,0
3150,540353,5.0,2015-08-20,Male,Headphones,Philips,2013,,0
3150,540370,5.0,2015-08-20,Male,Headphones,Philips,2013,,0
7092,540479,5.0,2015-08-20,Male,Headphones,Philips,2015,Male,0
3606,540534,5.0,2015-08-20,Male,Headphones,Philips,2014,,0
5142,541019,2.0,2015-08-20,Female,Headphones,Jabra,2014,,0
5146,541078,5.0,2015-08-20,Female,Headphones,Jabra,2014,,0
7047,541256,4.0,2015-08-20,Female&Male,Headphones,Philips,2015,,0
7526,541356,5.0,2015-08-21,Male,Headphones,Philips,2015,Female,0
3461,541436,4.0,2015-08-21,Male,Headphones,Philips,2013,Female,0
5146,541551,5.0,2015-08-21,Female,Headphones,Jabra,2014,,0
5146,541553,3.0,2015-08-21,Female,Headphones,Jabra,2014,,0
2900,541623,4.0,2015-08-21,Female&Male,Headphones,Jabra,2013,,0
2900,541638,4.0,2015-08-21,Female&Male,Headphones,Jabra,2013,,0
3338,541793,1.0,2015-08-21,Male,Headphones,Jabra,2013,,0
7047,541955,3.0,2015-08-21,Female&Male,Headphones,Philips,2015,Female,0
3338,542299,3.0,2015-08-22,Male,Headphones,Jabra,2013,,0
7528,55840,4.0,2015-08-22,Female,Headphones,Philips,2015,Male,2
7528,542428,4.0,2015-08-22,Female,Headphones,Philips,2015,,0
3150,542573,4.0,2015-08-22,Male,Headphones,Philips,2013,,0
5257,542805,4.0,2015-08-22,Male,Headphones,Philips,2015,,0
3150,542932,5.0,2015-08-23,Male,Headphones,Philips,2013,,0
6699,543336,3.0,2015-08-23,Female,Headphones,Jabra,2015,,0
3338,543545,3.0,2015-08-23,Male,Headphones,Jabra,2013,,0
5257,543583,4.0,2015-08-23,Male,Headphones,Philips,2015,,0
5142,543723,4.0,2015-08-24,Female,Headphones,Jabra,2014,,0
3461,543792,5.0,2015-08-24,Male,Headphones,Philips,2013,Male,1
3606,544193,1.0,2015-08-24,Male,Headphones,Philips,2014,,0
3338,544257,5.0,2015-08-24,Male,Headphones,Jabra,2013,,0
3338,544259,5.0,2015-08-24,Male,Headphones,Jabra,2013,,0
3150,250801,2.0,2015-08-24,Male,Headphones,Philips,2013,,2
3150,544380,1.0,2015-08-24,Male,Headphones,Philips,2013,,0
1762,544385,5.0,2015-08-24,Male,Headphones,Philips,2013,,0
4128,544709,5.0,2015-08-25,Female,Headphones,Jabra,2014,,0
3338,544966,3.0,2015-08-25,Male,Headphones,Jabra,2013,,0
5146,545039,5.0,2015-08-25,Female,Headphones,Jabra,2014,Male,0
3338,545065,1.0,2015-08-25,Male,Headphones,Jabra,2013,,0
5257,544999,5.0,2015-08-25,Male,Headphones,Philips,2015,,2
3150,545591,5.0,2015-08-25,Male,Headphones,Philips,2013,,0
4818,545617,5.0,2015-08-26,Male,Headphones,Philips,2014,,0
3338,545660,1.0,2015-08-26,Male,Headphones,Jabra,2013,,0
7047,545728,3.0,2015-08-26,Female&Male,Headphones,Philips,2015,,0
5146,545791,3.0,2015-08-26,Female,Headphones,Jabra,2014,Male,0
5146,545792,3.0,2015-08-26,Female,Headphones,Jabra,2014,,0
3439,545863,5.0,2015-08-26,Male,Headphones,Philips,2014,,0
6015,546327,1.0,2015-08-26,Female,Headphones,Jabra,2015,,0
5142,546334,3.0,2015-08-26,Female,Headphones,Jabra,2014,,0
1728,546578,4.0,2015-08-27,Female&Male,Headphones,Jabra,2011,,0
3150,546815,5.0,2015-08-27,Male,Headphones,Philips,2013,,0
3150,546816,3.0,2015-08-27,Male,Headphones,Philips,2013,,0
3338,547073,2.0,2015-08-27,Male,Headphones,Jabra,2013,,0
5146,547274,4.0,2015-08-27,Female,Headphones,Jabra,2014,,0
5146,547341,2.0,2015-08-27,Female,Headphones,Jabra,2014,,0
7526,547392,4.0,2015-08-28,Male,Headphones,Philips,2015,Female,0
7047,547494,4.0,2015-08-28,Female&Male,Headphones,Philips,2015,,0
5146,548236,5.0,2015-08-29,Female,Headphones,Jabra,2014,,0
2900,548290,5.0,2015-08-29,Female&Male,Headphones,Jabra,2013,,0
5142,548455,1.0,2015-08-29,Female,Headphones,Jabra,2014,,0
5146,548677,5.0,2015-08-29,Female,Headphones,Jabra,2014,,0
5146,548691,4.0,2015-08-29,Female,Headphones,Jabra,2014,,0
5146,548735,3.0,2015-08-29,Female,Headphones,Jabra,2014,,0
5146,548859,4.0,2015-08-30,Female,Headphones,Jabra,2014,,0
7213,548925,4.0,2015-08-30,Female&Male,Headphones,Philips,2015,,0
3338,549030,1.0,2015-08-30,Male,Headphones,Jabra,2013,,0
6015,549158,3.0,2015-08-30,Female,Headphones,Jabra,2015,Male,0
7526,549404,5.0,2015-08-30,Male,Headphones,Philips,2015,Female,0
7526,43855,4.0,2015-08-30,Male,Headphones,Philips,2015,Male,2
7526,34584,5.0,2015-08-30,Male,Headphones,Philips,2015,Male,0
3150,549774,5.0,2015-08-31,Male,Headphones,Philips,2013,,0
3461,549893,5.0,2015-08-31,Male,Headphones,Philips,2013,,0
5257,550539,5.0,2015-08-31,Male,Headphones,Philips,2015,,0
7482,23200,5.0,2015-09-01,Male,Headphones,Jabra,2015,,1
7482,19760,2.0,2015-09-01,Male,Headphones,Jabra,2015,,2
5142,550594,1.0,2015-09-01,Female,Headphones,Jabra,2014,,0
5142,550606,5.0,2015-09-01,Female,Headphones,Jabra,2014,,0
5257,550688,5.0,2015-09-01,Male,Headphones,Philips,2015,,0
236,550788,4.0,2015-09-01,Male,Headphones,Philips,2005,,0
7213,221601,4.0,2015-09-01,Female&Male,Headphones,Philips,2015,Female,0
5146,78677,3.0,2015-09-01,Female,Headphones,Jabra,2014,,2
7213,551584,2.0,2015-09-02,Female&Male,Headphones,Philips,2015,,0
5146,448301,5.0,2015-09-02,Female,Headphones,Jabra,2014,,0
5142,552081,2.0,2015-09-02,Female,Headphones,Jabra,2014,,0
3461,351213,3.0,2015-09-02,Male,Headphones,Philips,2013,,2
3150,552435,5.0,2015-09-02,Male,Headphones,Philips,2013,,0
7526,552586,4.0,2015-09-03,Male,Headphones,Philips,2015,Female,0
3606,552607,3.0,2015-09-03,Male,Headphones,Philips,2014,,0
7482,264461,4.0,2015-09-03,Male,Headphones,Jabra,2015,,1
7482,48311,2.0,2015-09-03,Male,Headphones,Jabra,2015,,1
5257,552746,4.0,2015-09-03,Male,Headphones,Philips,2015,,0
3338,552782,1.0,2015-09-03,Male,Headphones,Jabra,2013,,0
4416,553297,3.0,2015-09-04,Female,Headphones,Philips,2014,,0
5146,553327,1.0,2015-09-04,Female,Headphones,Jabra,2014,,0
5146,553331,5.0,2015-09-04,Female,Headphones,Jabra,2014,,0
3338,553550,4.0,2015-09-04,Male,Headphones,Jabra,2013,,0
7482,31795,2.0,2015-09-05,Male,Headphones,Jabra,2015,Male,0
3461,554059,5.0,2015-09-05,Male,Headphones,Philips,2013,Female,0
7482,50755,3.0,2015-09-05,Male,Headphones,Jabra,2015,Male,1
7482,109152,2.0,2015-09-05,Male,Headphones,Jabra,2015,Male,2
5142,554164,1.0,2015-09-05,Female,Headphones,Jabra,2014,,0
5146,554290,3.0,2015-09-05,Female,Headphones,Jabra,2014,,0
5146,554300,4.0,2015-09-05,Female,Headphones,Jabra,2014,,0
7482,554958,4.0,2015-09-06,Male,Headphones,Jabra,2015,Female,0
7482,544148,4.0,2015-09-06,Male,Headphones,Jabra,2015,Female,2
4818,555243,5.0,2015-09-06,Male,Headphones,Philips,2014,,0
3150,555259,3.0,2015-09-06,Male,Headphones,Philips,2013,,0
5146,555407,3.0,2015-09-06,Female,Headphones,Jabra,2014,,0
5146,555414,2.0,2015-09-06,Female,Headphones,Jabra,2014,Male,0
3150,555429,5.0,2015-09-07,Male,Headphones,Philips,2013,,0
7213,555516,2.0,2015-09-07,Female&Male,Headphones,Philips,2015,,0
6015,556191,3.0,2015-09-07,Female,Headphones,Jabra,2015,,0
5142,556289,2.0,2015-09-07,Female,Headphones,Jabra,2014,,0
7482,556320,5.0,2015-09-07,Male,Headphones,Jabra,2015,,0
7482,34749,5.0,2015-09-07,Male,Headphones,Jabra,2015,Male,1
7482,48165,4.0,2015-09-08,Male,Headphones,Jabra,2015,Female,0
7482,38364,2.0,2015-09-08,Male,Headphones,Jabra,2015,Male,2
3439,557059,5.0,2015-09-08,Male,Headphones,Philips,2014,Male,0
6699,557439,1.0,2015-09-09,Female,Headphones,Jabra,2015,,0
3338,557623,1.0,2015-09-09,Male,Headphones,Jabra,2013,,0
5146,557862,5.0,2015-09-09,Female,Headphones,Jabra,2014,,0
5146,557877,3.0,2015-09-09,Female,Headphones,Jabra,2014,,0
5146,557882,1.0,2015-09-09,Female,Headphones,Jabra,2014,,0
3338,558125,1.0,2015-09-09,Male,Headphones,Jabra,2013,,0
7482,150892,4.0,2015-09-09,Male,Headphones,Jabra,2015,Female,2
3150,558331,1.0,2015-09-10,Male,Headphones,Philips,2013,,0
3150,558371,1.0,2015-09-10,Male,Headphones,Philips,2013,,0
5257,558459,5.0,2015-09-10,Male,Headphones,Philips,2015,,0
5146,558467,1.0,2015-09-10,Female,Headphones,Jabra,2014,,0
5146,558473,2.0,2015-09-10,Female,Headphones,Jabra,2014,,0
5146,558475,5.0,2015-09-10,Female,Headphones,Jabra,2014,Female,0
3338,558946,5.0,2015-09-10,Male,Headphones,Jabra,2013,,0
3439,559118,3.0,2015-09-11,Male,Headphones,Philips,2014,,0
5146,559321,2.0,2015-09-11,Female,Headphones,Jabra,2014,,0
5146,559333,5.0,2015-09-11,Female,Headphones,Jabra,2014,,0
7047,559377,4.0,2015-09-11,Female&Male,Headphones,Philips,2015,,0
3461,559621,2.0,2015-09-11,Male,Headphones,Philips,2013,,0
7482,7605,3.0,2015-09-11,Male,Headphones,Jabra,2015,Male,1
5257,559759,5.0,2015-09-11,Male,Headphones,Philips,2015,,0
7213,559766,4.0,2015-09-11,Female&Male,Headphones,Philips,2015,,0
3150,559809,4.0,2015-09-11,Male,Headphones,Philips,2013,,0
5142,559969,5.0,2015-09-12,Female,Headphones,Jabra,2014,,0
5146,559972,4.0,2015-09-12,Female,Headphones,Jabra,2014,,0
5146,559980,1.0,2015-09-12,Female,Headphones,Jabra,2014,,0
5142,559986,2.0,2015-09-12,Female,Headphones,Jabra,2014,,0
6015,560127,5.0,2015-09-12,Female,Headphones,Jabra,2015,,0
7213,560168,5.0,2015-09-12,Female&Male,Headphones,Philips,2015,,0
5146,560719,1.0,2015-09-13,Female,Headphones,Jabra,2014,,0
3606,560725,5.0,2015-09-13,Male,Headphones,Philips,2014,,0
3461,560867,5.0,2015-09-13,Male,Headphones,Philips,2013,,0
3338,560939,5.0,2015-09-13,Male,Headphones,Jabra,2013,,0
7213,561041,5.0,2015-09-13,Female&Male,Headphones,Philips,2015,,0
7092,561042,5.0,2015-09-13,Male,Headphones,Philips,2015,,0
2900,561244,1.0,2015-09-13,Female&Male,Headphones,Jabra,2013,,0
7482,547922,4.0,2015-09-14,Male,Headphones,Jabra,2015,Male,2
7482,484338,2.0,2015-09-14,Male,Headphones,Jabra,2015,Male,2
7482,160334,3.0,2015-09-14,Male,Headphones,Jabra,2015,Male,2
5257,119496,5.0,2015-09-14,Male,Headphones,Philips,2015,,2
7047,561692,3.0,2015-09-14,Female&Male,Headphones,Philips,2015,Male,0
7047,561693,5.0,2015-09-14,Female&Male,Headphones,Philips,2015,Male,0
7047,561760,4.0,2015-09-14,Female&Male,Headphones,Philips,2015,,0
5142,562196,1.0,2015-09-14,Female,Headphones,Jabra,2014,,0
5142,562202,5.0,2015-09-14,Female,Headphones,Jabra,2014,,0
3338,561636,5.0,2015-09-14,Male,Headphones,Jabra,2013,,2
6015,562721,3.0,2015-09-15,Female,Headphones,Jabra,2015,,0
7482,104762,4.0,2015-09-15,Male,Headphones,Jabra,2015,,2
7047,79953,4.0,2015-09-15,Female&Male,Headphones,Philips,2015,,2
3461,563076,5.0,2015-09-15,Male,Headphones,Philips,2013,Male,0
5257,563187,5.0,2015-09-15,Male,Headphones,Philips,2015,,0
3150,563282,1.0,2015-09-16,Male,Headphones,Philips,2013,,0
3150,563284,2.0,2015-09-16,Male,Headphones,Philips,2013,,0
7047,563875,4.0,2015-09-16,Female&Male,Headphones,Philips,2015,Female,0
5146,414010,3.0,2015-09-17,Female,Headphones,Jabra,2014,,2
5146,564175,4.0,2015-09-17,Female,Headphones,Jabra,2014,,0
5146,564176,5.0,2015-09-17,Female,Headphones,Jabra,2014,,0
1469,564443,5.0,2015-09-17,Male,Headphones,Philips,2011,,0
3150,564823,5.0,2015-09-17,Male,Headphones,Philips,2013,,0
5257,564892,5.0,2015-09-18,Male,Headphones,Philips,2015,,0
3338,565061,5.0,2015-09-18,Male,Headphones,Jabra,2013,,0
5146,565412,4.0,2015-09-18,Female,Headphones,Jabra,2014,,0
2900,565457,3.0,2015-09-18,Female&Male,Headphones,Jabra,2013,,0
5146,565999,5.0,2015-09-19,Female,Headphones,Jabra,2014,,0
5146,566002,1.0,2015-09-19,Female,Headphones,Jabra,2014,,0
7482,386768,5.0,2015-09-20,Male,Headphones,Jabra,2015,,1
5142,566536,2.0,2015-09-20,Female,Headphones,Jabra,2014,,0
3067,566699,5.0,2015-09-20,Female,Headphones,Philips,2016,Male,0
3439,566748,5.0,2015-09-20,Male,Headphones,Philips,2014,,0
3461,567493,3.0,2015-09-21,Male,Headphones,Philips,2013,,0
3820,567758,2.0,2015-09-21,Male,Headphones,Philips,2014,,0
5146,567764,5.0,2015-09-21,Female,Headphones,Jabra,2014,,0
2900,567820,5.0,2015-09-21,Female&Male,Headphones,Jabra,2013,,0
5142,567974,1.0,2015-09-22,Female,Headphones,Jabra,2014,,0
5146,568423,2.0,2015-09-22,Female,Headphones,Jabra,2014,,0
4128,568622,5.0,2015-09-22,Female,Headphones,Jabra,2014,,0
1728,568626,3.0,2015-09-22,Female&Male,Headphones,Jabra,2011,,0
7213,568792,3.0,2015-09-23,Female&Male,Headphones,Philips,2015,,0
3338,568835,2.0,2015-09-23,Male,Headphones,Jabra,2013,,0
5146,540294,1.0,2015-09-23,Female,Headphones,Jabra,2014,,2
5146,568972,4.0,2015-09-23,Female,Headphones,Jabra,2014,,0
5146,568973,2.0,2015-09-23,Female,Headphones,Jabra,2014,,0
5142,569249,1.0,2015-09-23,Female,Headphones,Jabra,2014,,0
5142,569250,1.0,2015-09-23,Female,Headphones,Jabra,2014,,0
3461,569341,3.0,2015-09-23,Male,Headphones,Philips,2013,,0
5142,569862,1.0,2015-09-24,Female,Headphones,Jabra,2014,,0
5257,570022,5.0,2015-09-24,Male,Headphones,Philips,2015,,0
5146,570029,2.0,2015-09-24,Female,Headphones,Jabra,2014,,0
5257,570285,4.0,2015-09-25,Male,Headphones,Philips,2015,,0
6015,570456,5.0,2015-09-25,Female,Headphones,Jabra,2015,,0
3150,570464,2.0,2015-09-25,Male,Headphones,Philips,2013,,0
3150,570466,5.0,2015-09-25,Male,Headphones,Philips,2013,Female,0
5257,571098,5.0,2015-09-26,Male,Headphones,Philips,2015,,0
5146,571673,2.0,2015-09-27,Female,Headphones,Jabra,2014,,0
5146,571676,5.0,2015-09-27,Female,Headphones,Jabra,2014,,0
5146,571683,4.0,2015-09-27,Female,Headphones,Jabra,2014,,0
5142,572095,3.0,2015-09-27,Female,Headphones,Jabra,2014,,0
1728,572402,5.0,2015-09-28,Female&Male,Headphones,Jabra,2011,,0
5142,572594,5.0,2015-09-28,Female,Headphones,Jabra,2014,,0
5146,572742,5.0,2015-09-28,Female,Headphones,Jabra,2014,Female,0
1499,573196,1.0,2015-09-29,Male,Headphones,Philips,2011,,0
4128,573529,5.0,2015-09-29,Female,Headphones,Jabra,2014,,0
3150,573822,5.0,2015-09-29,Male,Headphones,Philips,2013,,0
3150,573823,5.0,2015-09-29,Male,Headphones,Philips,2013,,0
5142,574044,2.0,2015-09-29,Female,Headphones,Jabra,2014,,0
5142,574064,5.0,2015-09-29,Female,Headphones,Jabra,2014,,0
5257,574512,3.0,2015-09-30,Male,Headphones,Philips,2015,,0
5146,575106,5.0,2015-10-01,Female,Headphones,Jabra,2014,,0
3338,575357,1.0,2015-10-02,Male,Headphones,Jabra,2013,,0
5146,575366,5.0,2015-10-02,Female,Headphones,Jabra,2014,,0
5257,575765,5.0,2015-10-02,Male,Headphones,Philips,2015,,0
2900,227632,5.0,2015-10-02,Female&Male,Headphones,Jabra,2013,,1
7482,20409,4.0,2015-10-03,Male,Headphones,Jabra,2015,,2
5146,492518,5.0,2015-10-03,Female,Headphones,Jabra,2014,,2
5146,576498,4.0,2015-10-03,Female,Headphones,Jabra,2014,,0
3150,576681,4.0,2015-10-03,Male,Headphones,Philips,2013,,0
1728,172920,4.0,2015-10-04,Female&Male,Headphones,Jabra,2011,,1
3338,577155,1.0,2015-10-04,Male,Headphones,Jabra,2013,,0
5146,577190,5.0,2015-10-04,Female,Headphones,Jabra,2014,Female,0
7047,577220,5.0,2015-10-04,Female&Male,Headphones,Philips,2015,,0
5142,577240,1.0,2015-10-04,Female,Headphones,Jabra,2014,,0
5257,577351,4.0,2015-10-04,Male,Headphones,Philips,2015,,0
5146,577366,5.0,2015-10-04,Female,Headphones,Jabra,2014,,0
2921,577382,1.0,2015-10-04,Male,Headphones,Jabra,2013,,0
7092,577509,3.0,2015-10-05,Male,Headphones,Philips,2015,,0
3338,518400,4.0,2015-10-05,Male,Headphones,Jabra,2013,Male,2
4128,578157,2.0,2015-10-05,Female,Headphones,Jabra,2014,,0
3338,578355,1.0,2015-10-06,Male,Headphones,Jabra,2013,,0
236,578357,3.0,2015-10-06,Male,Headphones,Philips,2005,,0
4416,504497,5.0,2015-10-06,Female,Headphones,Philips,2014,,2
5146,579036,5.0,2015-10-06,Female,Headphones,Jabra,2014,,0
5146,579037,5.0,2015-10-06,Female,Headphones,Jabra,2014,,0
7213,579204,1.0,2015-10-06,Female&Male,Headphones,Philips,2015,,0
7482,16153,5.0,2015-10-07,Male,Headphones,Jabra,2015,,2
5146,579531,2.0,2015-10-07,Female,Headphones,Jabra,2014,Male,0
5146,579543,5.0,2015-10-07,Female,Headphones,Jabra,2014,,0
5146,579544,5.0,2015-10-07,Female,Headphones,Jabra,2014,,0
4501,579869,4.0,2015-10-07,Female,Headphones,Apple,2014,,0
5257,580081,4.0,2015-10-08,Male,Headphones,Philips,2015,,0
3338,580211,1.0,2015-10-08,Male,Headphones,Jabra,2013,,0
1728,580211,1.0,2015-10-08,Female&Male,Headphones,Jabra,2011,,2
5142,580436,1.0,2015-10-08,Female,Headphones,Jabra,2014,,0
3150,580479,5.0,2015-10-08,Male,Headphones,Philips,2013,,0
3338,580682,5.0,2015-10-08,Male,Headphones,Jabra,2013,,0
3338,191843,3.0,2015-10-09,Male,Headphones,Jabra,2013,,2
3338,581019,5.0,2015-10-09,Male,Headphones,Jabra,2013,,0
5146,581684,3.0,2015-10-10,Female,Headphones,Jabra,2014,,0
5146,210015,4.0,2015-10-10,Female,Headphones,Jabra,2014,Male,2
3150,581778,5.0,2015-10-10,Male,Headphones,Philips,2013,Female,0
4501,582189,5.0,2015-10-10,Female,Headphones,Apple,2014,,2
5142,582298,2.0,2015-10-10,Female,Headphones,Jabra,2014,,0
3338,582545,5.0,2015-10-11,Male,Headphones,Jabra,2013,,0
3150,582658,2.0,2015-10-11,Male,Headphones,Philips,2013,,0
5146,582670,5.0,2015-10-11,Female,Headphones,Jabra,2014,,2
2900,582770,3.0,2015-10-11,Female&Male,Headphones,Jabra,2013,,0
3150,583087,5.0,2015-10-12,Male,Headphones,Philips,2013,,0
7047,517378,2.0,2015-10-12,Female&Male,Headphones,Philips,2015,,2
5146,583257,5.0,2015-10-12,Female,Headphones,Jabra,2014,,0
5146,583258,3.0,2015-10-12,Female,Headphones,Jabra,2014,Female,0
3150,583344,5.0,2015-10-12,Male,Headphones,Philips,2013,Female,0
6015,583347,4.0,2015-10-12,Female,Headphones,Jabra,2015,,0
5257,266398,5.0,2015-10-12,Male,Headphones,Philips,2015,,2
5257,583616,5.0,2015-10-12,Male,Headphones,Philips,2015,,0
5142,583698,1.0,2015-10-12,Female,Headphones,Jabra,2014,,0
3338,583700,4.0,2015-10-12,Male,Headphones,Jabra,2013,,0
4416,583707,4.0,2015-10-12,Female,Headphones,Philips,2014,,0
5257,266923,5.0,2015-10-13,Male,Headphones,Philips,2015,,1
7526,584273,5.0,2015-10-13,Male,Headphones,Philips,2015,,0
4818,411783,5.0,2015-10-13,Male,Headphones,Philips,2014,,1
2900,584782,2.0,2015-10-13,Female&Male,Headphones,Jabra,2013,,0
5146,584835,5.0,2015-10-13,Female,Headphones,Jabra,2014,,0
3338,585111,3.0,2015-10-14,Male,Headphones,Jabra,2013,,0
3150,585376,5.0,2015-10-14,Male,Headphones,Philips,2013,,0
5146,585393,3.0,2015-10-14,Female,Headphones,Jabra,2014,,0
5142,585395,3.0,2015-10-14,Female,Headphones,Jabra,2014,,0
3439,585447,1.0,2015-10-14,Male,Headphones,Philips,2014,,0
5257,585512,5.0,2015-10-14,Male,Headphones,Philips,2015,,2
5146,586213,5.0,2015-10-15,Female,Headphones,Jabra,2014,,0
5146,586215,3.0,2015-10-15,Female,Headphones,Jabra,2014,,0
5257,586798,5.0,2015-10-16,Male,Headphones,Philips,2015,,0
7528,586848,2.0,2015-10-16,Female,Headphones,Philips,2015,,0
5146,586936,3.0,2015-10-16,Female,Headphones,Jabra,2014,,0
8390,587070,5.0,2015-10-16,Female&Male,Headphones,Apple,2015,,0
3338,587249,1.0,2015-10-16,Male,Headphones,Jabra,2013,,0
5257,97975,5.0,2015-10-17,Male,Headphones,Philips,2015,,0
5257,587384,5.0,2015-10-17,Male,Headphones,Philips,2015,,0
7482,236893,3.0,2015-10-17,Male,Headphones,Jabra,2015,Male,1
7047,587396,3.0,2015-10-17,Female&Male,Headphones,Philips,2015,Female,0
3461,587409,5.0,2015-10-17,Male,Headphones,Philips,2013,Male,0
5142,587669,4.0,2015-10-17,Female,Headphones,Jabra,2014,,0
3150,587672,3.0,2015-10-17,Male,Headphones,Philips,2013,,0
6015,587908,1.0,2015-10-17,Female,Headphones,Jabra,2015,,0
7092,588030,4.0,2015-10-18,Male,Headphones,Philips,2015,,0
7482,227794,5.0,2015-10-18,Male,Headphones,Jabra,2015,,2
5146,588271,4.0,2015-10-18,Female,Headphones,Jabra,2014,,0
3150,588276,5.0,2015-10-18,Male,Headphones,Philips,2013,,0
3439,588316,3.0,2015-10-18,Male,Headphones,Philips,2014,,0
5146,588433,5.0,2015-10-18,Female,Headphones,Jabra,2014,,0
2900,588512,5.0,2015-10-18,Female&Male,Headphones,Jabra,2013,,0
5146,588738,5.0,2015-10-19,Female,Headphones,Jabra,2014,,0
1728,588773,3.0,2015-10-19,Female&Male,Headphones,Jabra,2011,,0
5257,588973,5.0,2015-10-19,Male,Headphones,Philips,2015,,0
8410,589057,4.0,2015-10-19,Female&Male,Headphones,Philips,2017,,0
3461,589273,3.0,2015-10-19,Male,Headphones,Philips,2013,,0
3338,588773,5.0,2015-10-19,Male,Headphones,Jabra,2013,,2
3338,589442,5.0,2015-10-19,Male,Headphones,Jabra,2013,,0
7482,26388,3.0,2015-10-19,Male,Headphones,Jabra,2015,,1
3338,589498,4.0,2015-10-19,Male,Headphones,Jabra,2013,,0
5146,589836,5.0,2015-10-20,Female,Headphones,Jabra,2014,,0
5146,589842,5.0,2015-10-20,Female,Headphones,Jabra,2014,,0
3150,590514,3.0,2015-10-20,Male,Headphones,Philips,2013,,0
5257,590608,5.0,2015-10-20,Male,Headphones,Philips,2015,,0
3338,590756,1.0,2015-10-20,Male,Headphones,Jabra,2013,,0
3338,590872,5.0,2015-10-21,Male,Headphones,Jabra,2013,,0
5142,351235,2.0,2015-10-21,Female,Headphones,Jabra,2014,,2
7482,71070,3.0,2015-10-21,Male,Headphones,Jabra,2015,Male,2
3150,154735,5.0,2015-10-21,Male,Headphones,Philips,2013,,2
2900,591356,5.0,2015-10-21,Female&Male,Headphones,Jabra,2013,,0
2900,591358,5.0,2015-10-21,Female&Male,Headphones,Jabra,2013,,0
7047,591379,1.0,2015-10-21,Female&Male,Headphones,Philips,2015,,0
7047,591599,4.0,2015-10-22,Female&Male,Headphones,Philips,2015,Male,0
7528,591620,5.0,2015-10-22,Female,Headphones,Philips,2015,Female,0
5146,592111,5.0,2015-10-22,Female,Headphones,Jabra,2014,,0
7092,592139,4.0,2015-10-22,Male,Headphones,Philips,2015,,0
5257,592275,5.0,2015-10-22,Male,Headphones,Philips,2015,,0
1728,592410,5.0,2015-10-23,Female&Male,Headphones,Jabra,2011,,0
3461,592496,5.0,2015-10-23,Male,Headphones,Philips,2013,,0
3338,592637,5.0,2015-10-23,Male,Headphones,Jabra,2013,,0
5142,592728,5.0,2015-10-23,Female,Headphones,Jabra,2014,,0
3150,592812,4.0,2015-10-23,Male,Headphones,Philips,2013,Female,0
5146,593630,5.0,2015-10-24,Female,Headphones,Jabra,2014,,0
5146,593631,5.0,2015-10-24,Female,Headphones,Jabra,2014,,0
547,593673,5.0,2015-10-24,Male,Headphones,Philips,2007,,0
4128,245642,4.0,2015-10-25,Female,Headphones,Jabra,2014,,2
5146,593935,1.0,2015-10-25,Female,Headphones,Jabra,2014,,0
3338,594043,4.0,2015-10-25,Male,Headphones,Jabra,2013,,0
7482,594326,2.0,2015-10-25,Male,Headphones,Jabra,2015,,0
7092,594525,5.0,2015-10-26,Male,Headphones,Philips,2015,,0
2900,594660,5.0,2015-10-26,Female&Male,Headphones,Jabra,2013,,0
3150,594821,2.0,2015-10-26,Male,Headphones,Philips,2013,,0
3606,594905,5.0,2015-10-26,Male,Headphones,Philips,2014,,0
5257,595608,5.0,2015-10-27,Male,Headphones,Philips,2015,,0
3150,595900,5.0,2015-10-27,Male,Headphones,Philips,2013,,0
3150,595901,5.0,2015-10-27,Male,Headphones,Philips,2013,Female,0
3150,595908,4.0,2015-10-27,Male,Headphones,Philips,2013,Male,0
5146,596211,4.0,2015-10-27,Female,Headphones,Jabra,2014,,0
7482,596343,1.0,2015-10-27,Male,Headphones,Jabra,2015,,0
3150,596720,4.0,2015-10-28,Male,Headphones,Philips,2013,,0
8390,596817,3.0,2015-10-28,Female&Male,Headphones,Apple,2015,,0
5146,597064,4.0,2015-10-28,Female,Headphones,Jabra,2014,Male,0
5142,597293,3.0,2015-10-28,Female,Headphones,Jabra,2014,,0
5146,597505,4.0,2015-10-29,Female,Headphones,Jabra,2014,,0
5142,597814,5.0,2015-10-29,Female,Headphones,Jabra,2014,,0
5142,597815,3.0,2015-10-29,Female,Headphones,Jabra,2014,,0
3150,598188,1.0,2015-10-29,Male,Headphones,Philips,2013,,0
3461,598294,1.0,2015-10-30,Male,Headphones,Philips,2013,,0
3461,598296,5.0,2015-10-30,Male,Headphones,Philips,2013,,0
4818,598322,4.0,2015-10-30,Male,Headphones,Philips,2014,,0
2900,598629,5.0,2015-10-30,Female&Male,Headphones,Jabra,2013,,0
5257,424377,5.0,2015-10-30,Male,Headphones,Philips,2015,,2
3150,598850,3.0,2015-10-30,Male,Headphones,Philips,2013,,0
3150,598851,5.0,2015-10-30,Male,Headphones,Philips,2013,,0
3150,598861,5.0,2015-10-30,Male,Headphones,Philips,2013,,0
2900,599037,3.0,2015-10-31,Female&Male,Headphones,Jabra,2013,,0
5142,599240,1.0,2015-10-31,Female,Headphones,Jabra,2014,,0
236,599339,2.0,2015-10-31,Male,Headphones,Philips,2005,,0
3338,599453,4.0,2015-10-31,Male,Headphones,Jabra,2013,,0
5142,428134,2.0,2015-11-01,Female,Headphones,Jabra,2014,,0
8390,599828,1.0,2015-11-01,Female&Male,Headphones,Apple,2015,,0
2900,600016,5.0,2015-11-01,Female&Male,Headphones,Jabra,2013,Male,0
3338,136476,5.0,2015-11-02,Male,Headphones,Jabra,2013,,1
5257,600589,4.0,2015-11-02,Male,Headphones,Philips,2015,,0
5146,600799,2.0,2015-11-02,Female,Headphones,Jabra,2014,,0
5142,9813,5.0,2015-11-02,Female,Headphones,Jabra,2014,,1
5257,601590,4.0,2015-11-03,Male,Headphones,Philips,2015,,0
3338,601784,3.0,2015-11-03,Male,Headphones,Jabra,2013,,0
3338,601787,1.0,2015-11-03,Male,Headphones,Jabra,2013,,0
5146,601809,1.0,2015-11-03,Female,Headphones,Jabra,2014,,0
5146,601810,5.0,2015-11-03,Female,Headphones,Jabra,2014,,0
5146,601812,4.0,2015-11-03,Female,Headphones,Jabra,2014,,0
3150,601996,5.0,2015-11-03,Male,Headphones,Philips,2013,Male,0
3150,601997,5.0,2015-11-03,Male,Headphones,Philips,2013,,0
3067,602028,1.0,2015-11-03,Female,Headphones,Philips,2016,,0
8390,602265,5.0,2015-11-04,Female&Male,Headphones,Apple,2015,,0
3150,602336,2.0,2015-11-04,Male,Headphones,Philips,2013,,0
3338,602382,5.0,2015-11-04,Male,Headphones,Jabra,2013,,0
3338,602419,5.0,2015-11-04,Male,Headphones,Jabra,2013,,0
3461,602611,4.0,2015-11-04,Male,Headphones,Philips,2013,,0
1728,603142,2.0,2015-11-05,Female&Male,Headphones,Jabra,2011,,0
5142,603531,2.0,2015-11-05,Female,Headphones,Jabra,2014,,0
5257,603665,5.0,2015-11-05,Male,Headphones,Philips,2015,,0
8390,603823,3.0,2015-11-05,Female&Male,Headphones,Apple,2015,Female,0
2900,603856,3.0,2015-11-05,Female&Male,Headphones,Jabra,2013,,0
3338,603934,5.0,2015-11-05,Male,Headphones,Jabra,2013,,0
3338,603990,1.0,2015-11-05,Male,Headphones,Jabra,2013,,0
7047,32367,4.0,2015-11-06,Female&Male,Headphones,Philips,2015,Male,2
3150,604675,5.0,2015-11-06,Male,Headphones,Philips,2013,,0
3150,604676,5.0,2015-11-06,Male,Headphones,Philips,2013,,0
5146,604678,1.0,2015-11-06,Female,Headphones,Jabra,2014,,0
5146,604679,5.0,2015-11-06,Female,Headphones,Jabra,2014,,0
3150,604825,4.0,2015-11-07,Male,Headphones,Philips,2013,,0
7092,604943,5.0,2015-11-07,Male,Headphones,Philips,2015,,0
3338,605231,3.0,2015-11-07,Male,Headphones,Jabra,2013,,0
5142,605915,1.0,2015-11-08,Female,Headphones,Jabra,2014,,0
5146,606171,3.0,2015-11-08,Female,Headphones,Jabra,2014,,0
3338,606224,1.0,2015-11-08,Male,Headphones,Jabra,2013,Male,0
3461,606371,5.0,2015-11-09,Male,Headphones,Philips,2013,,0
3150,606954,4.0,2015-11-09,Male,Headphones,Philips,2013,,0
3150,606880,5.0,2015-11-09,Male,Headphones,Philips,2013,,2
5146,607006,3.0,2015-11-09,Female,Headphones,Jabra,2014,,0
3150,607631,5.0,2015-11-10,Male,Headphones,Philips,2013,Female,0
5146,607634,5.0,2015-11-10,Female,Headphones,Jabra,2014,,0
1762,608383,1.0,2015-11-11,Male,Headphones,Philips,2013,,0
3338,128337,5.0,2015-11-11,Male,Headphones,Jabra,2013,Male,2
5142,95257,2.0,2015-11-12,Female,Headphones,Jabra,2014,,2
1499,609197,2.0,2015-11-12,Male,Headphones,Philips,2011,,0
5257,609260,4.0,2015-11-12,Male,Headphones,Philips,2015,,0
5257,609261,5.0,2015-11-12,Male,Headphones,Philips,2015,,0
5146,174769,4.0,2015-11-12,Female,Headphones,Jabra,2014,Male,0
3461,609551,1.0,2015-11-12,Male,Headphones,Philips,2013,,0
5146,610072,4.0,2015-11-13,Female,Headphones,Jabra,2014,,0
5146,610075,3.0,2015-11-13,Female,Headphones,Jabra,2014,,0
5146,610085,5.0,2015-11-13,Female,Headphones,Jabra,2014,,0
3150,610104,5.0,2015-11-13,Male,Headphones,Philips,2013,Female,0
5146,610106,4.0,2015-11-13,Female,Headphones,Jabra,2014,,0
3606,610254,4.0,2015-11-13,Male,Headphones,Philips,2014,,0
3461,610340,1.0,2015-11-13,Male,Headphones,Philips,2013,,0
6015,611221,1.0,2015-11-14,Female,Headphones,Jabra,2015,,0
5257,611280,5.0,2015-11-14,Male,Headphones,Philips,2015,,0
4501,611388,5.0,2015-11-15,Female,Headphones,Apple,2014,,0
5257,611797,3.0,2015-11-15,Male,Headphones,Philips,2015,,0
5146,611853,5.0,2015-11-15,Female,Headphones,Jabra,2014,,0
5146,595220,1.0,2015-11-15,Female,Headphones,Jabra,2014,,2
3150,611907,3.0,2015-11-15,Male,Headphones,Philips,2013,,0
2900,612218,4.0,2015-11-16,Female&Male,Headphones,Jabra,2013,,0
5142,613457,1.0,2015-11-17,Female,Headphones,Jabra,2014,,0
1499,613461,5.0,2015-11-17,Male,Headphones,Philips,2011,,0
3150,613482,5.0,2015-11-17,Male,Headphones,Philips,2013,,0
5257,606369,5.0,2015-11-17,Male,Headphones,Philips,2015,,0
5146,614057,1.0,2015-11-18,Female,Headphones,Jabra,2014,,0
2900,614324,4.0,2015-11-18,Female&Male,Headphones,Jabra,2013,,0
5146,615109,1.0,2015-11-19,Female,Headphones,Jabra,2014,,0
5146,615110,2.0,2015-11-19,Female,Headphones,Jabra,2014,,0
5146,615111,4.0,2015-11-19,Female,Headphones,Jabra,2014,,0
3150,615295,5.0,2015-11-19,Male,Headphones,Philips,2013,,0
5142,615475,3.0,2015-11-19,Female,Headphones,Jabra,2014,,0
5142,615477,5.0,2015-11-19,Female,Headphones,Jabra,2014,,0
5257,615827,5.0,2015-11-20,Male,Headphones,Philips,2015,,0
3150,616300,5.0,2015-11-20,Male,Headphones,Philips,2013,,0
3150,616382,2.0,2015-11-20,Male,Headphones,Philips,2013,,0
3439,616514,5.0,2015-11-20,Male,Headphones,Philips,2014,,0
5146,616540,4.0,2015-11-20,Female,Headphones,Jabra,2014,,0
1762,293139,5.0,2015-11-21,Male,Headphones,Philips,2013,Male,2
5142,616972,5.0,2015-11-21,Female,Headphones,Jabra,2014,,0
5142,616973,4.0,2015-11-21,Female,Headphones,Jabra,2014,,0
3150,617199,5.0,2015-11-21,Male,Headphones,Philips,2013,,0
5257,616800,5.0,2015-11-21,Male,Headphones,Philips,2015,,1
5146,617346,4.0,2015-11-21,Female,Headphones,Jabra,2014,,0
2900,618004,5.0,2015-11-22,Female&Male,Headphones,Jabra,2013,,0
5257,618361,5.0,2015-11-22,Male,Headphones,Philips,2015,,0
5257,618364,5.0,2015-11-22,Male,Headphones,Philips,2015,,0
5146,618379,5.0,2015-11-22,Female,Headphones,Jabra,2014,,0
5146,618381,4.0,2015-11-22,Female,Headphones,Jabra,2014,,0
3150,381579,1.0,2015-11-23,Male,Headphones,Philips,2013,,2
3150,619258,5.0,2015-11-23,Male,Headphones,Philips,2013,,0
3338,619342,1.0,2015-11-23,Male,Headphones,Jabra,2013,,0
3338,619344,5.0,2015-11-23,Male,Headphones,Jabra,2013,,0
5146,619979,5.0,2015-11-24,Female,Headphones,Jabra,2014,,0
5146,619980,5.0,2015-11-24,Female,Headphones,Jabra,2014,,0
3439,620497,1.0,2015-11-25,Male,Headphones,Philips,2014,,0
3338,620498,2.0,2015-11-25,Male,Headphones,Jabra,2013,,0
2900,533535,5.0,2015-11-25,Female&Male,Headphones,Jabra,2013,,2
2900,620550,3.0,2015-11-25,Female&Male,Headphones,Jabra,2013,,0
5146,620588,5.0,2015-11-25,Female,Headphones,Jabra,2014,,0
5146,620603,4.0,2015-11-25,Female,Headphones,Jabra,2014,Male,0
5142,620894,1.0,2015-11-25,Female,Headphones,Jabra,2014,,0
3338,621056,1.0,2015-11-26,Male,Headphones,Jabra,2013,,0
5257,611381,5.0,2015-11-26,Male,Headphones,Philips,2015,,2
5146,621595,2.0,2015-11-27,Female,Headphones,Jabra,2014,Male,0
3338,621732,4.0,2015-11-27,Male,Headphones,Jabra,2013,,0
3461,621954,1.0,2015-11-27,Male,Headphones,Philips,2013,,0
5257,622603,5.0,2015-11-28,Male,Headphones,Philips,2015,,0
3700,622863,2.0,2015-11-28,Male,Headphones,Philips,2014,,0
5146,623176,5.0,2015-11-29,Female,Headphones,Jabra,2014,,0
5146,566521,1.0,2015-11-29,Female,Headphones,Jabra,2014,,1
5146,138203,4.0,2015-11-29,Female,Headphones,Jabra,2014,Male,1
5146,623253,2.0,2015-11-29,Female,Headphones,Jabra,2014,,0
5146,623335,1.0,2015-11-29,Female,Headphones,Jabra,2014,,0
5146,623338,5.0,2015-11-29,Female,Headphones,Jabra,2014,,0
4128,623509,5.0,2015-11-29,Female,Headphones,Jabra,2014,,0
1762,623592,4.0,2015-11-29,Male,Headphones,Philips,2013,,0
6699,623694,1.0,2015-11-29,Female,Headphones,Jabra,2015,Male,0
5257,623910,5.0,2015-11-30,Male,Headphones,Philips,2015,,0
5257,623912,5.0,2015-11-30,Male,Headphones,Philips,2015,,0
7092,624248,1.0,2015-11-30,Male,Headphones,Philips,2015,,0
5146,624417,4.0,2015-11-30,Female,Headphones,Jabra,2014,,0
2921,624588,5.0,2015-11-30,Male,Headphones,Jabra,2013,Male,0
5146,624752,4.0,2015-12-01,Female,Headphones,Jabra,2014,Male,0
5146,624754,3.0,2015-12-01,Female,Headphones,Jabra,2014,Female,0
5142,624972,1.0,2015-12-01,Female,Headphones,Jabra,2014,,0
5142,624973,1.0,2015-12-01,Female,Headphones,Jabra,2014,,0
7047,625537,1.0,2015-12-01,Female&Male,Headphones,Philips,2015,Female,0
5257,492238,5.0,2015-12-01,Male,Headphones,Philips,2015,,1
5146,625871,5.0,2015-12-02,Female,Headphones,Jabra,2014,,0
5257,625925,5.0,2015-12-02,Male,Headphones,Philips,2015,,0
5257,458270,5.0,2015-12-02,Male,Headphones,Philips,2015,,2
1728,626177,3.0,2015-12-02,Female&Male,Headphones,Jabra,2011,Female,0
3150,626877,1.0,2015-12-02,Male,Headphones,Philips,2013,,0
5142,627141,3.0,2015-12-03,Female,Headphones,Jabra,2014,Female,0
5257,627365,5.0,2015-12-03,Male,Headphones,Philips,2015,,1
5146,627755,5.0,2015-12-03,Female,Headphones,Jabra,2014,,0
5146,627756,5.0,2015-12-03,Female,Headphones,Jabra,2014,,0
5146,627781,3.0,2015-12-03,Female,Headphones,Jabra,2014,Male,0
2900,627878,5.0,2015-12-03,Female&Male,Headphones,Jabra,2013,,0
2900,627891,5.0,2015-12-03,Female&Male,Headphones,Jabra,2013,,0
3338,628761,4.0,2015-12-04,Male,Headphones,Jabra,2013,,0
5142,629222,4.0,2015-12-05,Female,Headphones,Jabra,2014,Male,0
5485,629863,3.0,2015-12-06,Male,Headphones,Jabra,2015,,0
7092,630139,3.0,2015-12-06,Male,Headphones,Philips,2015,,0
5146,630924,5.0,2015-12-07,Female,Headphones,Jabra,2014,,0
3606,437877,2.0,2015-12-07,Male,Headphones,Philips,2014,Male,1
1728,388933,3.0,2015-12-07,Female&Male,Headphones,Jabra,2011,,2
5146,631642,1.0,2015-12-08,Female,Headphones,Jabra,2014,,0
7047,631872,3.0,2015-12-08,Female&Male,Headphones,Philips,2015,Female,0
4501,632380,4.0,2015-12-09,Female,Headphones,Apple,2014,,0
3338,632778,3.0,2015-12-09,Male,Headphones,Jabra,2013,Male,0
5146,388417,5.0,2015-12-09,Female,Headphones,Jabra,2014,Male,2
3338,633148,1.0,2015-12-10,Male,Headphones,Jabra,2013,,0
5146,633166,3.0,2015-12-10,Female,Headphones,Jabra,2014,,0
5142,633369,1.0,2015-12-10,Female,Headphones,Jabra,2014,,0
5142,633376,1.0,2015-12-10,Female,Headphones,Jabra,2014,,0
3606,412416,5.0,2015-12-10,Male,Headphones,Philips,2014,,2
3461,634185,4.0,2015-12-11,Male,Headphones,Philips,2013,,0
5142,634252,5.0,2015-12-11,Female,Headphones,Jabra,2014,,0
5257,634651,5.0,2015-12-11,Male,Headphones,Philips,2015,,0
3150,634862,4.0,2015-12-12,Male,Headphones,Philips,2013,,0
5146,634789,4.0,2015-12-12,Female,Headphones,Jabra,2014,,2
5146,634965,5.0,2015-12-12,Female,Headphones,Jabra,2014,,0
5146,634966,5.0,2015-12-12,Female,Headphones,Jabra,2014,,0
5146,634967,2.0,2015-12-12,Female,Headphones,Jabra,2014,,0
3461,635223,5.0,2015-12-12,Male,Headphones,Philips,2013,,0
1469,635276,5.0,2015-12-12,Male,Headphones,Philips,2011,Female,0
5485,635968,5.0,2015-12-13,Male,Headphones,Jabra,2015,,0
5257,636075,5.0,2015-12-14,Male,Headphones,Philips,2015,,0
5142,102107,5.0,2015-12-14,Female,Headphones,Jabra,2014,Male,2
5142,636229,1.0,2015-12-14,Female,Headphones,Jabra,2014,,0
8739,636556,5.0,2015-12-14,Male,Headphones,Philips,2016,,0
1728,517113,2.0,2015-12-14,Female&Male,Headphones,Jabra,2011,,2
3150,637000,2.0,2015-12-15,Male,Headphones,Philips,2013,,0
5257,637556,4.0,2015-12-15,Male,Headphones,Philips,2015,,0
1976,638244,5.0,2015-12-16,Female,Headphones,Philips,2012,,0
5146,638352,5.0,2015-12-16,Female,Headphones,Jabra,2014,,0
1469,638432,5.0,2015-12-16,Male,Headphones,Philips,2011,Female,2
3150,638726,5.0,2015-12-17,Male,Headphones,Philips,2013,,0
3150,638731,1.0,2015-12-17,Male,Headphones,Philips,2013,,0
3150,638732,5.0,2015-12-17,Male,Headphones,Philips,2013,,0
3338,638738,2.0,2015-12-17,Male,Headphones,Jabra,2013,,0
5146,638951,5.0,2015-12-17,Female,Headphones,Jabra,2014,,0
6742,639718,1.0,2015-12-18,Male,Headphones,Philips,2018,,0
5146,639775,3.0,2015-12-18,Female,Headphones,Jabra,2014,,0
3150,641052,5.0,2015-12-20,Male,Headphones,Philips,2013,,0
3150,488789,5.0,2015-12-20,Male,Headphones,Philips,2013,Male,2
5257,641169,5.0,2015-12-20,Male,Headphones,Philips,2015,,0
7047,313742,3.0,2015-12-21,Female&Male,Headphones,Philips,2015,Male,2
3150,641591,5.0,2015-12-21,Male,Headphones,Philips,2013,,0
5146,641631,5.0,2015-12-21,Female,Headphones,Jabra,2014,,0
5146,641632,4.0,2015-12-21,Female,Headphones,Jabra,2014,,0
3338,642209,5.0,2015-12-22,Male,Headphones,Jabra,2013,,0
5146,642242,5.0,2015-12-22,Female,Headphones,Jabra,2014,,0
5146,642014,4.0,2015-12-22,Female,Headphones,Jabra,2014,,2
5146,642316,1.0,2015-12-22,Female,Headphones,Jabra,2014,,0
5146,642971,5.0,2015-12-23,Female,Headphones,Jabra,2014,,0
7482,643060,2.0,2015-12-23,Male,Headphones,Jabra,2015,,0
8390,643671,2.0,2015-12-24,Female&Male,Headphones,Apple,2015,,0
1728,643921,2.0,2015-12-24,Female&Male,Headphones,Jabra,2011,,0
5146,612681,1.0,2015-12-25,Female,Headphones,Jabra,2014,Female,2
5146,644269,5.0,2015-12-25,Female,Headphones,Jabra,2014,,0
5142,644401,5.0,2015-12-25,Female,Headphones,Jabra,2014,,0
5142,644405,1.0,2015-12-25,Female,Headphones,Jabra,2014,Male,0
5257,644469,5.0,2015-12-25,Male,Headphones,Philips,2015,,0
3461,644515,4.0,2015-12-25,Male,Headphones,Philips,2013,,0
5146,644914,3.0,2015-12-26,Female,Headphones,Jabra,2014,,0
3439,645078,5.0,2015-12-26,Male,Headphones,Philips,2014,,0
236,645628,5.0,2015-12-27,Male,Headphones,Philips,2005,,2
1499,646021,2.0,2015-12-27,Male,Headphones,Philips,2011,,0
5142,646276,1.0,2015-12-27,Female,Headphones,Jabra,2014,,0
5146,646371,3.0,2015-12-27,Female,Headphones,Jabra,2014,,0
5146,647019,5.0,2015-12-28,Female,Headphones,Jabra,2014,,0
5146,647020,5.0,2015-12-28,Female,Headphones,Jabra,2014,Female,0
5146,647021,2.0,2015-12-28,Female,Headphones,Jabra,2014,,0
4128,648129,4.0,2015-12-29,Female,Headphones,Jabra,2014,,0
3461,648168,5.0,2015-12-29,Male,Headphones,Philips,2013,,0
5257,648304,4.0,2015-12-29,Male,Headphones,Philips,2015,,0
3338,648638,5.0,2015-12-29,Male,Headphones,Jabra,2013,Female,0
5146,513261,1.0,2015-12-29,Female,Headphones,Jabra,2014,Male,1
5146,606974,5.0,2015-12-29,Female,Headphones,Jabra,2014,,2
5146,648640,4.0,2015-12-29,Female,Headphones,Jabra,2014,,0
5142,483836,3.0,2015-12-29,Female,Headphones,Jabra,2014,,2
5142,649338,1.0,2015-12-30,Female,Headphones,Jabra,2014,,0
3150,649911,2.0,2015-12-30,Male,Headphones,Philips,2013,,0
5142,651039,2.0,2016-01-01,Female,Headphones,Jabra,2014,,0
1466,651226,5.0,2016-01-01,Male,Headphones,Philips,2010,,0
5146,651191,5.0,2016-01-01,Female,Headphones,Jabra,2014,,1
5257,651733,5.0,2016-01-02,Male,Headphones,Philips,2015,,0
5146,651828,5.0,2016-01-02,Female,Headphones,Jabra,2014,,0
3461,651867,1.0,2016-01-02,Male,Headphones,Philips,2013,Male,0
3700,652036,1.0,2016-01-02,Male,Headphones,Philips,2014,Male,0
5146,652735,1.0,2016-01-03,Female,Headphones,Jabra,2014,,0
5146,652736,5.0,2016-01-03,Female,Headphones,Jabra,2014,,0
3338,653093,3.0,2016-01-03,Male,Headphones,Jabra,2013,,0
5257,653175,5.0,2016-01-03,Male,Headphones,Philips,2015,,0
7213,653476,3.0,2016-01-04,Female&Male,Headphones,Philips,2015,,0
3338,653986,1.0,2016-01-04,Male,Headphones,Jabra,2013,,0
5257,654155,5.0,2016-01-04,Male,Headphones,Philips,2015,,0
5146,654207,1.0,2016-01-04,Female,Headphones,Jabra,2014,,0
5146,27455,4.0,2016-01-04,Female,Headphones,Jabra,2014,,2
5146,654223,3.0,2016-01-04,Female,Headphones,Jabra,2014,,0
3461,654313,2.0,2016-01-04,Male,Headphones,Philips,2013,,0
3150,654421,1.0,2016-01-04,Male,Headphones,Philips,2013,,0
5146,654996,2.0,2016-01-05,Female,Headphones,Jabra,2014,,0
3338,656430,4.0,2016-01-06,Male,Headphones,Jabra,2013,,0
3338,656446,1.0,2016-01-06,Male,Headphones,Jabra,2013,,0
2900,657183,5.0,2016-01-07,Female&Male,Headphones,Jabra,2013,Male,0
5142,657272,1.0,2016-01-07,Female,Headphones,Jabra,2014,,0
8739,31418,5.0,2016-01-07,Male,Headphones,Philips,2016,Female,2
8739,18488,5.0,2016-01-07,Male,Headphones,Philips,2016,,2
5146,657725,4.0,2016-01-07,Female,Headphones,Jabra,2014,Male,0
5257,657773,5.0,2016-01-07,Male,Headphones,Philips,2015,Female,0
7047,658192,5.0,2016-01-08,Female&Male,Headphones,Philips,2015,,0
5257,658378,5.0,2016-01-08,Male,Headphones,Philips,2015,Male,0
3150,389896,1.0,2016-01-08,Male,Headphones,Philips,2013,,2
4128,658548,3.0,2016-01-08,Female,Headphones,Jabra,2014,,2
5146,659074,2.0,2016-01-09,Female,Headphones,Jabra,2014,,0
1469,659286,5.0,2016-01-09,Male,Headphones,Philips,2011,,0
3461,383145,2.0,2016-01-10,Male,Headphones,Philips,2013,,2
3338,660265,3.0,2016-01-10,Male,Headphones,Jabra,2013,,0
8739,661064,5.0,2016-01-11,Male,Headphones,Philips,2016,Female,0
5142,661125,2.0,2016-01-11,Female,Headphones,Jabra,2014,,0
5146,661735,4.0,2016-01-12,Female,Headphones,Jabra,2014,,0
4128,661764,1.0,2016-01-12,Female,Headphones,Jabra,2014,,0
5142,662669,5.0,2016-01-13,Female,Headphones,Jabra,2014,,0
5142,662670,5.0,2016-01-13,Female,Headphones,Jabra,2014,,0
5142,662680,5.0,2016-01-13,Female,Headphones,Jabra,2014,,0
5142,662682,5.0,2016-01-13,Female,Headphones,Jabra,2014,,0
3150,662737,5.0,2016-01-13,Male,Headphones,Philips,2013,,0
5146,371876,5.0,2016-01-13,Female,Headphones,Jabra,2014,,1
5146,662832,5.0,2016-01-13,Female,Headphones,Jabra,2014,,0
3606,662908,5.0,2016-01-13,Male,Headphones,Philips,2014,,0
3461,663077,3.0,2016-01-13,Male,Headphones,Philips,2013,,0
5146,663571,3.0,2016-01-14,Female,Headphones,Jabra,2014,,0
8739,663644,4.0,2016-01-14,Male,Headphones,Philips,2016,Female,0
3338,663739,1.0,2016-01-14,Male,Headphones,Jabra,2013,,0
7526,663662,5.0,2016-01-14,Male,Headphones,Philips,2015,,2
3461,252692,4.0,2016-01-14,Male,Headphones,Philips,2013,,2
5142,663739,1.0,2016-01-14,Female,Headphones,Jabra,2014,,2
2614,664344,4.0,2016-01-15,Female,Headphones,Philips,2015,,0
8739,237388,5.0,2016-01-15,Male,Headphones,Philips,2016,Female,2
3150,494030,2.0,2016-01-15,Male,Headphones,Philips,2013,Male,0
1728,664698,4.0,2016-01-15,Female&Male,Headphones,Jabra,2011,,0
5257,664300,5.0,2016-01-15,Male,Headphones,Philips,2015,,2
5257,624382,5.0,2016-01-15,Male,Headphones,Philips,2015,,2
5257,432917,5.0,2016-01-15,Male,Headphones,Philips,2015,,2
8390,665038,1.0,2016-01-15,Female&Male,Headphones,Apple,2015,,0
5146,665213,5.0,2016-01-16,Female,Headphones,Jabra,2014,,0
5146,665231,5.0,2016-01-16,Female,Headphones,Jabra,2014,Female,0
3461,665354,4.0,2016-01-16,Male,Headphones,Philips,2013,,0
5257,665392,4.0,2016-01-16,Male,Headphones,Philips,2015,,0
5142,665851,1.0,2016-01-16,Female,Headphones,Jabra,2014,,0
5146,666151,5.0,2016-01-17,Female,Headphones,Jabra,2014,,0
5146,666153,4.0,2016-01-17,Female,Headphones,Jabra,2014,,0
3461,666190,4.0,2016-01-17,Male,Headphones,Philips,2013,,0
3338,666591,5.0,2016-01-17,Male,Headphones,Jabra,2013,,0
2900,666737,5.0,2016-01-18,Female&Male,Headphones,Jabra,2013,,0
5142,611307,5.0,2016-01-18,Female,Headphones,Jabra,2014,,1
5142,666811,5.0,2016-01-18,Female,Headphones,Jabra,2014,,0
3439,667707,4.0,2016-01-19,Male,Headphones,Philips,2014,,0
3150,667714,5.0,2016-01-19,Male,Headphones,Philips,2013,,0
3067,314816,4.0,2016-01-19,Female,Headphones,Philips,2016,,2
8739,1732,4.0,2016-01-19,Male,Headphones,Philips,2016,Male,1
5146,668497,3.0,2016-01-19,Female,Headphones,Jabra,2014,,0
5146,668563,5.0,2016-01-19,Female,Headphones,Jabra,2014,,0
5146,668564,4.0,2016-01-19,Female,Headphones,Jabra,2014,,0
5146,669132,4.0,2016-01-20,Female,Headphones,Jabra,2014,,0
5146,669134,1.0,2016-01-20,Female,Headphones,Jabra,2014,,0
3150,669818,3.0,2016-01-20,Male,Headphones,Philips,2013,Male,0
3461,54751,4.0,2016-01-20,Male,Headphones,Philips,2013,,2
3461,670184,1.0,2016-01-20,Male,Headphones,Philips,2013,,0
5146,670674,1.0,2016-01-21,Female,Headphones,Jabra,2014,Male,0
5257,670719,4.0,2016-01-21,Male,Headphones,Philips,2015,,0
3439,671142,2.0,2016-01-21,Male,Headphones,Philips,2014,,0
3606,671687,5.0,2016-01-21,Male,Headphones,Philips,2014,,0
5146,671956,5.0,2016-01-22,Female,Headphones,Jabra,2014,,0
2900,672575,5.0,2016-01-22,Female&Male,Headphones,Jabra,2013,,0
3700,672577,2.0,2016-01-22,Male,Headphones,Philips,2014,,0
3150,673013,5.0,2016-01-22,Male,Headphones,Philips,2013,,0
3150,673031,5.0,2016-01-22,Male,Headphones,Philips,2013,,0
5146,673874,5.0,2016-01-23,Female,Headphones,Jabra,2014,,0
8739,18385,3.0,2016-01-24,Male,Headphones,Philips,2016,,2
5146,139527,4.0,2016-01-24,Female,Headphones,Jabra,2014,,2
5257,674541,5.0,2016-01-24,Male,Headphones,Philips,2015,,0
5257,674542,4.0,2016-01-24,Male,Headphones,Philips,2015,,0
5257,674543,5.0,2016-01-24,Male,Headphones,Philips,2015,,0
3150,674630,5.0,2016-01-24,Male,Headphones,Philips,2013,,0
3150,674631,5.0,2016-01-24,Male,Headphones,Philips,2013,,0
3338,674721,1.0,2016-01-24,Male,Headphones,Jabra,2013,,0
3338,674727,1.0,2016-01-24,Male,Headphones,Jabra,2013,,0
4818,675027,4.0,2016-01-25,Male,Headphones,Philips,2014,,0
3150,675169,4.0,2016-01-25,Male,Headphones,Philips,2013,,0
3150,675170,5.0,2016-01-25,Male,Headphones,Philips,2013,,0
5146,675736,5.0,2016-01-25,Female,Headphones,Jabra,2014,,0
5146,675737,5.0,2016-01-25,Female,Headphones,Jabra,2014,,0
7482,675864,1.0,2016-01-25,Male,Headphones,Jabra,2015,,0
3338,676109,2.0,2016-01-25,Male,Headphones,Jabra,2013,,0
2900,676316,1.0,2016-01-26,Female&Male,Headphones,Jabra,2013,,0
5142,676450,3.0,2016-01-26,Female,Headphones,Jabra,2014,,0
3461,676802,4.0,2016-01-26,Male,Headphones,Philips,2013,Male,0
3338,676943,2.0,2016-01-26,Male,Headphones,Jabra,2013,,0
5146,651252,5.0,2016-01-26,Female,Headphones,Jabra,2014,Male,2
5146,676316,2.0,2016-01-26,Female,Headphones,Jabra,2014,,1
5146,677662,1.0,2016-01-27,Female,Headphones,Jabra,2014,,0
5146,677663,5.0,2016-01-27,Female,Headphones,Jabra,2014,,0
3150,677736,5.0,2016-01-27,Male,Headphones,Philips,2013,Male,0
3150,677737,4.0,2016-01-27,Male,Headphones,Philips,2013,,0
5257,678189,5.0,2016-01-27,Male,Headphones,Philips,2015,,0
3150,628401,2.0,2016-01-28,Male,Headphones,Philips,2013,Male,1
5146,678576,5.0,2016-01-28,Female,Headphones,Jabra,2014,,0
5485,678613,5.0,2016-01-28,Male,Headphones,Jabra,2015,Male,0
3338,678611,4.0,2016-01-28,Male,Headphones,Jabra,2013,,1
5142,678922,1.0,2016-01-28,Female,Headphones,Jabra,2014,,0
3150,679351,5.0,2016-01-29,Male,Headphones,Philips,2013,,0
5146,680272,5.0,2016-01-29,Female,Headphones,Jabra,2014,Male,0
5146,680275,5.0,2016-01-29,Female,Headphones,Jabra,2014,Female,0
5146,680276,5.0,2016-01-29,Female,Headphones,Jabra,2014,,0
3150,680295,5.0,2016-01-30,Male,Headphones,Philips,2013,,0
3150,680298,5.0,2016-01-30,Male,Headphones,Philips,2013,,0
7047,680623,5.0,2016-01-30,Female&Male,Headphones,Philips,2015,,0
5142,680926,2.0,2016-01-30,Female,Headphones,Jabra,2014,,0
3338,681362,3.0,2016-01-31,Male,Headphones,Jabra,2013,,0
3338,681373,1.0,2016-01-31,Male,Headphones,Jabra,2013,Male,0
5146,681775,2.0,2016-01-31,Female,Headphones,Jabra,2014,,0
5146,681776,5.0,2016-01-31,Female,Headphones,Jabra,2014,,0
3150,682316,5.0,2016-02-01,Male,Headphones,Philips,2013,,0
5257,683074,5.0,2016-02-02,Male,Headphones,Philips,2015,,0
3150,683229,5.0,2016-02-02,Male,Headphones,Philips,2013,,0
3150,683346,1.0,2016-02-02,Male,Headphones,Philips,2013,,0
1499,683414,4.0,2016-02-02,Male,Headphones,Philips,2011,Female,0
4501,683708,5.0,2016-02-02,Female,Headphones,Apple,2014,,0
3338,683709,5.0,2016-02-02,Male,Headphones,Jabra,2013,,0
5146,683804,5.0,2016-02-02,Female,Headphones,Jabra,2014,,0
2900,684357,5.0,2016-02-03,Female&Male,Headphones,Jabra,2013,,0
3067,684662,1.0,2016-02-03,Female,Headphones,Philips,2016,,0
5146,684956,4.0,2016-02-04,Female,Headphones,Jabra,2014,,0
5146,684966,1.0,2016-02-04,Female,Headphones,Jabra,2014,,0
1499,685072,5.0,2016-02-04,Male,Headphones,Philips,2011,,0
3461,685985,1.0,2016-02-05,Male,Headphones,Philips,2013,,0
5146,686215,5.0,2016-02-05,Female,Headphones,Jabra,2014,,0
5146,686216,4.0,2016-02-05,Female,Headphones,Jabra,2014,Male,0
5146,686217,5.0,2016-02-05,Female,Headphones,Jabra,2014,,0
5146,686218,5.0,2016-02-05,Female,Headphones,Jabra,2014,,0
3338,70449,4.0,2016-02-05,Male,Headphones,Jabra,2013,,2
3338,686308,1.0,2016-02-05,Male,Headphones,Jabra,2013,,0
3338,686309,1.0,2016-02-05,Male,Headphones,Jabra,2013,,0
1762,686411,5.0,2016-02-05,Male,Headphones,Philips,2013,,0
3150,686478,5.0,2016-02-05,Male,Headphones,Philips,2013,,0
5142,686533,2.0,2016-02-05,Female,Headphones,Jabra,2014,,0
3439,646553,1.0,2016-02-06,Male,Headphones,Philips,2014,,2
5146,686828,2.0,2016-02-06,Female,Headphones,Jabra,2014,,0
5257,686836,4.0,2016-02-06,Male,Headphones,Philips,2015,,0
5257,686837,5.0,2016-02-06,Male,Headphones,Philips,2015,,0
7526,686959,5.0,2016-02-06,Male,Headphones,Philips,2015,,0
3150,687327,5.0,2016-02-06,Male,Headphones,Philips,2013,,0
7528,687587,5.0,2016-02-07,Female,Headphones,Philips,2015,Female,0
5146,409972,2.0,2016-02-07,Female,Headphones,Jabra,2014,,2
5146,687716,1.0,2016-02-07,Female,Headphones,Jabra,2014,,0
5257,687734,4.0,2016-02-07,Male,Headphones,Philips,2015,,0
3150,687812,5.0,2016-02-07,Male,Headphones,Philips,2013,,0
5146,532958,1.0,2016-02-08,Female,Headphones,Jabra,2014,,2
3338,688826,3.0,2016-02-08,Male,Headphones,Jabra,2013,,0
3338,688827,1.0,2016-02-08,Male,Headphones,Jabra,2013,,0
7213,689299,1.0,2016-02-09,Female&Male,Headphones,Philips,2015,,0
5257,689321,5.0,2016-02-09,Male,Headphones,Philips,2015,,0
5146,689327,5.0,2016-02-09,Female,Headphones,Jabra,2014,,0
3150,689384,5.0,2016-02-09,Male,Headphones,Philips,2013,Female,0
3150,689386,3.0,2016-02-09,Male,Headphones,Philips,2013,,0
8739,689621,3.0,2016-02-09,Male,Headphones,Philips,2016,Male,0
7482,689680,4.0,2016-02-09,Male,Headphones,Jabra,2015,,0
4818,689838,5.0,2016-02-10,Male,Headphones,Philips,2014,,0
5146,690101,4.0,2016-02-10,Female,Headphones,Jabra,2014,,0
5257,690109,5.0,2016-02-10,Male,Headphones,Philips,2015,,0
5146,690120,5.0,2016-02-10,Female,Headphones,Jabra,2014,,0
5146,690123,5.0,2016-02-10,Female,Headphones,Jabra,2014,,0
3150,690404,1.0,2016-02-10,Male,Headphones,Philips,2013,,0
5142,690477,5.0,2016-02-10,Female,Headphones,Jabra,2014,,0
7528,690503,5.0,2016-02-10,Female,Headphones,Philips,2015,,0
5146,690874,2.0,2016-02-11,Female,Headphones,Jabra,2014,,0
3338,690893,1.0,2016-02-11,Male,Headphones,Jabra,2013,,0
3150,691070,5.0,2016-02-11,Male,Headphones,Philips,2013,,0
8739,46614,3.0,2016-02-11,Male,Headphones,Philips,2016,Female,2
8739,325947,5.0,2016-02-11,Male,Headphones,Philips,2016,,2
3461,691366,4.0,2016-02-11,Male,Headphones,Philips,2013,,0
5257,691644,5.0,2016-02-12,Male,Headphones,Philips,2015,,2
3150,691833,5.0,2016-02-12,Male,Headphones,Philips,2013,,0
5146,692046,3.0,2016-02-12,Female,Headphones,Jabra,2014,,0
5146,692060,4.0,2016-02-12,Female,Headphones,Jabra,2014,,0
5146,692069,4.0,2016-02-12,Female,Headphones,Jabra,2014,,0
5142,692230,4.0,2016-02-12,Female,Headphones,Jabra,2014,,0
7482,692343,5.0,2016-02-13,Male,Headphones,Jabra,2015,,0
3461,692417,5.0,2016-02-13,Male,Headphones,Philips,2013,,0
3461,692422,5.0,2016-02-13,Male,Headphones,Philips,2013,Female,0
5142,692830,2.0,2016-02-13,Female,Headphones,Jabra,2014,,0
5257,692902,5.0,2016-02-13,Male,Headphones,Philips,2015,,0
5142,693172,1.0,2016-02-14,Female,Headphones,Jabra,2014,,0
5146,693241,4.0,2016-02-14,Female,Headphones,Jabra,2014,Male,0
5146,693270,1.0,2016-02-14,Female,Headphones,Jabra,2014,,0
7528,693483,3.0,2016-02-14,Female,Headphones,Philips,2015,,0
3150,693554,5.0,2016-02-14,Male,Headphones,Philips,2013,,0
3150,693587,1.0,2016-02-14,Male,Headphones,Philips,2013,,0
5146,693750,3.0,2016-02-15,Female,Headphones,Jabra,2014,,0
5146,693751,4.0,2016-02-15,Female,Headphones,Jabra,2014,,0
5146,694492,4.0,2016-02-16,Female,Headphones,Jabra,2014,,0
7047,695634,2.0,2016-02-17,Female&Male,Headphones,Philips,2015,,0
5142,695898,1.0,2016-02-17,Female,Headphones,Jabra,2014,,0
3461,696118,5.0,2016-02-17,Male,Headphones,Philips,2013,,0
3461,696119,4.0,2016-02-17,Male,Headphones,Philips,2013,,0
8390,480856,5.0,2016-02-17,Female&Male,Headphones,Apple,2015,Female,2
5146,696610,4.0,2016-02-18,Female,Headphones,Jabra,2014,,0
5142,696656,5.0,2016-02-18,Female,Headphones,Jabra,2014,,0
5142,696659,5.0,2016-02-18,Female,Headphones,Jabra,2014,,0
5142,696690,5.0,2016-02-18,Female,Headphones,Jabra,2014,,0
5142,696692,4.0,2016-02-18,Female,Headphones,Jabra,2014,,0
5142,696693,5.0,2016-02-18,Female,Headphones,Jabra,2014,,0
5142,696695,4.0,2016-02-18,Female,Headphones,Jabra,2014,,0
5142,443135,5.0,2016-02-18,Female,Headphones,Jabra,2014,,2
5142,696702,4.0,2016-02-18,Female,Headphones,Jabra,2014,,0
5142,696774,5.0,2016-02-18,Female,Headphones,Jabra,2014,,0
5142,696784,1.0,2016-02-18,Female,Headphones,Jabra,2014,,0
5142,696793,3.0,2016-02-18,Female,Headphones,Jabra,2014,,0
5142,696794,1.0,2016-02-18,Female,Headphones,Jabra,2014,,0
5142,696798,5.0,2016-02-18,Female,Headphones,Jabra,2014,,0
5142,696903,4.0,2016-02-18,Female,Headphones,Jabra,2014,,0
3338,696453,5.0,2016-02-18,Male,Headphones,Jabra,2013,,1
5257,697470,4.0,2016-02-18,Male,Headphones,Philips,2015,,0
3150,697496,1.0,2016-02-18,Male,Headphones,Philips,2013,,0
8739,698048,4.0,2016-02-19,Male,Headphones,Philips,2016,,0
5257,698065,5.0,2016-02-19,Male,Headphones,Philips,2015,,0
5142,698336,4.0,2016-02-19,Female,Headphones,Jabra,2014,,0
5142,698338,4.0,2016-02-19,Female,Headphones,Jabra,2014,,0
5142,698341,4.0,2016-02-19,Female,Headphones,Jabra,2014,,0
5142,698345,5.0,2016-02-19,Female,Headphones,Jabra,2014,,0
5257,698803,4.0,2016-02-20,Male,Headphones,Philips,2015,,0
7047,698868,1.0,2016-02-20,Female&Male,Headphones,Philips,2015,,0
3338,698906,1.0,2016-02-20,Male,Headphones,Jabra,2013,,0
5142,699054,1.0,2016-02-20,Female,Headphones,Jabra,2014,,0
5142,699055,5.0,2016-02-20,Female,Headphones,Jabra,2014,,0
5146,699176,5.0,2016-02-20,Female,Headphones,Jabra,2014,,0
3461,699355,5.0,2016-02-21,Male,Headphones,Philips,2013,,0
2900,524247,5.0,2016-02-21,Female&Male,Headphones,Jabra,2013,,2
7528,191916,5.0,2016-02-21,Female,Headphones,Philips,2015,Female,2
5146,699932,4.0,2016-02-21,Female,Headphones,Jabra,2014,,0
5142,700071,5.0,2016-02-21,Female,Headphones,Jabra,2014,,0
5142,299427,4.0,2016-02-21,Female,Headphones,Jabra,2014,,2
5142,700426,4.0,2016-02-22,Female,Headphones,Jabra,2014,,0
3150,700635,5.0,2016-02-22,Male,Headphones,Philips,2013,,0
5146,700859,5.0,2016-02-22,Female,Headphones,Jabra,2014,,0
5146,700861,4.0,2016-02-22,Female,Headphones,Jabra,2014,,0
5146,701368,4.0,2016-02-23,Female,Headphones,Jabra,2014,,0
5142,701521,2.0,2016-02-23,Female,Headphones,Jabra,2014,Female,0
5142,701523,3.0,2016-02-23,Female,Headphones,Jabra,2014,,0
8739,701542,4.0,2016-02-23,Male,Headphones,Philips,2016,,0
7092,701667,1.0,2016-02-23,Male,Headphones,Philips,2015,,0
1499,701715,2.0,2016-02-23,Male,Headphones,Philips,2011,,1
3439,123968,5.0,2016-02-24,Male,Headphones,Philips,2014,Male,2
5146,702313,5.0,2016-02-24,Female,Headphones,Jabra,2014,Male,0
5146,702314,5.0,2016-02-24,Female,Headphones,Jabra,2014,,0
3150,702498,5.0,2016-02-24,Male,Headphones,Philips,2013,Male,0
5142,702760,1.0,2016-02-24,Female,Headphones,Jabra,2014,,0
5146,703296,5.0,2016-02-25,Female,Headphones,Jabra,2014,,0
5257,703307,4.0,2016-02-25,Male,Headphones,Philips,2015,,0
4128,703521,3.0,2016-02-25,Female,Headphones,Jabra,2014,,0
5142,703624,1.0,2016-02-25,Female,Headphones,Jabra,2014,,0
5142,703641,5.0,2016-02-25,Female,Headphones,Jabra,2014,,0
5257,704057,4.0,2016-02-26,Male,Headphones,Philips,2015,,0
3150,704443,5.0,2016-02-26,Male,Headphones,Philips,2013,,0
8739,704704,5.0,2016-02-26,Male,Headphones,Philips,2016,Female,0
5146,36443,1.0,2016-02-26,Female,Headphones,Jabra,2014,,2
3338,704708,4.0,2016-02-26,Male,Headphones,Jabra,2013,,2
3338,704754,2.0,2016-02-26,Male,Headphones,Jabra,2013,,0
5257,705077,5.0,2016-02-27,Male,Headphones,Philips,2015,Male,0
7528,705214,5.0,2016-02-27,Female,Headphones,Philips,2015,,0
5485,705400,5.0,2016-02-27,Male,Headphones,Jabra,2015,,0
4818,705457,5.0,2016-02-27,Male,Headphones,Philips,2014,,0
2900,706099,5.0,2016-02-28,Female&Male,Headphones,Jabra,2013,,0
5146,707059,4.0,2016-02-29,Female,Headphones,Jabra,2014,,0
5146,707062,1.0,2016-02-29,Female,Headphones,Jabra,2014,,0
3338,707124,2.0,2016-02-29,Male,Headphones,Jabra,2013,,0
3338,707125,2.0,2016-02-29,Male,Headphones,Jabra,2013,,0
4818,707444,5.0,2016-03-01,Male,Headphones,Philips,2014,,0
1728,707639,1.0,2016-03-01,Female&Male,Headphones,Jabra,2011,,0
5146,707773,5.0,2016-03-01,Female,Headphones,Jabra,2014,,0
5146,707775,5.0,2016-03-01,Female,Headphones,Jabra,2014,Female,0
5146,707776,5.0,2016-03-01,Female,Headphones,Jabra,2014,,0
6699,707877,4.0,2016-03-01,Female,Headphones,Jabra,2015,,0
3150,464870,4.0,2016-03-01,Male,Headphones,Philips,2013,Male,2
5257,708188,5.0,2016-03-01,Male,Headphones,Philips,2015,,0
8390,708206,5.0,2016-03-01,Female&Male,Headphones,Apple,2015,Female,0
5257,708300,5.0,2016-03-01,Male,Headphones,Philips,2015,,0
5257,708302,5.0,2016-03-01,Male,Headphones,Philips,2015,,0
3338,708665,5.0,2016-03-01,Male,Headphones,Jabra,2013,Female,0
5146,709076,5.0,2016-03-02,Female,Headphones,Jabra,2014,,0
1762,709822,5.0,2016-03-02,Male,Headphones,Philips,2013,,0
3338,710153,5.0,2016-03-03,Male,Headphones,Jabra,2013,,0
5146,710199,2.0,2016-03-03,Female,Headphones,Jabra,2014,,0
5146,710200,3.0,2016-03-03,Female,Headphones,Jabra,2014,,0
5146,413571,5.0,2016-03-03,Female,Headphones,Jabra,2014,,2
1762,710592,5.0,2016-03-03,Male,Headphones,Philips,2013,,0
6015,710646,1.0,2016-03-03,Female,Headphones,Jabra,2015,,0
4501,710659,5.0,2016-03-03,Female,Headphones,Apple,2014,,0
5142,710752,1.0,2016-03-03,Female,Headphones,Jabra,2014,,0
5142,710765,4.0,2016-03-03,Female,Headphones,Jabra,2014,,0
5257,710805,5.0,2016-03-03,Male,Headphones,Philips,2015,,0
5142,710974,1.0,2016-03-04,Female,Headphones,Jabra,2014,,0
5142,710998,1.0,2016-03-04,Female,Headphones,Jabra,2014,,0
5146,711620,4.0,2016-03-04,Female,Headphones,Jabra,2014,,0
5142,711897,5.0,2016-03-05,Female,Headphones,Jabra,2014,,0
5142,691931,5.0,2016-03-05,Female,Headphones,Jabra,2014,,1
3338,711934,1.0,2016-03-05,Male,Headphones,Jabra,2013,,0
3150,712074,3.0,2016-03-05,Male,Headphones,Philips,2013,Female,0
5146,465254,5.0,2016-03-05,Female,Headphones,Jabra,2014,Male,1
5146,712012,5.0,2016-03-05,Female,Headphones,Jabra,2014,,2
5146,712281,5.0,2016-03-05,Female,Headphones,Jabra,2014,,0
3461,712497,5.0,2016-03-05,Male,Headphones,Philips,2013,,0
5142,712706,4.0,2016-03-06,Female,Headphones,Jabra,2014,,1
5142,712788,3.0,2016-03-06,Female,Headphones,Jabra,2014,,0
5146,712799,3.0,2016-03-06,Female,Headphones,Jabra,2014,,0
4128,712964,5.0,2016-03-06,Female,Headphones,Jabra,2014,,0
3150,713180,4.0,2016-03-06,Male,Headphones,Philips,2013,,0
3461,713224,5.0,2016-03-06,Male,Headphones,Philips,2013,,0
3338,713373,4.0,2016-03-07,Male,Headphones,Jabra,2013,,0
5142,713696,4.0,2016-03-07,Female,Headphones,Jabra,2014,,0
5142,714484,4.0,2016-03-08,Female,Headphones,Jabra,2014,,0
3150,714655,5.0,2016-03-08,Male,Headphones,Philips,2013,,0
3150,714656,5.0,2016-03-08,Male,Headphones,Philips,2013,,0
3338,714669,4.0,2016-03-08,Male,Headphones,Jabra,2013,,0
3338,714700,5.0,2016-03-08,Male,Headphones,Jabra,2013,,0
7092,715856,5.0,2016-03-09,Male,Headphones,Philips,2015,,0
3338,715860,3.0,2016-03-09,Male,Headphones,Jabra,2013,,0
5257,715883,5.0,2016-03-09,Male,Headphones,Philips,2015,,0
5257,716078,5.0,2016-03-10,Male,Headphones,Philips,2015,,0
5257,716107,5.0,2016-03-10,Male,Headphones,Philips,2015,,0
8739,716542,5.0,2016-03-10,Male,Headphones,Philips,2016,,0
3338,716586,2.0,2016-03-10,Male,Headphones,Jabra,2013,,0
5142,716946,5.0,2016-03-11,Female,Headphones,Jabra,2014,,0
3338,717207,4.0,2016-03-11,Male,Headphones,Jabra,2013,,0
5257,717310,5.0,2016-03-11,Male,Headphones,Philips,2015,,0
5257,717316,4.0,2016-03-11,Male,Headphones,Philips,2015,,0
3150,717695,5.0,2016-03-11,Male,Headphones,Philips,2013,,0
5146,594722,5.0,2016-03-11,Female,Headphones,Jabra,2014,Male,2
4501,717736,5.0,2016-03-12,Female,Headphones,Apple,2014,,0
3338,169866,1.0,2016-03-12,Male,Headphones,Jabra,2013,,2
5142,718538,2.0,2016-03-13,Female,Headphones,Jabra,2014,,0
5257,718909,5.0,2016-03-13,Male,Headphones,Philips,2015,,0
3461,719018,4.0,2016-03-13,Male,Headphones,Philips,2013,,0
3150,719093,2.0,2016-03-13,Male,Headphones,Philips,2013,Male,0
5257,719315,5.0,2016-03-14,Male,Headphones,Philips,2015,,0
5257,719316,5.0,2016-03-14,Male,Headphones,Philips,2015,,0
5257,719317,5.0,2016-03-14,Male,Headphones,Philips,2015,,0
5142,719440,3.0,2016-03-14,Female,Headphones,Jabra,2014,,0
3338,719485,4.0,2016-03-14,Male,Headphones,Jabra,2013,,0
1728,719765,4.0,2016-03-14,Female&Male,Headphones,Jabra,2011,,0
5146,719431,4.0,2016-03-14,Female,Headphones,Jabra,2014,,2
5146,720102,5.0,2016-03-15,Female,Headphones,Jabra,2014,,0
5146,720292,5.0,2016-03-15,Female,Headphones,Jabra,2014,,0
5146,720299,4.0,2016-03-15,Female,Headphones,Jabra,2014,,0
6742,720480,1.0,2016-03-15,Male,Headphones,Philips,2018,Male,0
3606,720815,4.0,2016-03-15,Male,Headphones,Philips,2014,,0
4128,720824,5.0,2016-03-15,Female,Headphones,Jabra,2014,,0
2900,721215,5.0,2016-03-16,Female&Male,Headphones,Jabra,2013,,0
3338,721560,5.0,2016-03-16,Male,Headphones,Jabra,2013,,0
3461,721592,4.0,2016-03-16,Male,Headphones,Philips,2013,,0
3150,721619,2.0,2016-03-16,Male,Headphones,Philips,2013,Male,0
5257,721857,5.0,2016-03-16,Male,Headphones,Philips,2015,,0
7047,722106,1.0,2016-03-17,Female&Male,Headphones,Philips,2015,,0
9106,722332,4.0,2016-03-17,Male,Headphones,Jabra,2017,,0
5146,721912,2.0,2016-03-17,Female,Headphones,Jabra,2014,,2
7482,722606,1.0,2016-03-17,Male,Headphones,Jabra,2015,,0
3338,724030,5.0,2016-03-19,Male,Headphones,Jabra,2013,,0
1466,724364,5.0,2016-03-20,Male,Headphones,Philips,2010,,0
3338,724472,2.0,2016-03-20,Male,Headphones,Jabra,2013,,0
5142,724835,2.0,2016-03-20,Female,Headphones,Jabra,2014,Male,0
7482,724939,1.0,2016-03-21,Male,Headphones,Jabra,2015,,0
2900,725510,5.0,2016-03-21,Female&Male,Headphones,Jabra,2013,,0
7047,725744,5.0,2016-03-21,Female&Male,Headphones,Philips,2015,,0
3150,725771,1.0,2016-03-21,Male,Headphones,Philips,2013,Male,0
3150,725813,1.0,2016-03-21,Male,Headphones,Philips,2013,,0
3150,49022,3.0,2016-03-21,Male,Headphones,Philips,2013,,2
5146,725952,5.0,2016-03-22,Female,Headphones,Jabra,2014,,0
3338,726773,3.0,2016-03-23,Male,Headphones,Jabra,2013,,0
5146,727323,2.0,2016-03-23,Female,Headphones,Jabra,2014,,0
5142,727384,2.0,2016-03-23,Female,Headphones,Jabra,2014,,0
1728,727411,4.0,2016-03-23,Female&Male,Headphones,Jabra,2011,,0
5146,116005,4.0,2016-03-24,Female,Headphones,Jabra,2014,,2
8739,728341,4.0,2016-03-25,Male,Headphones,Philips,2016,Male,0
3150,728457,5.0,2016-03-25,Male,Headphones,Philips,2013,,0
5142,728513,3.0,2016-03-25,Female,Headphones,Jabra,2014,,0
3461,728631,5.0,2016-03-25,Male,Headphones,Philips,2013,Female,0
3338,728928,5.0,2016-03-25,Male,Headphones,Jabra,2013,,0
3338,728855,2.0,2016-03-25,Male,Headphones,Jabra,2013,,2
9106,729022,4.0,2016-03-25,Male,Headphones,Jabra,2017,,0
1728,729159,5.0,2016-03-26,Female&Male,Headphones,Jabra,2011,,0
5146,729259,5.0,2016-03-26,Female,Headphones,Jabra,2014,,0
5146,729265,5.0,2016-03-26,Female,Headphones,Jabra,2014,,0
5257,729557,5.0,2016-03-26,Male,Headphones,Philips,2015,,0
5257,729580,4.0,2016-03-26,Male,Headphones,Philips,2015,,0
3820,729741,4.0,2016-03-26,Male,Headphones,Philips,2014,,0
3338,730032,5.0,2016-03-27,Male,Headphones,Jabra,2013,,0
5146,730080,4.0,2016-03-27,Female,Headphones,Jabra,2014,,0
5146,423409,4.0,2016-03-27,Female,Headphones,Jabra,2014,Male,1
3338,730497,4.0,2016-03-28,Male,Headphones,Jabra,2013,,0
3338,730498,4.0,2016-03-28,Male,Headphones,Jabra,2013,,0
3338,730499,4.0,2016-03-28,Male,Headphones,Jabra,2013,,0
5257,3128,5.0,2016-03-28,Male,Headphones,Philips,2015,Male,1
5142,444180,1.0,2016-03-28,Female,Headphones,Jabra,2014,,2
5142,731102,3.0,2016-03-28,Female,Headphones,Jabra,2014,,0
5146,111693,5.0,2016-03-28,Female,Headphones,Jabra,2014,,2
5146,731172,3.0,2016-03-28,Female,Headphones,Jabra,2014,,0
5146,730495,5.0,2016-03-28,Female,Headphones,Jabra,2014,,2
8739,731315,5.0,2016-03-29,Male,Headphones,Philips,2016,Female,0
8739,731316,2.0,2016-03-29,Male,Headphones,Philips,2016,,0
3338,731556,5.0,2016-03-29,Male,Headphones,Jabra,2013,,0
5485,731629,3.0,2016-03-29,Male,Headphones,Jabra,2015,,0
5257,731459,5.0,2016-03-29,Male,Headphones,Philips,2015,,2
5142,731956,1.0,2016-03-29,Female,Headphones,Jabra,2014,,0
5146,731474,5.0,2016-03-29,Female,Headphones,Jabra,2014,,2
5146,732040,4.0,2016-03-29,Female,Headphones,Jabra,2014,Male,0
5146,732041,5.0,2016-03-29,Female,Headphones,Jabra,2014,,0
8739,732537,1.0,2016-03-30,Male,Headphones,Philips,2016,,0
5146,732784,5.0,2016-03-30,Female,Headphones,Jabra,2014,,0
3150,732973,5.0,2016-03-30,Male,Headphones,Philips,2013,Male,0
5146,733600,5.0,2016-03-31,Female,Headphones,Jabra,2014,,0
5257,733649,5.0,2016-03-31,Male,Headphones,Philips,2015,,0
3150,733912,5.0,2016-04-01,Male,Headphones,Philips,2013,,0
3150,733914,4.0,2016-04-01,Male,Headphones,Philips,2013,,0
5257,734031,5.0,2016-04-01,Male,Headphones,Philips,2015,,0
8739,734064,5.0,2016-04-01,Male,Headphones,Philips,2016,,2
3150,734710,5.0,2016-04-02,Male,Headphones,Philips,2013,,0
5257,734711,5.0,2016-04-02,Male,Headphones,Philips,2015,,0
3150,734720,5.0,2016-04-02,Male,Headphones,Philips,2013,,0
7482,734990,4.0,2016-04-03,Male,Headphones,Jabra,2015,,0
3338,735037,2.0,2016-04-03,Male,Headphones,Jabra,2013,,0
5142,735096,1.0,2016-04-03,Female,Headphones,Jabra,2014,,0
5146,735438,3.0,2016-04-04,Female,Headphones,Jabra,2014,,0
3150,735848,3.0,2016-04-04,Male,Headphones,Philips,2013,Male,0
5142,735879,5.0,2016-04-04,Female,Headphones,Jabra,2014,,0
4501,736135,1.0,2016-04-05,Female,Headphones,Apple,2014,,0
7528,736180,5.0,2016-04-05,Female,Headphones,Philips,2015,,0
5146,736238,2.0,2016-04-05,Female,Headphones,Jabra,2014,,0
3150,736529,5.0,2016-04-05,Male,Headphones,Philips,2013,,0
3150,736275,3.0,2016-04-05,Male,Headphones,Philips,2013,,0
8390,736925,1.0,2016-04-06,Female&Male,Headphones,Apple,2015,Male,0
3338,737029,5.0,2016-04-06,Male,Headphones,Jabra,2013,,0
8739,737300,4.0,2016-04-06,Male,Headphones,Philips,2016,,0
4818,737470,5.0,2016-04-07,Male,Headphones,Philips,2014,,0
1728,737512,2.0,2016-04-07,Female&Male,Headphones,Jabra,2011,,0
3338,737636,1.0,2016-04-07,Male,Headphones,Jabra,2013,,0
2900,738011,5.0,2016-04-07,Female&Male,Headphones,Jabra,2013,,0
5257,738029,5.0,2016-04-07,Male,Headphones,Philips,2015,,0
5257,738222,5.0,2016-04-08,Male,Headphones,Philips,2015,,2
3150,738704,4.0,2016-04-09,Male,Headphones,Philips,2013,,0
5257,79486,5.0,2016-04-09,Male,Headphones,Philips,2015,,2
3338,88122,1.0,2016-04-09,Male,Headphones,Jabra,2013,,2
3338,739187,5.0,2016-04-09,Male,Headphones,Jabra,2013,,0
5257,739276,5.0,2016-04-10,Male,Headphones,Philips,2015,,0
5142,739296,3.0,2016-04-10,Female,Headphones,Jabra,2014,,0
5146,739370,5.0,2016-04-10,Female,Headphones,Jabra,2014,,0
1728,739498,5.0,2016-04-10,Female&Male,Headphones,Jabra,2011,,0
5146,739654,4.0,2016-04-10,Female,Headphones,Jabra,2014,,0
5142,739797,1.0,2016-04-11,Female,Headphones,Jabra,2014,,0
5257,740856,5.0,2016-04-12,Male,Headphones,Philips,2015,,0
2900,740894,3.0,2016-04-12,Female&Male,Headphones,Jabra,2013,,0
5142,741095,1.0,2016-04-12,Female,Headphones,Jabra,2014,,0
5142,741418,1.0,2016-04-13,Female,Headphones,Jabra,2014,,0
3150,741441,2.0,2016-04-13,Male,Headphones,Philips,2013,Male,0
5146,94379,5.0,2016-04-13,Female,Headphones,Jabra,2014,,2
3461,741487,3.0,2016-04-13,Male,Headphones,Philips,2013,,0
8739,741504,1.0,2016-04-13,Male,Headphones,Philips,2016,,0
7092,226392,5.0,2016-04-14,Male,Headphones,Philips,2015,Female,1
3439,742456,5.0,2016-04-14,Male,Headphones,Philips,2014,,0
5142,742772,1.0,2016-04-15,Female,Headphones,Jabra,2014,,0
4818,742910,4.0,2016-04-15,Male,Headphones,Philips,2014,,0
5257,742980,5.0,2016-04-15,Male,Headphones,Philips,2015,,0
3150,743639,5.0,2016-04-17,Male,Headphones,Philips,2013,,0
3150,110632,4.0,2016-04-17,Male,Headphones,Philips,2013,Male,2
3338,743775,2.0,2016-04-17,Male,Headphones,Jabra,2013,,0
5257,527505,4.0,2016-04-18,Male,Headphones,Philips,2015,Male,0
5146,744703,1.0,2016-04-18,Female,Headphones,Jabra,2014,,0
5257,744937,5.0,2016-04-19,Male,Headphones,Philips,2015,,0
5146,745448,1.0,2016-04-19,Female,Headphones,Jabra,2014,,0
5146,745452,5.0,2016-04-19,Female,Headphones,Jabra,2014,,0
8739,745710,2.0,2016-04-20,Male,Headphones,Philips,2016,,0
5142,745720,2.0,2016-04-20,Female,Headphones,Jabra,2014,,0
5257,745943,5.0,2016-04-20,Male,Headphones,Philips,2015,,0
5146,745988,4.0,2016-04-20,Female,Headphones,Jabra,2014,,0
5146,745989,4.0,2016-04-20,Female,Headphones,Jabra,2014,,0
3338,746387,1.0,2016-04-20,Male,Headphones,Jabra,2013,,0
7482,746602,5.0,2016-04-21,Male,Headphones,Jabra,2015,,0
4128,746630,3.0,2016-04-21,Female,Headphones,Jabra,2014,,0
2900,746834,4.0,2016-04-21,Female&Male,Headphones,Jabra,2013,Male,0
5146,746960,5.0,2016-04-21,Female,Headphones,Jabra,2014,Female,0
3338,747035,1.0,2016-04-21,Male,Headphones,Jabra,2013,,0
5142,747150,1.0,2016-04-21,Female,Headphones,Jabra,2014,,0
3150,747155,4.0,2016-04-21,Male,Headphones,Philips,2013,,0
3150,747420,5.0,2016-04-22,Male,Headphones,Philips,2013,Male,0
3338,747972,1.0,2016-04-22,Male,Headphones,Jabra,2013,,0
3150,748383,5.0,2016-04-23,Male,Headphones,Philips,2013,,0
5146,748393,5.0,2016-04-23,Female,Headphones,Jabra,2014,,0
5146,748394,5.0,2016-04-23,Female,Headphones,Jabra,2014,,0
5257,748701,5.0,2016-04-23,Male,Headphones,Philips,2015,,0
5257,748702,5.0,2016-04-23,Male,Headphones,Philips,2015,Male,0
5146,748896,5.0,2016-04-24,Female,Headphones,Jabra,2014,Female,0
3150,749160,4.0,2016-04-24,Male,Headphones,Philips,2013,,0
8739,621733,1.0,2016-04-24,Male,Headphones,Philips,2016,,0
4818,749524,2.0,2016-04-24,Male,Headphones,Philips,2014,,0
3150,750300,5.0,2016-04-25,Male,Headphones,Philips,2013,Female,0
8390,750628,2.0,2016-04-26,Female&Male,Headphones,Apple,2015,,0
5146,750965,5.0,2016-04-26,Female,Headphones,Jabra,2014,,0
3338,348617,4.0,2016-04-26,Male,Headphones,Jabra,2013,Male,2
3338,751018,5.0,2016-04-26,Male,Headphones,Jabra,2013,,2
5485,751117,5.0,2016-04-26,Male,Headphones,Jabra,2015,Female,0
5146,751419,3.0,2016-04-27,Female,Headphones,Jabra,2014,,0
5146,751472,3.0,2016-04-27,Female,Headphones,Jabra,2014,,0
3150,751817,4.0,2016-04-27,Male,Headphones,Philips,2013,,0
7526,752020,5.0,2016-04-27,Male,Headphones,Philips,2015,,0
5257,752026,4.0,2016-04-27,Male,Headphones,Philips,2015,,0
3338,752378,1.0,2016-04-28,Male,Headphones,Jabra,2013,,0
5146,631048,3.0,2016-04-28,Female,Headphones,Jabra,2014,,2
4501,752720,3.0,2016-04-28,Female,Headphones,Apple,2014,,0
5257,753476,5.0,2016-04-29,Male,Headphones,Philips,2015,,0
5257,753477,5.0,2016-04-29,Male,Headphones,Philips,2015,,0
5257,753479,1.0,2016-04-29,Male,Headphones,Philips,2015,,0
3338,753521,4.0,2016-04-29,Male,Headphones,Jabra,2013,,0
5146,753568,5.0,2016-04-29,Female,Headphones,Jabra,2014,,0
3150,754037,5.0,2016-04-30,Male,Headphones,Philips,2013,,0
3461,754330,5.0,2016-04-30,Male,Headphones,Philips,2013,,0
3461,192032,4.0,2016-04-30,Male,Headphones,Philips,2013,,2
5146,131668,5.0,2016-04-30,Female,Headphones,Jabra,2014,,1
3461,754908,1.0,2016-05-01,Male,Headphones,Philips,2013,Male,0
3461,680924,5.0,2016-05-01,Male,Headphones,Philips,2013,,2
5146,754973,3.0,2016-05-01,Female,Headphones,Jabra,2014,,0
3338,620561,3.0,2016-05-02,Male,Headphones,Jabra,2013,,2
3150,755376,2.0,2016-05-02,Male,Headphones,Philips,2013,,0
5257,755645,5.0,2016-05-02,Male,Headphones,Philips,2015,,0
5146,755703,5.0,2016-05-02,Female,Headphones,Jabra,2014,Male,0
5142,755742,5.0,2016-05-02,Female,Headphones,Jabra,2014,,0
5257,755833,5.0,2016-05-02,Male,Headphones,Philips,2015,,0
8390,756067,5.0,2016-05-03,Female&Male,Headphones,Apple,2015,,0
5146,756086,4.0,2016-05-03,Female,Headphones,Jabra,2014,,0
3338,756090,5.0,2016-05-03,Male,Headphones,Jabra,2013,,0
5146,756150,5.0,2016-05-03,Female,Headphones,Jabra,2014,,0
5257,350779,5.0,2016-05-03,Male,Headphones,Philips,2015,Male,2
6742,756404,2.0,2016-05-03,Male,Headphones,Philips,2018,Male,0
3150,374362,5.0,2016-05-03,Male,Headphones,Philips,2013,,2
3461,756884,1.0,2016-05-03,Male,Headphones,Philips,2013,,0
6015,757279,1.0,2016-05-04,Female,Headphones,Jabra,2015,,0
5146,757310,1.0,2016-05-04,Female,Headphones,Jabra,2014,,0
5146,757331,4.0,2016-05-04,Female,Headphones,Jabra,2014,,0
3461,757218,5.0,2016-05-04,Male,Headphones,Philips,2013,Male,2
3461,757987,5.0,2016-05-05,Male,Headphones,Philips,2013,,0
5142,758428,4.0,2016-05-05,Female,Headphones,Jabra,2014,,0
5146,758707,5.0,2016-05-06,Female,Headphones,Jabra,2014,,0
6015,758795,5.0,2016-05-06,Female,Headphones,Jabra,2015,,0
3338,169802,5.0,2016-05-06,Male,Headphones,Jabra,2013,,2
3150,758949,4.0,2016-05-06,Male,Headphones,Philips,2013,,0
5142,759404,1.0,2016-05-07,Female,Headphones,Jabra,2014,,0
5142,759405,1.0,2016-05-07,Female,Headphones,Jabra,2014,,0
3338,759413,2.0,2016-05-07,Male,Headphones,Jabra,2013,,0
5485,759474,5.0,2016-05-07,Male,Headphones,Jabra,2015,,0
8739,759924,5.0,2016-05-08,Male,Headphones,Philips,2016,,0
7526,760359,5.0,2016-05-08,Male,Headphones,Philips,2015,,0
5146,408528,4.0,2016-05-08,Female,Headphones,Jabra,2014,Male,1
1499,760839,5.0,2016-05-09,Male,Headphones,Philips,2011,,0
3461,761013,5.0,2016-05-09,Male,Headphones,Philips,2013,Male,0
3338,761020,4.0,2016-05-09,Male,Headphones,Jabra,2013,,0
2900,761026,5.0,2016-05-09,Female&Male,Headphones,Jabra,2013,,0
5146,761121,1.0,2016-05-09,Female,Headphones,Jabra,2014,,0
5146,761129,5.0,2016-05-09,Female,Headphones,Jabra,2014,,0
5257,81665,5.0,2016-05-10,Male,Headphones,Philips,2015,Male,1
5257,761353,5.0,2016-05-10,Male,Headphones,Philips,2015,,0
3461,761360,5.0,2016-05-10,Male,Headphones,Philips,2013,,0
3338,252366,5.0,2016-05-10,Male,Headphones,Jabra,2013,,2
3338,761809,1.0,2016-05-10,Male,Headphones,Jabra,2013,,0
3150,762081,5.0,2016-05-10,Male,Headphones,Philips,2013,,0
3150,762097,5.0,2016-05-10,Male,Headphones,Philips,2013,,0
5146,544060,3.0,2016-05-11,Female,Headphones,Jabra,2014,Female,0
5257,762542,5.0,2016-05-11,Male,Headphones,Philips,2015,,0
5146,624571,4.0,2016-05-12,Female,Headphones,Jabra,2014,,2
5257,763077,5.0,2016-05-12,Male,Headphones,Philips,2015,,0
3338,763696,2.0,2016-05-13,Male,Headphones,Jabra,2013,,0
5257,764436,4.0,2016-05-14,Male,Headphones,Philips,2015,,2
1469,736275,4.0,2016-05-14,Male,Headphones,Philips,2011,,1
5257,764435,5.0,2016-05-14,Male,Headphones,Philips,2015,,2
3338,764574,2.0,2016-05-14,Male,Headphones,Jabra,2013,,0
3461,764687,1.0,2016-05-14,Male,Headphones,Philips,2013,Male,0
5146,764713,4.0,2016-05-14,Female,Headphones,Jabra,2014,,0
8390,764878,1.0,2016-05-14,Female&Male,Headphones,Apple,2015,,0
1976,765008,5.0,2016-05-15,Female,Headphones,Philips,2012,,0
5146,765358,5.0,2016-05-15,Female,Headphones,Jabra,2014,,0
5146,765359,3.0,2016-05-15,Female,Headphones,Jabra,2014,Male,0
5146,765360,4.0,2016-05-15,Female,Headphones,Jabra,2014,,0
3461,765371,2.0,2016-05-15,Male,Headphones,Philips,2013,,0
3338,765553,4.0,2016-05-16,Male,Headphones,Jabra,2013,,0
3150,765620,5.0,2016-05-16,Male,Headphones,Philips,2013,,0
5146,638715,1.0,2016-05-16,Female,Headphones,Jabra,2014,,2
4128,229803,5.0,2016-05-16,Female,Headphones,Jabra,2014,Male,2
1728,765851,5.0,2016-05-16,Female&Male,Headphones,Jabra,2011,,0
3150,766309,1.0,2016-05-17,Male,Headphones,Philips,2013,,0
3150,766313,5.0,2016-05-17,Male,Headphones,Philips,2013,,0
1469,767045,5.0,2016-05-17,Male,Headphones,Philips,2011,,0
5146,767170,5.0,2016-05-18,Female,Headphones,Jabra,2014,,0
5146,767174,5.0,2016-05-18,Female,Headphones,Jabra,2014,,0
5146,767176,4.0,2016-05-18,Female,Headphones,Jabra,2014,,0
5257,91749,4.0,2016-05-18,Male,Headphones,Philips,2015,,2
3338,767475,4.0,2016-05-18,Male,Headphones,Jabra,2013,,0
5142,767514,4.0,2016-05-18,Female,Headphones,Jabra,2014,,0
7528,767687,5.0,2016-05-18,Female,Headphones,Philips,2015,,0
5146,767907,5.0,2016-05-19,Female,Headphones,Jabra,2014,,0
5146,767927,5.0,2016-05-19,Female,Headphones,Jabra,2014,,0
7213,767945,5.0,2016-05-19,Female&Male,Headphones,Philips,2015,,0
5257,767956,5.0,2016-05-19,Male,Headphones,Philips,2015,,0
4128,768055,3.0,2016-05-19,Female,Headphones,Jabra,2014,,0
5142,768290,3.0,2016-05-19,Female,Headphones,Jabra,2014,,0
1499,768798,4.0,2016-05-20,Male,Headphones,Philips,2011,Female,0
3150,768890,1.0,2016-05-20,Male,Headphones,Philips,2013,,0
5142,236136,5.0,2016-05-20,Female,Headphones,Jabra,2014,,2
3461,769415,3.0,2016-05-21,Male,Headphones,Philips,2013,,0
5146,701205,5.0,2016-05-21,Female,Headphones,Jabra,2014,,2
5146,769656,4.0,2016-05-22,Female,Headphones,Jabra,2014,,0
5257,769901,5.0,2016-05-22,Male,Headphones,Philips,2015,,0
3461,769966,1.0,2016-05-22,Male,Headphones,Philips,2013,,0
3338,770194,3.0,2016-05-22,Male,Headphones,Jabra,2013,,0
3338,770195,2.0,2016-05-22,Male,Headphones,Jabra,2013,,0
3338,770318,1.0,2016-05-23,Male,Headphones,Jabra,2013,,0
5142,770449,5.0,2016-05-23,Female,Headphones,Jabra,2014,Female,0
7528,770490,5.0,2016-05-23,Female,Headphones,Philips,2015,Female,0
5146,770529,3.0,2016-05-23,Female,Headphones,Jabra,2014,,0
5146,547121,4.0,2016-05-23,Female,Headphones,Jabra,2014,,2
5146,771194,1.0,2016-05-24,Female,Headphones,Jabra,2014,,0
1728,771284,5.0,2016-05-24,Female&Male,Headphones,Jabra,2011,,0
3150,771467,4.0,2016-05-24,Male,Headphones,Philips,2013,,0
5257,772032,1.0,2016-05-25,Male,Headphones,Philips,2015,,0
5257,772061,4.0,2016-05-25,Male,Headphones,Philips,2015,,0
5257,772072,5.0,2016-05-25,Male,Headphones,Philips,2015,,0
3461,772386,1.0,2016-05-25,Male,Headphones,Philips,2013,,0
3461,772387,4.0,2016-05-25,Male,Headphones,Philips,2013,,0
3461,772388,5.0,2016-05-25,Male,Headphones,Philips,2013,,0
5146,772863,3.0,2016-05-26,Female,Headphones,Jabra,2014,,0
5146,772864,5.0,2016-05-26,Female,Headphones,Jabra,2014,,0
5146,772865,5.0,2016-05-26,Female,Headphones,Jabra,2014,,0
3150,772909,5.0,2016-05-26,Male,Headphones,Philips,2013,,0
3338,773087,2.0,2016-05-26,Male,Headphones,Jabra,2013,,0
4128,773093,1.0,2016-05-26,Female,Headphones,Jabra,2014,,0
3338,407508,5.0,2016-05-26,Male,Headphones,Jabra,2013,,2
1728,773177,5.0,2016-05-26,Female&Male,Headphones,Jabra,2011,,0
7047,773650,2.0,2016-05-27,Female&Male,Headphones,Philips,2015,Male,0
5142,773994,5.0,2016-05-27,Female,Headphones,Jabra,2014,,0
3150,764886,4.0,2016-05-27,Male,Headphones,Philips,2013,,2
5257,774575,5.0,2016-05-28,Male,Headphones,Philips,2015,,0
2900,774646,4.0,2016-05-28,Female&Male,Headphones,Jabra,2013,,0
3150,774712,1.0,2016-05-29,Male,Headphones,Philips,2013,,0
5146,775030,2.0,2016-05-29,Female,Headphones,Jabra,2014,,0
5257,775159,5.0,2016-05-30,Male,Headphones,Philips,2015,,1
5146,775395,2.0,2016-05-30,Female,Headphones,Jabra,2014,,0
5146,775396,5.0,2016-05-30,Female,Headphones,Jabra,2014,,0
3150,775509,4.0,2016-05-30,Male,Headphones,Philips,2013,,0
5142,775545,3.0,2016-05-30,Female,Headphones,Jabra,2014,,0
4128,775785,5.0,2016-05-30,Female,Headphones,Jabra,2014,,0
1762,775808,5.0,2016-05-30,Male,Headphones,Philips,2013,,0
3338,776006,1.0,2016-05-31,Male,Headphones,Jabra,2013,,0
3338,776007,3.0,2016-05-31,Male,Headphones,Jabra,2013,,0
3150,776078,5.0,2016-05-31,Male,Headphones,Philips,2013,,0
5142,776093,2.0,2016-05-31,Female,Headphones,Jabra,2014,,0
5257,776375,4.0,2016-05-31,Male,Headphones,Philips,2015,,0
5257,775996,4.0,2016-05-31,Male,Headphones,Philips,2015,,1
5146,776080,3.0,2016-05-31,Female,Headphones,Jabra,2014,,1
5146,776399,2.0,2016-05-31,Female,Headphones,Jabra,2014,,0
5257,165916,3.0,2016-06-01,Male,Headphones,Philips,2015,,2
7092,777147,3.0,2016-06-01,Male,Headphones,Philips,2015,,0
5142,777245,5.0,2016-06-01,Female,Headphones,Jabra,2014,Male,0
5146,777778,4.0,2016-06-02,Female,Headphones,Jabra,2014,,0
5146,777779,1.0,2016-06-02,Female,Headphones,Jabra,2014,,0
3150,476395,5.0,2016-06-02,Male,Headphones,Philips,2013,Female,2
5257,777981,5.0,2016-06-02,Male,Headphones,Philips,2015,,0
5257,777982,5.0,2016-06-02,Male,Headphones,Philips,2015,,0
5257,777983,5.0,2016-06-02,Male,Headphones,Philips,2015,,0
5146,76424,2.0,2016-06-03,Female,Headphones,Jabra,2014,,2
3461,609683,1.0,2016-06-03,Male,Headphones,Philips,2013,Male,0
3338,778598,5.0,2016-06-03,Male,Headphones,Jabra,2013,,0
3338,778599,1.0,2016-06-03,Male,Headphones,Jabra,2013,,0
3150,778693,5.0,2016-06-03,Male,Headphones,Philips,2013,Male,0
5257,778507,5.0,2016-06-03,Male,Headphones,Philips,2015,,1
3150,778947,4.0,2016-06-04,Male,Headphones,Philips,2013,,0
5257,779509,5.0,2016-06-04,Male,Headphones,Philips,2015,,0
3150,779681,5.0,2016-06-05,Male,Headphones,Philips,2013,,0
3338,779777,1.0,2016-06-05,Male,Headphones,Jabra,2013,,0
5146,780035,5.0,2016-06-05,Female,Headphones,Jabra,2014,,0
5146,780042,4.0,2016-06-05,Female,Headphones,Jabra,2014,,0
1728,780100,4.0,2016-06-05,Female&Male,Headphones,Jabra,2011,,0
5257,780125,5.0,2016-06-05,Male,Headphones,Philips,2015,Female,0
5146,780509,5.0,2016-06-06,Female,Headphones,Jabra,2014,Male,0
5142,780603,3.0,2016-06-06,Female,Headphones,Jabra,2014,,0
5257,780612,5.0,2016-06-06,Male,Headphones,Philips,2015,,0
5257,684157,4.0,2016-06-06,Male,Headphones,Philips,2015,,1
5257,780616,4.0,2016-06-06,Male,Headphones,Philips,2015,,0
5257,780618,5.0,2016-06-06,Male,Headphones,Philips,2015,,0
3338,780852,2.0,2016-06-06,Male,Headphones,Jabra,2013,,0
4128,780874,1.0,2016-06-06,Female,Headphones,Jabra,2014,,0
3338,780875,1.0,2016-06-06,Male,Headphones,Jabra,2013,,0
3338,231090,3.0,2016-06-06,Male,Headphones,Jabra,2013,,2
5146,781749,2.0,2016-06-07,Female,Headphones,Jabra,2014,,0
5146,781892,5.0,2016-06-08,Female,Headphones,Jabra,2014,,0
5146,781893,3.0,2016-06-08,Female,Headphones,Jabra,2014,,0
5146,781894,5.0,2016-06-08,Female,Headphones,Jabra,2014,Female,0
5146,781897,4.0,2016-06-08,Female,Headphones,Jabra,2014,,0
5257,782262,4.0,2016-06-08,Male,Headphones,Philips,2015,,0
5257,782263,4.0,2016-06-08,Male,Headphones,Philips,2015,,0
5142,782332,4.0,2016-06-08,Female,Headphones,Jabra,2014,,0
3461,782403,5.0,2016-06-08,Male,Headphones,Philips,2013,,0
5257,782914,5.0,2016-06-09,Male,Headphones,Philips,2015,,0
5142,485735,3.0,2016-06-10,Female,Headphones,Jabra,2014,,2
3820,784068,1.0,2016-06-11,Male,Headphones,Philips,2014,,0
5146,784217,5.0,2016-06-11,Female,Headphones,Jabra,2014,Male,0
3338,784497,4.0,2016-06-12,Male,Headphones,Jabra,2013,,0
3150,784635,5.0,2016-06-12,Male,Headphones,Philips,2013,,0
5257,784639,5.0,2016-06-12,Male,Headphones,Philips,2015,,0
5146,784921,3.0,2016-06-12,Female,Headphones,Jabra,2014,,0
3150,785021,1.0,2016-06-13,Male,Headphones,Philips,2013,,0
3150,785052,3.0,2016-06-13,Male,Headphones,Philips,2013,,0
5146,785107,5.0,2016-06-13,Female,Headphones,Jabra,2014,,0
5146,388675,3.0,2016-06-13,Female,Headphones,Jabra,2014,Male,2
5146,785154,2.0,2016-06-13,Female,Headphones,Jabra,2014,,0
5146,785720,1.0,2016-06-13,Female,Headphones,Jabra,2014,,0
5146,785851,2.0,2016-06-14,Female,Headphones,Jabra,2014,,0
5257,785953,4.0,2016-06-14,Male,Headphones,Philips,2015,,0
4128,786491,1.0,2016-06-14,Female,Headphones,Jabra,2014,,0
3461,786890,4.0,2016-06-15,Male,Headphones,Philips,2013,,0
3338,123628,1.0,2016-06-15,Male,Headphones,Jabra,2013,Male,2
3150,787032,5.0,2016-06-15,Male,Headphones,Philips,2013,,0
3461,787396,5.0,2016-06-16,Male,Headphones,Philips,2013,,0
3338,787470,1.0,2016-06-16,Male,Headphones,Jabra,2013,Female,0
5146,787618,5.0,2016-06-16,Female,Headphones,Jabra,2014,,0
1469,787791,3.0,2016-06-16,Male,Headphones,Philips,2011,,0
7047,787834,5.0,2016-06-16,Female&Male,Headphones,Philips,2015,Male,0
5257,787862,5.0,2016-06-16,Male,Headphones,Philips,2015,Male,0
5257,787865,5.0,2016-06-16,Male,Headphones,Philips,2015,,0
3461,788298,4.0,2016-06-17,Male,Headphones,Philips,2013,,0
1469,788716,5.0,2016-06-18,Male,Headphones,Philips,2011,,0
5142,788910,1.0,2016-06-18,Female,Headphones,Jabra,2014,,0
6015,789005,1.0,2016-06-18,Female,Headphones,Jabra,2015,,0
7482,789134,1.0,2016-06-19,Male,Headphones,Jabra,2015,,0
5146,789342,5.0,2016-06-19,Female,Headphones,Jabra,2014,,0
3338,789502,5.0,2016-06-19,Male,Headphones,Jabra,2013,,0
5257,789672,5.0,2016-06-19,Male,Headphones,Philips,2015,,0
5257,789675,5.0,2016-06-19,Male,Headphones,Philips,2015,,0
5146,790239,1.0,2016-06-20,Female,Headphones,Jabra,2014,,0
5146,790282,5.0,2016-06-20,Female,Headphones,Jabra,2014,,0
5146,790603,5.0,2016-06-21,Female,Headphones,Jabra,2014,,0
5146,790623,4.0,2016-06-21,Female,Headphones,Jabra,2014,,0
5146,790627,2.0,2016-06-21,Female,Headphones,Jabra,2014,,0
5146,790628,5.0,2016-06-21,Female,Headphones,Jabra,2014,,0
5142,80447,5.0,2016-06-21,Female,Headphones,Jabra,2014,,2
1762,791080,1.0,2016-06-21,Male,Headphones,Philips,2013,,0
3150,791177,5.0,2016-06-21,Male,Headphones,Philips,2013,,0
4501,791211,5.0,2016-06-22,Female,Headphones,Apple,2014,Female,0
3439,791449,5.0,2016-06-22,Male,Headphones,Philips,2014,,0
5257,791675,5.0,2016-06-22,Male,Headphones,Philips,2015,,0
5257,791798,5.0,2016-06-22,Male,Headphones,Philips,2015,,0
5257,791842,5.0,2016-06-22,Male,Headphones,Philips,2015,,0
1728,792022,1.0,2016-06-23,Female&Male,Headphones,Jabra,2011,,0
5142,792049,1.0,2016-06-23,Female,Headphones,Jabra,2014,,0
5146,522933,5.0,2016-06-23,Female,Headphones,Jabra,2014,Male,2
7047,792772,5.0,2016-06-24,Female&Male,Headphones,Philips,2015,Female,0
5146,792836,2.0,2016-06-24,Female,Headphones,Jabra,2014,,0
3338,793017,5.0,2016-06-24,Male,Headphones,Jabra,2013,,0
5257,793871,4.0,2016-06-25,Male,Headphones,Philips,2015,,0
3461,101829,5.0,2016-06-25,Male,Headphones,Philips,2013,,2
5257,794047,5.0,2016-06-26,Male,Headphones,Philips,2015,,0
5257,794052,5.0,2016-06-26,Male,Headphones,Philips,2015,,0
4128,794158,1.0,2016-06-26,Female,Headphones,Jabra,2014,,0
3150,794788,5.0,2016-06-27,Male,Headphones,Philips,2013,,0
4128,794980,5.0,2016-06-27,Female,Headphones,Jabra,2014,,0
5146,299325,4.0,2016-06-27,Female,Headphones,Jabra,2014,Male,2
5146,795243,4.0,2016-06-27,Female,Headphones,Jabra,2014,,0
5142,795287,3.0,2016-06-27,Female,Headphones,Jabra,2014,,0
1728,795923,1.0,2016-06-28,Female&Male,Headphones,Jabra,2011,,0
5257,796009,5.0,2016-06-28,Male,Headphones,Philips,2015,,0
5257,796153,5.0,2016-06-29,Male,Headphones,Philips,2015,,0
5257,796185,5.0,2016-06-29,Male,Headphones,Philips,2015,,0
4128,331396,5.0,2016-06-29,Female,Headphones,Jabra,2014,Male,1
5142,796505,4.0,2016-06-29,Female,Headphones,Jabra,2014,,0
5142,796506,5.0,2016-06-29,Female,Headphones,Jabra,2014,,0
5485,796751,1.0,2016-06-29,Male,Headphones,Jabra,2015,,0
5146,796755,2.0,2016-06-29,Female,Headphones,Jabra,2014,,0
5146,796861,2.0,2016-06-29,Female,Headphones,Jabra,2014,,0
3150,796961,5.0,2016-06-30,Male,Headphones,Philips,2013,,0
5146,797077,5.0,2016-06-30,Female,Headphones,Jabra,2014,,0
5146,797104,5.0,2016-06-30,Female,Headphones,Jabra,2014,,0
3338,797295,4.0,2016-06-30,Male,Headphones,Jabra,2013,,0
5257,797353,5.0,2016-06-30,Male,Headphones,Philips,2015,Female,0
5257,797366,4.0,2016-06-30,Male,Headphones,Philips,2015,,0
5146,464597,3.0,2016-07-01,Female,Headphones,Jabra,2014,,2
5146,797679,5.0,2016-07-01,Female,Headphones,Jabra,2014,,0
3338,797752,1.0,2016-07-01,Male,Headphones,Jabra,2013,,0
3150,797756,2.0,2016-07-01,Male,Headphones,Philips,2013,,2
5142,798694,5.0,2016-07-03,Female,Headphones,Jabra,2014,Male,0
5257,799785,5.0,2016-07-05,Male,Headphones,Philips,2015,,0
5146,800608,5.0,2016-07-06,Female,Headphones,Jabra,2014,,0
7482,796755,2.0,2016-07-06,Male,Headphones,Jabra,2015,,2
5257,800929,5.0,2016-07-06,Male,Headphones,Philips,2015,,0
5257,800930,5.0,2016-07-06,Male,Headphones,Philips,2015,,0
5146,801299,5.0,2016-07-07,Female,Headphones,Jabra,2014,,0
3461,801539,5.0,2016-07-07,Male,Headphones,Philips,2013,,0
1469,801552,1.0,2016-07-07,Male,Headphones,Philips,2011,Male,0
3150,801632,3.0,2016-07-07,Male,Headphones,Philips,2013,,0
8739,801859,2.0,2016-07-07,Male,Headphones,Philips,2016,,0
5257,801881,5.0,2016-07-07,Male,Headphones,Philips,2015,,0
5257,802248,5.0,2016-07-08,Male,Headphones,Philips,2015,,0
5146,802676,5.0,2016-07-09,Female,Headphones,Jabra,2014,,0
5142,802743,1.0,2016-07-09,Female,Headphones,Jabra,2014,Male,0
5257,802959,5.0,2016-07-09,Male,Headphones,Philips,2015,,0
5257,802962,5.0,2016-07-09,Male,Headphones,Philips,2015,,0
5257,802986,5.0,2016-07-09,Male,Headphones,Philips,2015,,0
5142,803088,2.0,2016-07-10,Female,Headphones,Jabra,2014,,0
3150,803154,5.0,2016-07-10,Male,Headphones,Philips,2013,,0
5257,803216,5.0,2016-07-10,Male,Headphones,Philips,2015,,0
3150,803571,1.0,2016-07-10,Male,Headphones,Philips,2013,,0
6015,803750,1.0,2016-07-11,Female,Headphones,Jabra,2015,,0
5142,803867,4.0,2016-07-11,Female,Headphones,Jabra,2014,,0
5146,804258,4.0,2016-07-11,Female,Headphones,Jabra,2014,,0
4128,804302,2.0,2016-07-12,Female,Headphones,Jabra,2014,,0
6015,804458,5.0,2016-07-12,Female,Headphones,Jabra,2015,,0
5146,804659,5.0,2016-07-12,Female,Headphones,Jabra,2014,,0
5146,804662,3.0,2016-07-12,Female,Headphones,Jabra,2014,,0
5257,804807,5.0,2016-07-12,Male,Headphones,Philips,2015,,0
5257,804843,5.0,2016-07-12,Male,Headphones,Philips,2015,Female,0
3338,805192,4.0,2016-07-13,Male,Headphones,Jabra,2013,,0
7482,805567,4.0,2016-07-13,Male,Headphones,Jabra,2015,,0
5142,805985,3.0,2016-07-14,Female,Headphones,Jabra,2014,,0
5142,805986,1.0,2016-07-14,Female,Headphones,Jabra,2014,,0
3150,91981,5.0,2016-07-14,Male,Headphones,Philips,2013,Female,2
5146,806229,5.0,2016-07-14,Female,Headphones,Jabra,2014,,0
7047,806938,5.0,2016-07-15,Female&Male,Headphones,Philips,2015,,0
5257,806982,5.0,2016-07-15,Male,Headphones,Philips,2015,Male,0
3338,807055,2.0,2016-07-15,Male,Headphones,Jabra,2013,,0
5257,807056,5.0,2016-07-15,Male,Headphones,Philips,2015,,0
5146,807152,5.0,2016-07-15,Female,Headphones,Jabra,2014,,0
5146,807153,1.0,2016-07-15,Female,Headphones,Jabra,2014,,0
2921,637088,2.0,2016-07-16,Male,Headphones,Jabra,2013,,2
4128,807719,4.0,2016-07-16,Female,Headphones,Jabra,2014,Female,0
1469,808023,5.0,2016-07-16,Male,Headphones,Philips,2011,,0
3338,808166,2.0,2016-07-17,Male,Headphones,Jabra,2013,,0
7047,808353,5.0,2016-07-17,Female&Male,Headphones,Philips,2015,,0
9106,808544,1.0,2016-07-17,Male,Headphones,Jabra,2017,,0
5146,808718,4.0,2016-07-17,Female,Headphones,Jabra,2014,,0
5146,78133,3.0,2016-07-18,Female,Headphones,Jabra,2014,,2
5146,809473,5.0,2016-07-18,Female,Headphones,Jabra,2014,,0
5146,809782,4.0,2016-07-19,Female,Headphones,Jabra,2014,,0
5146,809787,1.0,2016-07-19,Female,Headphones,Jabra,2014,,0
5146,809819,4.0,2016-07-19,Female,Headphones,Jabra,2014,,0
7482,809955,1.0,2016-07-19,Male,Headphones,Jabra,2015,,0
5257,106655,5.0,2016-07-19,Male,Headphones,Philips,2015,,1
3338,810807,4.0,2016-07-20,Male,Headphones,Jabra,2013,,0
5142,810885,5.0,2016-07-20,Female,Headphones,Jabra,2014,,0
3150,552071,4.0,2016-07-20,Male,Headphones,Philips,2013,,1
5146,811399,5.0,2016-07-20,Female,Headphones,Jabra,2014,,0
5146,811401,3.0,2016-07-20,Female,Headphones,Jabra,2014,,0
3483,811496,1.0,2016-07-21,Male,Headphones,Philips,2018,,0
5146,811694,5.0,2016-07-21,Female,Headphones,Jabra,2014,,0
5146,511740,3.0,2016-07-21,Female,Headphones,Jabra,2014,,2
5257,811775,5.0,2016-07-21,Male,Headphones,Philips,2015,,0
3150,811912,5.0,2016-07-21,Male,Headphones,Philips,2013,Female,0
3150,812396,5.0,2016-07-22,Male,Headphones,Philips,2013,,0
3150,812397,4.0,2016-07-22,Male,Headphones,Philips,2013,,0
5146,812409,5.0,2016-07-22,Female,Headphones,Jabra,2014,,0
4818,812721,4.0,2016-07-22,Male,Headphones,Philips,2014,,0
5257,812736,4.0,2016-07-22,Male,Headphones,Philips,2015,,0
5257,807166,5.0,2016-07-22,Male,Headphones,Philips,2015,,0
547,812792,5.0,2016-07-22,Male,Headphones,Philips,2007,,0
5257,812931,5.0,2016-07-22,Male,Headphones,Philips,2015,,0
3461,813034,3.0,2016-07-23,Male,Headphones,Philips,2013,,0
5142,813065,1.0,2016-07-23,Female,Headphones,Jabra,2014,,0
5142,813098,1.0,2016-07-23,Female,Headphones,Jabra,2014,,0
5142,813109,5.0,2016-07-23,Female,Headphones,Jabra,2014,,0
4128,813215,1.0,2016-07-23,Female,Headphones,Jabra,2014,,0
5257,813423,4.0,2016-07-23,Male,Headphones,Philips,2015,,0
5146,813579,4.0,2016-07-23,Female,Headphones,Jabra,2014,,0
5146,812964,4.0,2016-07-23,Female,Headphones,Jabra,2014,,2
3338,813950,5.0,2016-07-24,Male,Headphones,Jabra,2013,,0
3606,814512,4.0,2016-07-25,Male,Headphones,Philips,2014,,0
4501,814620,4.0,2016-07-25,Female,Headphones,Apple,2014,,0
2900,814936,5.0,2016-07-25,Female&Male,Headphones,Jabra,2013,,0
4128,814962,5.0,2016-07-25,Female,Headphones,Jabra,2014,,0
4128,814965,5.0,2016-07-25,Female,Headphones,Jabra,2014,,0
7213,769175,4.0,2016-07-26,Female&Male,Headphones,Philips,2015,,0
7526,815427,5.0,2016-07-26,Male,Headphones,Philips,2015,,0
7047,815666,5.0,2016-07-26,Female&Male,Headphones,Philips,2015,Female,0
3461,815704,2.0,2016-07-26,Male,Headphones,Philips,2013,,0
3461,815705,5.0,2016-07-26,Male,Headphones,Philips,2013,,0
4128,815916,4.0,2016-07-26,Female,Headphones,Jabra,2014,Female,0
1469,816012,5.0,2016-07-26,Male,Headphones,Philips,2011,Female,0
5257,816435,3.0,2016-07-27,Male,Headphones,Philips,2015,,0
1499,816438,5.0,2016-07-27,Male,Headphones,Philips,2011,,0
5257,816451,5.0,2016-07-27,Male,Headphones,Philips,2015,,0
3338,817318,5.0,2016-07-28,Male,Headphones,Jabra,2013,Male,0
4818,817450,5.0,2016-07-28,Male,Headphones,Philips,2014,,0
3150,817154,3.0,2016-07-28,Male,Headphones,Philips,2013,,2
5257,818145,5.0,2016-07-29,Male,Headphones,Philips,2015,,0
5257,818148,5.0,2016-07-29,Male,Headphones,Philips,2015,,0
4128,818372,5.0,2016-07-30,Female,Headphones,Jabra,2014,Male,0
3338,818381,5.0,2016-07-30,Male,Headphones,Jabra,2013,,0
3338,818382,1.0,2016-07-30,Male,Headphones,Jabra,2013,,0
3150,818992,5.0,2016-07-31,Male,Headphones,Philips,2013,,0
3150,819002,4.0,2016-07-31,Male,Headphones,Philips,2013,,0
3461,819017,4.0,2016-07-31,Male,Headphones,Philips,2013,Male,2
5142,819479,3.0,2016-07-31,Female,Headphones,Jabra,2014,,0
5146,820200,5.0,2016-08-01,Female,Headphones,Jabra,2014,,0
5146,820323,4.0,2016-08-02,Female,Headphones,Jabra,2014,,0
3461,820341,3.0,2016-08-02,Male,Headphones,Philips,2013,,0
5146,820342,4.0,2016-08-02,Female,Headphones,Jabra,2014,,0
3461,821166,2.0,2016-08-03,Male,Headphones,Philips,2013,,0
4128,821363,1.0,2016-08-03,Female,Headphones,Jabra,2014,,0
5257,468549,4.0,2016-08-03,Male,Headphones,Philips,2015,,2
5142,821886,5.0,2016-08-04,Female,Headphones,Jabra,2014,,0
5142,821902,1.0,2016-08-04,Female,Headphones,Jabra,2014,,0
3150,822185,2.0,2016-08-04,Male,Headphones,Philips,2013,,0
3700,292751,4.0,2016-08-04,Male,Headphones,Philips,2014,,2
5146,822748,5.0,2016-08-05,Female,Headphones,Jabra,2014,,0
1728,823070,5.0,2016-08-05,Female&Male,Headphones,Jabra,2011,,0
4128,823531,5.0,2016-08-06,Female,Headphones,Jabra,2014,,0
3150,823569,4.0,2016-08-06,Male,Headphones,Philips,2013,Female,0
5142,824610,1.0,2016-08-08,Female,Headphones,Jabra,2014,,0
5257,824648,5.0,2016-08-08,Male,Headphones,Philips,2015,,0
3338,824865,4.0,2016-08-08,Male,Headphones,Jabra,2013,,0
3150,825169,5.0,2016-08-08,Male,Headphones,Philips,2013,,0
5142,825219,1.0,2016-08-09,Female,Headphones,Jabra,2014,,0
5257,825274,5.0,2016-08-09,Male,Headphones,Philips,2015,,0
5257,825275,5.0,2016-08-09,Male,Headphones,Philips,2015,,0
1762,825455,4.0,2016-08-09,Male,Headphones,Philips,2013,,0
3338,825536,4.0,2016-08-09,Male,Headphones,Jabra,2013,,0
5146,825765,1.0,2016-08-09,Female,Headphones,Jabra,2014,,0
5146,825766,5.0,2016-08-09,Female,Headphones,Jabra,2014,,0
2900,825969,5.0,2016-08-10,Female&Male,Headphones,Jabra,2013,,0
5146,826643,5.0,2016-08-10,Female,Headphones,Jabra,2014,,0
3150,827220,1.0,2016-08-11,Male,Headphones,Philips,2013,,0
5142,223075,3.0,2016-08-12,Female,Headphones,Jabra,2014,,2
5142,827547,1.0,2016-08-12,Female,Headphones,Jabra,2014,,0
5146,827572,5.0,2016-08-12,Female,Headphones,Jabra,2014,,0
5146,827573,3.0,2016-08-12,Female,Headphones,Jabra,2014,,0
7482,828100,5.0,2016-08-12,Male,Headphones,Jabra,2015,,0
5146,828336,5.0,2016-08-13,Female,Headphones,Jabra,2014,,0
5146,828340,2.0,2016-08-13,Female,Headphones,Jabra,2014,,0
8390,828347,3.0,2016-08-13,Female&Male,Headphones,Apple,2015,,0
4128,133605,5.0,2016-08-13,Female,Headphones,Jabra,2014,Male,2
5142,828776,5.0,2016-08-13,Female,Headphones,Jabra,2014,,0
5142,829128,1.0,2016-08-14,Female,Headphones,Jabra,2014,,0
5257,829265,5.0,2016-08-14,Male,Headphones,Philips,2015,,0
3461,599963,4.0,2016-08-14,Male,Headphones,Philips,2013,,2
3461,829464,5.0,2016-08-14,Male,Headphones,Philips,2013,,0
5142,829843,1.0,2016-08-15,Female,Headphones,Jabra,2014,,0
3150,829888,5.0,2016-08-15,Male,Headphones,Philips,2013,,0
3150,829899,5.0,2016-08-15,Male,Headphones,Philips,2013,,0
3338,829974,1.0,2016-08-15,Male,Headphones,Jabra,2013,,0
5146,830145,5.0,2016-08-15,Female,Headphones,Jabra,2014,,0
5146,830146,5.0,2016-08-15,Female,Headphones,Jabra,2014,,0
7047,830192,5.0,2016-08-15,Female&Male,Headphones,Philips,2015,,0
3461,826297,1.0,2016-08-15,Male,Headphones,Philips,2013,,2
5257,830664,5.0,2016-08-16,Male,Headphones,Philips,2015,,0
5257,830665,5.0,2016-08-16,Male,Headphones,Philips,2015,,0
5257,830673,5.0,2016-08-16,Male,Headphones,Philips,2015,,0
5146,830795,2.0,2016-08-16,Female,Headphones,Jabra,2014,,0
5146,708819,2.0,2016-08-17,Female,Headphones,Jabra,2014,,2
3150,831139,5.0,2016-08-17,Male,Headphones,Philips,2013,,0
5142,831154,4.0,2016-08-17,Female,Headphones,Jabra,2014,,0
3338,831286,4.0,2016-08-17,Male,Headphones,Jabra,2013,,0
7092,831554,2.0,2016-08-17,Male,Headphones,Philips,2015,,0
3150,831828,1.0,2016-08-18,Male,Headphones,Philips,2013,,0
3150,831829,4.0,2016-08-18,Male,Headphones,Philips,2013,,0
3338,832031,3.0,2016-08-18,Male,Headphones,Jabra,2013,,0
7482,832120,1.0,2016-08-18,Male,Headphones,Jabra,2015,,0
5146,832249,5.0,2016-08-18,Female,Headphones,Jabra,2014,,0
3461,107554,5.0,2016-08-19,Male,Headphones,Philips,2013,,2
7047,751150,2.0,2016-08-19,Female&Male,Headphones,Philips,2015,,2
5142,833093,1.0,2016-08-19,Female,Headphones,Jabra,2014,,0
5146,833146,5.0,2016-08-19,Female,Headphones,Jabra,2014,,0
5142,833734,4.0,2016-08-20,Female,Headphones,Jabra,2014,,0
5142,833745,1.0,2016-08-20,Female,Headphones,Jabra,2014,,0
7482,833756,1.0,2016-08-21,Male,Headphones,Jabra,2015,,0
4128,833800,5.0,2016-08-21,Female,Headphones,Jabra,2014,,0
5146,833808,1.0,2016-08-21,Female,Headphones,Jabra,2014,,0
7528,833809,4.0,2016-08-21,Female,Headphones,Philips,2015,,0
8739,833927,5.0,2016-08-21,Male,Headphones,Philips,2016,,0
1499,834006,3.0,2016-08-21,Male,Headphones,Philips,2011,,0
5257,831049,5.0,2016-08-21,Male,Headphones,Philips,2015,,2
5142,834616,1.0,2016-08-22,Female,Headphones,Jabra,2014,,0
5142,834620,2.0,2016-08-22,Female,Headphones,Jabra,2014,,0
5142,834621,1.0,2016-08-22,Female,Headphones,Jabra,2014,,0
5146,834702,2.0,2016-08-22,Female,Headphones,Jabra,2014,,0
5257,834806,2.0,2016-08-22,Male,Headphones,Philips,2015,,0
5146,835333,4.0,2016-08-23,Female,Headphones,Jabra,2014,,0
5146,789371,1.0,2016-08-23,Female,Headphones,Jabra,2014,,2
5142,835606,1.0,2016-08-23,Female,Headphones,Jabra,2014,,0
5142,835612,1.0,2016-08-23,Female,Headphones,Jabra,2014,,0
7482,835651,5.0,2016-08-23,Male,Headphones,Jabra,2015,,0
5257,835700,4.0,2016-08-23,Male,Headphones,Philips,2015,,0
7528,835885,5.0,2016-08-23,Female,Headphones,Philips,2015,Female,0
5142,836085,1.0,2016-08-24,Female,Headphones,Jabra,2014,,0
5257,836433,5.0,2016-08-24,Male,Headphones,Philips,2015,,0
3338,836547,5.0,2016-08-24,Male,Headphones,Jabra,2013,,0
3150,836602,4.0,2016-08-24,Male,Headphones,Philips,2013,,0
3150,836617,3.0,2016-08-24,Male,Headphones,Philips,2013,,0
5146,836726,5.0,2016-08-24,Female,Headphones,Jabra,2014,Female,0
5146,837282,5.0,2016-08-25,Female,Headphones,Jabra,2014,,0
4128,837361,4.0,2016-08-25,Female,Headphones,Jabra,2014,Male,0
5142,837431,2.0,2016-08-25,Female,Headphones,Jabra,2014,,2
5142,837916,1.0,2016-08-26,Female,Headphones,Jabra,2014,,0
5142,837919,1.0,2016-08-26,Female,Headphones,Jabra,2014,,0
5257,838038,5.0,2016-08-26,Male,Headphones,Philips,2015,,0
5257,838039,5.0,2016-08-26,Male,Headphones,Philips,2015,,0
5257,838040,5.0,2016-08-26,Male,Headphones,Philips,2015,,0
3338,838383,1.0,2016-08-27,Male,Headphones,Jabra,2013,,0
5146,838825,2.0,2016-08-28,Female,Headphones,Jabra,2014,,0
5146,838835,5.0,2016-08-28,Female,Headphones,Jabra,2014,,0
5146,838853,5.0,2016-08-28,Female,Headphones,Jabra,2014,,0
5257,838867,5.0,2016-08-28,Male,Headphones,Philips,2015,,0
5146,838881,4.0,2016-08-28,Female,Headphones,Jabra,2014,Female,0
7092,839096,4.0,2016-08-28,Male,Headphones,Philips,2015,Female,0
7092,839097,4.0,2016-08-28,Male,Headphones,Philips,2015,,0
5257,839631,4.0,2016-08-29,Male,Headphones,Philips,2015,Male,0
7047,839866,1.0,2016-08-29,Female&Male,Headphones,Philips,2015,Female,0
6015,840203,1.0,2016-08-29,Female,Headphones,Jabra,2015,,0
3338,840457,5.0,2016-08-30,Male,Headphones,Jabra,2013,Male,0
5142,840523,1.0,2016-08-30,Female,Headphones,Jabra,2014,,0
5257,237029,5.0,2016-08-30,Male,Headphones,Philips,2015,,1
7092,840802,5.0,2016-08-30,Male,Headphones,Philips,2015,,0
3150,840837,5.0,2016-08-30,Male,Headphones,Philips,2013,Female,0
5146,484375,4.0,2016-08-30,Female,Headphones,Jabra,2014,,2
5146,840841,5.0,2016-08-30,Female,Headphones,Jabra,2014,,0
8410,840873,5.0,2016-08-30,Female&Male,Headphones,Philips,2017,,0
7528,841337,1.0,2016-08-31,Female,Headphones,Philips,2015,,0
5257,841346,5.0,2016-08-31,Male,Headphones,Philips,2015,,0
5146,841873,4.0,2016-09-01,Female,Headphones,Jabra,2014,,0
7482,842019,1.0,2016-09-01,Male,Headphones,Jabra,2015,,0
3067,842396,5.0,2016-09-02,Female,Headphones,Philips,2016,,0
5146,602889,5.0,2016-09-02,Female,Headphones,Jabra,2014,,1
5146,842821,5.0,2016-09-02,Female,Headphones,Jabra,2014,Female,0
5257,718010,4.0,2016-09-02,Male,Headphones,Philips,2015,Male,1
5257,842927,5.0,2016-09-02,Male,Headphones,Philips,2015,,0
7047,843020,3.0,2016-09-02,Female&Male,Headphones,Philips,2015,,0
3461,322517,5.0,2016-09-02,Male,Headphones,Philips,2013,,2
3150,843046,5.0,2016-09-02,Male,Headphones,Philips,2013,,0
7528,843066,1.0,2016-09-03,Female,Headphones,Philips,2015,,0
3338,843330,2.0,2016-09-03,Male,Headphones,Jabra,2013,,0
5146,843488,5.0,2016-09-03,Female,Headphones,Jabra,2014,,0
5142,843572,1.0,2016-09-03,Female,Headphones,Jabra,2014,,0
5146,843969,4.0,2016-09-04,Female,Headphones,Jabra,2014,,0
7528,844119,5.0,2016-09-04,Female,Headphones,Philips,2015,,0
3150,844369,1.0,2016-09-05,Male,Headphones,Philips,2013,,0
5142,844495,2.0,2016-09-05,Female,Headphones,Jabra,2014,,0
5146,264399,5.0,2016-09-05,Female,Headphones,Jabra,2014,,2
3150,845425,4.0,2016-09-06,Male,Headphones,Philips,2013,Female,0
5146,845579,5.0,2016-09-07,Female,Headphones,Jabra,2014,,0
5142,846052,2.0,2016-09-07,Female,Headphones,Jabra,2014,,0
7528,846236,4.0,2016-09-07,Female,Headphones,Philips,2015,,0
3338,846237,1.0,2016-09-07,Male,Headphones,Jabra,2013,,0
5142,846740,1.0,2016-09-08,Female,Headphones,Jabra,2014,,0
7528,846816,1.0,2016-09-08,Female,Headphones,Philips,2015,,0
3338,846877,3.0,2016-09-08,Male,Headphones,Jabra,2013,,0
5257,847140,5.0,2016-09-09,Male,Headphones,Philips,2015,,0
5146,847482,1.0,2016-09-09,Female,Headphones,Jabra,2014,,0
5257,848029,5.0,2016-09-10,Male,Headphones,Philips,2015,,0
3820,848185,3.0,2016-09-10,Male,Headphones,Philips,2014,,0
5146,848567,5.0,2016-09-11,Female,Headphones,Jabra,2014,,0
5257,848605,5.0,2016-09-11,Male,Headphones,Philips,2015,,0
7482,848690,1.0,2016-09-11,Male,Headphones,Jabra,2015,,0
3338,848757,4.0,2016-09-11,Male,Headphones,Jabra,2013,,0
3150,848799,1.0,2016-09-11,Male,Headphones,Philips,2013,,0
5257,848905,1.0,2016-09-12,Male,Headphones,Philips,2015,,0
7528,849527,5.0,2016-09-12,Female,Headphones,Philips,2015,Female,0
1469,849707,1.0,2016-09-13,Male,Headphones,Philips,2011,,0
7482,849770,5.0,2016-09-13,Male,Headphones,Jabra,2015,,0
3150,850132,5.0,2016-09-13,Male,Headphones,Philips,2013,,0
3338,850168,2.0,2016-09-13,Male,Headphones,Jabra,2013,,0
7482,850808,5.0,2016-09-14,Male,Headphones,Jabra,2015,,0
3150,850993,5.0,2016-09-14,Male,Headphones,Philips,2013,,0
5257,851340,5.0,2016-09-15,Male,Headphones,Philips,2015,,0
5257,796506,5.0,2016-09-15,Male,Headphones,Philips,2015,,2
5146,851544,4.0,2016-09-15,Female,Headphones,Jabra,2014,,0
5146,851670,3.0,2016-09-16,Female,Headphones,Jabra,2014,,0
5146,851784,5.0,2016-09-16,Female,Headphones,Jabra,2014,,0
5142,851814,3.0,2016-09-16,Female,Headphones,Jabra,2014,,0
5257,852473,5.0,2016-09-17,Male,Headphones,Philips,2015,,0
5146,852524,4.0,2016-09-17,Female,Headphones,Jabra,2014,,0
1762,852553,5.0,2016-09-17,Male,Headphones,Philips,2013,,0
5142,852663,1.0,2016-09-17,Female,Headphones,Jabra,2014,,0
3338,852907,1.0,2016-09-18,Male,Headphones,Jabra,2013,,0
5142,853187,5.0,2016-09-18,Female,Headphones,Jabra,2014,,0
5146,853227,4.0,2016-09-18,Female,Headphones,Jabra,2014,,0
5146,853228,1.0,2016-09-18,Female,Headphones,Jabra,2014,Female,0
5146,853264,4.0,2016-09-19,Female,Headphones,Jabra,2014,,0
7482,124402,1.0,2016-09-19,Male,Headphones,Jabra,2015,,2
7528,854024,4.0,2016-09-19,Female,Headphones,Philips,2015,,0
3338,854109,5.0,2016-09-20,Male,Headphones,Jabra,2013,,0
3338,854133,4.0,2016-09-20,Male,Headphones,Jabra,2013,,0
5146,854554,4.0,2016-09-20,Female,Headphones,Jabra,2014,,0
5146,854555,2.0,2016-09-20,Female,Headphones,Jabra,2014,,0
5257,854659,4.0,2016-09-20,Male,Headphones,Philips,2015,,0
7047,854731,3.0,2016-09-20,Female&Male,Headphones,Philips,2015,,0
4128,854825,4.0,2016-09-20,Female,Headphones,Jabra,2014,Male,0
5146,855273,4.0,2016-09-21,Female,Headphones,Jabra,2014,,0
5257,855442,5.0,2016-09-21,Male,Headphones,Philips,2015,,0
7528,855460,5.0,2016-09-21,Female,Headphones,Philips,2015,,0
5142,855662,5.0,2016-09-22,Female,Headphones,Jabra,2014,,0
5257,855674,5.0,2016-09-22,Male,Headphones,Philips,2015,,0
5257,153426,1.0,2016-09-22,Male,Headphones,Philips,2015,,2
5257,855675,5.0,2016-09-22,Male,Headphones,Philips,2015,,0
5146,856082,5.0,2016-09-22,Female,Headphones,Jabra,2014,,0
7528,856434,5.0,2016-09-23,Female,Headphones,Philips,2015,,0
5142,856533,1.0,2016-09-23,Female,Headphones,Jabra,2014,,0
5146,856641,1.0,2016-09-23,Female,Headphones,Jabra,2014,,0
5257,660752,5.0,2016-09-23,Male,Headphones,Philips,2015,,1
5257,856810,5.0,2016-09-23,Male,Headphones,Philips,2015,,2
7482,856951,1.0,2016-09-24,Male,Headphones,Jabra,2015,,0
5257,857006,5.0,2016-09-24,Male,Headphones,Philips,2015,,0
5146,857196,5.0,2016-09-24,Female,Headphones,Jabra,2014,,0
5257,857940,3.0,2016-09-25,Male,Headphones,Philips,2015,,0
5257,857957,2.0,2016-09-25,Male,Headphones,Philips,2015,,0
5146,858231,5.0,2016-09-26,Female,Headphones,Jabra,2014,,0
3150,802404,5.0,2016-09-26,Male,Headphones,Philips,2013,,2
5142,858723,1.0,2016-09-26,Female,Headphones,Jabra,2014,,0
3461,858881,5.0,2016-09-27,Male,Headphones,Philips,2013,,0
5257,859190,4.0,2016-09-27,Male,Headphones,Philips,2015,,0
3461,859574,5.0,2016-09-28,Male,Headphones,Philips,2013,,0
1762,859945,4.0,2016-09-28,Male,Headphones,Philips,2013,,0
5146,860155,4.0,2016-09-29,Female,Headphones,Jabra,2014,,0
5146,860169,5.0,2016-09-29,Female,Headphones,Jabra,2014,,0
3150,860267,5.0,2016-09-29,Male,Headphones,Philips,2013,Female,0
5257,860474,4.0,2016-09-29,Male,Headphones,Philips,2015,,0
5142,860513,1.0,2016-09-29,Female,Headphones,Jabra,2014,,0
5142,860514,5.0,2016-09-29,Female,Headphones,Jabra,2014,,0
3338,134898,5.0,2016-09-30,Male,Headphones,Jabra,2013,Male,0
1762,860950,5.0,2016-09-30,Male,Headphones,Philips,2013,,0
5257,861110,5.0,2016-09-30,Male,Headphones,Philips,2015,,0
5142,861435,4.0,2016-10-01,Female,Headphones,Jabra,2014,Male,0
5257,861850,5.0,2016-10-01,Male,Headphones,Philips,2015,,0
3150,862077,1.0,2016-10-02,Male,Headphones,Philips,2013,,0
5146,862238,4.0,2016-10-02,Female,Headphones,Jabra,2014,,0
5142,862376,5.0,2016-10-02,Female,Headphones,Jabra,2014,,0
5146,862488,5.0,2016-10-03,Female,Headphones,Jabra,2014,,0
5146,862490,2.0,2016-10-03,Female,Headphones,Jabra,2014,,0
7528,862815,5.0,2016-10-03,Female,Headphones,Philips,2015,,0
3338,862994,4.0,2016-10-03,Male,Headphones,Jabra,2013,,0
5146,863282,5.0,2016-10-04,Female,Headphones,Jabra,2014,,0
3150,863598,1.0,2016-10-04,Male,Headphones,Philips,2013,,0
4128,864147,2.0,2016-10-05,Female,Headphones,Jabra,2014,,0
5146,864152,3.0,2016-10-05,Female,Headphones,Jabra,2014,,0
8739,621595,3.0,2016-10-05,Male,Headphones,Philips,2016,Male,2
3338,864286,2.0,2016-10-06,Male,Headphones,Jabra,2013,,0
5257,47103,5.0,2016-10-06,Male,Headphones,Philips,2015,,2
5146,865060,5.0,2016-10-07,Female,Headphones,Jabra,2014,,0
3150,387127,2.0,2016-10-07,Male,Headphones,Philips,2013,,2
5146,865517,2.0,2016-10-08,Female,Headphones,Jabra,2014,,0
7528,610035,5.0,2016-10-08,Female,Headphones,Philips,2015,Female,2
5257,865695,5.0,2016-10-08,Male,Headphones,Philips,2015,,0
7213,865897,5.0,2016-10-08,Female&Male,Headphones,Philips,2015,,0
3150,866407,5.0,2016-10-10,Male,Headphones,Philips,2013,,0
7092,866448,1.0,2016-10-10,Male,Headphones,Philips,2015,,0
7526,866799,4.0,2016-10-10,Male,Headphones,Philips,2015,,0
5146,867019,4.0,2016-10-10,Female,Headphones,Jabra,2014,,0
5257,866419,3.0,2016-10-10,Male,Headphones,Philips,2015,,2
5257,359271,4.0,2016-10-10,Male,Headphones,Philips,2015,,2
3150,867138,1.0,2016-10-11,Male,Headphones,Philips,2013,,0
5142,867507,1.0,2016-10-11,Female,Headphones,Jabra,2014,,0
5257,604680,5.0,2016-10-12,Male,Headphones,Philips,2015,,2
5257,867943,5.0,2016-10-12,Male,Headphones,Philips,2015,,0
5257,867944,5.0,2016-10-12,Male,Headphones,Philips,2015,,0
7528,868090,5.0,2016-10-12,Female,Headphones,Philips,2015,Female,0
5142,868456,1.0,2016-10-13,Female,Headphones,Jabra,2014,Male,0
9106,869204,4.0,2016-10-14,Male,Headphones,Jabra,2017,,0
5146,869296,4.0,2016-10-14,Female,Headphones,Jabra,2014,,0
8739,869479,3.0,2016-10-15,Male,Headphones,Philips,2016,,0
5146,869489,4.0,2016-10-15,Female,Headphones,Jabra,2014,,0
5257,869626,5.0,2016-10-15,Male,Headphones,Philips,2015,,0
7047,57893,5.0,2016-10-16,Female&Male,Headphones,Philips,2015,Male,2
3338,870153,4.0,2016-10-16,Male,Headphones,Jabra,2013,,0
7528,870221,5.0,2016-10-16,Female,Headphones,Philips,2015,,0
5146,870373,1.0,2016-10-16,Female,Headphones,Jabra,2014,,0
3439,856505,4.0,2016-10-17,Male,Headphones,Philips,2014,,2
7482,871083,1.0,2016-10-17,Male,Headphones,Jabra,2015,,0
5257,871669,5.0,2016-10-18,Male,Headphones,Philips,2015,,0
5257,871670,5.0,2016-10-18,Male,Headphones,Philips,2015,,0
5257,777189,5.0,2016-10-18,Male,Headphones,Philips,2015,,2
5146,871708,2.0,2016-10-18,Female,Headphones,Jabra,2014,,0
5146,871734,4.0,2016-10-18,Female,Headphones,Jabra,2014,,0
3150,871771,2.0,2016-10-18,Male,Headphones,Philips,2013,,0
4128,871791,5.0,2016-10-18,Female,Headphones,Jabra,2014,,0
5146,871841,1.0,2016-10-19,Female,Headphones,Jabra,2014,,0
5257,36519,5.0,2016-10-19,Male,Headphones,Philips,2015,,2
5257,872034,5.0,2016-10-19,Male,Headphones,Philips,2015,Male,0
3338,872132,4.0,2016-10-19,Male,Headphones,Jabra,2013,,0
7528,354064,2.0,2016-10-19,Female,Headphones,Philips,2015,,2
7528,872270,4.0,2016-10-19,Female,Headphones,Philips,2015,,0
5142,872453,1.0,2016-10-20,Female,Headphones,Jabra,2014,,0
1466,872527,5.0,2016-10-20,Male,Headphones,Philips,2010,,0
5257,872735,5.0,2016-10-20,Male,Headphones,Philips,2015,,0
5257,872531,5.0,2016-10-20,Male,Headphones,Philips,2015,,2
5146,872955,5.0,2016-10-20,Female,Headphones,Jabra,2014,,0
5146,872961,4.0,2016-10-20,Female,Headphones,Jabra,2014,,0
5257,873078,5.0,2016-10-21,Male,Headphones,Philips,2015,Male,0
2900,873154,5.0,2016-10-21,Female&Male,Headphones,Jabra,2013,,0
7047,873297,4.0,2016-10-21,Female&Male,Headphones,Philips,2015,,0
5257,873681,5.0,2016-10-22,Male,Headphones,Philips,2015,,0
5257,873683,5.0,2016-10-22,Male,Headphones,Philips,2015,,0
3338,873801,2.0,2016-10-22,Male,Headphones,Jabra,2013,,0
3150,408199,5.0,2016-10-23,Male,Headphones,Philips,2013,,2
5146,874085,4.0,2016-10-23,Female,Headphones,Jabra,2014,,0
7213,874327,5.0,2016-10-24,Female&Male,Headphones,Philips,2015,,0
7528,874482,4.0,2016-10-24,Female,Headphones,Philips,2015,Female,0
8410,135331,5.0,2016-10-24,Female&Male,Headphones,Philips,2017,,1
5257,874775,4.0,2016-10-24,Male,Headphones,Philips,2015,,0
5257,874816,5.0,2016-10-24,Male,Headphones,Philips,2015,,0
5146,875108,5.0,2016-10-25,Female,Headphones,Jabra,2014,,0
7482,875784,4.0,2016-10-26,Male,Headphones,Jabra,2015,,0
5142,875960,1.0,2016-10-26,Female,Headphones,Jabra,2014,,0
5146,876178,5.0,2016-10-26,Female,Headphones,Jabra,2014,,0
5146,875717,5.0,2016-10-26,Female,Headphones,Jabra,2014,,2
5146,876211,4.0,2016-10-26,Female,Headphones,Jabra,2014,,0
5142,497933,4.0,2016-10-28,Female,Headphones,Jabra,2014,,2
5146,876999,1.0,2016-10-28,Female,Headphones,Jabra,2014,,0
1469,877026,5.0,2016-10-28,Male,Headphones,Philips,2011,Male,0
5146,877085,5.0,2016-10-28,Female,Headphones,Jabra,2014,Male,0
3150,87910,2.0,2016-10-28,Male,Headphones,Philips,2013,,2
3461,877129,4.0,2016-10-28,Male,Headphones,Philips,2013,,0
5257,877156,5.0,2016-10-28,Male,Headphones,Philips,2015,,0
7213,877504,1.0,2016-10-29,Female&Male,Headphones,Philips,2015,Female,0
236,877528,5.0,2016-10-29,Male,Headphones,Philips,2005,,0
5146,877845,5.0,2016-10-30,Female,Headphones,Jabra,2014,,0
6015,878368,3.0,2016-10-31,Female,Headphones,Jabra,2015,Male,0
5257,878449,5.0,2016-10-31,Male,Headphones,Philips,2015,,0
5146,878516,5.0,2016-10-31,Female,Headphones,Jabra,2014,,0
1469,878673,4.0,2016-10-31,Male,Headphones,Philips,2011,,0
7528,878819,4.0,2016-11-01,Female,Headphones,Philips,2015,,0
3150,879169,4.0,2016-11-01,Male,Headphones,Philips,2013,,2
5257,879195,5.0,2016-11-01,Male,Headphones,Philips,2015,,0
5257,879196,4.0,2016-11-01,Male,Headphones,Philips,2015,,0
5257,879246,5.0,2016-11-01,Male,Headphones,Philips,2015,,0
3338,879336,3.0,2016-11-01,Male,Headphones,Jabra,2013,,0
5146,879357,4.0,2016-11-01,Female,Headphones,Jabra,2014,,0
7482,879503,1.0,2016-11-02,Male,Headphones,Jabra,2015,,0
3150,879695,5.0,2016-11-02,Male,Headphones,Philips,2013,,0
5146,879873,1.0,2016-11-02,Female,Headphones,Jabra,2014,,0
5146,520986,3.0,2016-11-02,Female,Headphones,Jabra,2014,Male,2
5146,880011,3.0,2016-11-02,Female,Headphones,Jabra,2014,,0
8739,880016,1.0,2016-11-02,Male,Headphones,Philips,2016,,0
5142,880148,1.0,2016-11-03,Female,Headphones,Jabra,2014,,0
5146,880388,5.0,2016-11-03,Female,Headphones,Jabra,2014,,0
5146,588758,2.0,2016-11-03,Female,Headphones,Jabra,2014,,2
5146,305834,2.0,2016-11-03,Female,Headphones,Jabra,2014,,2
4128,880423,4.0,2016-11-03,Female,Headphones,Jabra,2014,,0
5146,880461,5.0,2016-11-03,Female,Headphones,Jabra,2014,,0
3150,880690,5.0,2016-11-04,Male,Headphones,Philips,2013,,0
5142,880832,1.0,2016-11-04,Female,Headphones,Jabra,2014,,0
4128,880928,5.0,2016-11-04,Female,Headphones,Jabra,2014,,0
5146,880964,1.0,2016-11-04,Female,Headphones,Jabra,2014,,0
8410,881122,5.0,2016-11-05,Female&Male,Headphones,Philips,2017,Male,0
5146,881228,4.0,2016-11-05,Female,Headphones,Jabra,2014,,0
4128,881341,5.0,2016-11-05,Female,Headphones,Jabra,2014,Female,0
5257,881396,5.0,2016-11-05,Male,Headphones,Philips,2015,,0
3150,881576,4.0,2016-11-06,Male,Headphones,Philips,2013,,0
1762,881615,5.0,2016-11-06,Male,Headphones,Philips,2013,,0
7092,881646,5.0,2016-11-06,Male,Headphones,Philips,2015,,0
5142,882159,4.0,2016-11-07,Female,Headphones,Jabra,2014,Male,0
5257,882187,5.0,2016-11-07,Male,Headphones,Philips,2015,,0
5257,882188,4.0,2016-11-07,Male,Headphones,Philips,2015,Male,0
5146,882264,5.0,2016-11-07,Female,Headphones,Jabra,2014,,0
7482,882590,5.0,2016-11-07,Male,Headphones,Jabra,2015,,0
7482,882747,4.0,2016-11-08,Male,Headphones,Jabra,2015,,0
7526,882774,1.0,2016-11-08,Male,Headphones,Philips,2015,,0
5257,883087,5.0,2016-11-08,Male,Headphones,Philips,2015,,0
5146,883270,3.0,2016-11-09,Female,Headphones,Jabra,2014,,0
5146,883271,4.0,2016-11-09,Female,Headphones,Jabra,2014,,0
5257,21735,4.0,2016-11-09,Male,Headphones,Philips,2015,,2
5257,883784,5.0,2016-11-10,Male,Headphones,Philips,2015,,0
5146,883820,4.0,2016-11-10,Female,Headphones,Jabra,2014,,0
3461,884079,3.0,2016-11-10,Male,Headphones,Philips,2013,,0
5142,884248,2.0,2016-11-10,Female,Headphones,Jabra,2014,Male,0
5146,884865,2.0,2016-11-12,Female,Headphones,Jabra,2014,,0
1728,752095,5.0,2016-11-12,Female&Male,Headphones,Jabra,2011,Male,1
7482,885399,1.0,2016-11-13,Male,Headphones,Jabra,2015,,0
2900,885401,5.0,2016-11-13,Female&Male,Headphones,Jabra,2013,,0
3150,885723,5.0,2016-11-14,Male,Headphones,Philips,2013,,0
7528,885904,5.0,2016-11-14,Female,Headphones,Philips,2015,Female,0
7092,885965,1.0,2016-11-14,Male,Headphones,Philips,2015,,0
5257,886248,4.0,2016-11-14,Male,Headphones,Philips,2015,,0
5146,886295,5.0,2016-11-14,Female,Headphones,Jabra,2014,,0
5257,256073,5.0,2016-11-15,Male,Headphones,Philips,2015,,2
5257,455779,5.0,2016-11-15,Male,Headphones,Philips,2015,,2
7482,886428,2.0,2016-11-15,Male,Headphones,Jabra,2015,,0
7482,886429,1.0,2016-11-15,Male,Headphones,Jabra,2015,,0
3150,886713,3.0,2016-11-15,Male,Headphones,Philips,2013,,0
5146,280435,1.0,2016-11-15,Female,Headphones,Jabra,2014,,2
5146,886988,3.0,2016-11-16,Female,Headphones,Jabra,2014,,0
1762,887877,1.0,2016-11-17,Male,Headphones,Philips,2013,,0
5142,887878,1.0,2016-11-17,Female,Headphones,Jabra,2014,,0
5257,887980,5.0,2016-11-17,Male,Headphones,Philips,2015,,0
5146,352611,1.0,2016-11-17,Female,Headphones,Jabra,2014,,2
3150,504585,5.0,2016-11-18,Male,Headphones,Philips,2013,Male,1
3150,888112,2.0,2016-11-18,Male,Headphones,Philips,2013,,0
5142,888147,1.0,2016-11-18,Female,Headphones,Jabra,2014,,0
5142,888939,1.0,2016-11-19,Female,Headphones,Jabra,2014,,0
5142,888941,1.0,2016-11-19,Female,Headphones,Jabra,2014,,0
5257,889155,5.0,2016-11-20,Male,Headphones,Philips,2015,,0
5146,889303,3.0,2016-11-20,Female,Headphones,Jabra,2014,,0
5146,889322,3.0,2016-11-20,Female,Headphones,Jabra,2014,,0
3150,889442,5.0,2016-11-20,Male,Headphones,Philips,2013,,0
5142,889456,1.0,2016-11-21,Female,Headphones,Jabra,2014,,0
5142,889465,1.0,2016-11-21,Female,Headphones,Jabra,2014,,0
7213,889485,2.0,2016-11-21,Female&Male,Headphones,Philips,2015,,0
5142,889486,4.0,2016-11-21,Female,Headphones,Jabra,2014,,0
5146,889499,5.0,2016-11-21,Female,Headphones,Jabra,2014,,0
4128,889814,5.0,2016-11-21,Female,Headphones,Jabra,2014,,0
5257,889898,5.0,2016-11-21,Male,Headphones,Philips,2015,,0
5257,889899,5.0,2016-11-21,Male,Headphones,Philips,2015,,0
5146,890156,5.0,2016-11-22,Female,Headphones,Jabra,2014,,0
5146,890157,5.0,2016-11-22,Female,Headphones,Jabra,2014,,0
5146,396016,5.0,2016-11-22,Female,Headphones,Jabra,2014,,2
5257,890440,5.0,2016-11-22,Male,Headphones,Philips,2015,,0
5257,890444,5.0,2016-11-22,Male,Headphones,Philips,2015,,0
5257,890505,3.0,2016-11-22,Male,Headphones,Philips,2015,,0
5146,890719,3.0,2016-11-23,Female,Headphones,Jabra,2014,,0
5146,890720,2.0,2016-11-23,Female,Headphones,Jabra,2014,,0
3150,890785,1.0,2016-11-23,Male,Headphones,Philips,2013,,0
5257,891211,5.0,2016-11-24,Male,Headphones,Philips,2015,,0
7482,891244,1.0,2016-11-24,Male,Headphones,Jabra,2015,,0
5485,891343,3.0,2016-11-24,Male,Headphones,Jabra,2015,,0
5146,891814,5.0,2016-11-25,Female,Headphones,Jabra,2014,,0
3150,891990,5.0,2016-11-26,Male,Headphones,Philips,2013,,0
3606,892062,5.0,2016-11-26,Male,Headphones,Philips,2014,,0
7528,892071,5.0,2016-11-26,Female,Headphones,Philips,2015,,0
5146,892207,5.0,2016-11-26,Female,Headphones,Jabra,2014,,0
7482,892493,1.0,2016-11-27,Male,Headphones,Jabra,2015,,0
5146,892545,5.0,2016-11-27,Female,Headphones,Jabra,2014,,0
5257,892591,5.0,2016-11-27,Male,Headphones,Philips,2015,,0
7482,893172,1.0,2016-11-28,Male,Headphones,Jabra,2015,,0
3150,893215,5.0,2016-11-28,Male,Headphones,Philips,2013,,0
5146,893036,5.0,2016-11-28,Female,Headphones,Jabra,2014,Male,2
5257,37083,5.0,2016-11-28,Male,Headphones,Philips,2015,,2
7528,893484,5.0,2016-11-28,Female,Headphones,Philips,2015,Male,0
2900,893496,4.0,2016-11-28,Female&Male,Headphones,Jabra,2013,,0
5257,893571,5.0,2016-11-29,Male,Headphones,Philips,2015,Female,0
7482,893793,5.0,2016-11-29,Male,Headphones,Jabra,2015,,0
5146,893824,4.0,2016-11-29,Female,Headphones,Jabra,2014,,0
5146,893839,5.0,2016-11-29,Female,Headphones,Jabra,2014,,0
3150,893891,5.0,2016-11-29,Male,Headphones,Philips,2013,,0
3150,894203,5.0,2016-11-30,Male,Headphones,Philips,2013,,0
5146,894680,4.0,2016-11-30,Female,Headphones,Jabra,2014,,0
5257,629671,5.0,2016-12-01,Male,Headphones,Philips,2015,,2
7092,895151,1.0,2016-12-01,Male,Headphones,Philips,2015,,0
7526,895163,5.0,2016-12-01,Male,Headphones,Philips,2015,,0
7528,895230,5.0,2016-12-01,Female,Headphones,Philips,2015,,0
4128,895505,5.0,2016-12-02,Female,Headphones,Jabra,2014,,0
5142,895613,1.0,2016-12-02,Female,Headphones,Jabra,2014,,0
3150,895752,2.0,2016-12-02,Male,Headphones,Philips,2013,,0
5146,895812,2.0,2016-12-02,Female,Headphones,Jabra,2014,,0
8739,895887,2.0,2016-12-02,Male,Headphones,Philips,2016,,0
3338,895960,1.0,2016-12-02,Male,Headphones,Jabra,2013,,0
2921,273954,3.0,2016-12-02,Male,Headphones,Jabra,2013,,2
5257,896201,3.0,2016-12-02,Male,Headphones,Philips,2015,,0
7482,896377,3.0,2016-12-03,Male,Headphones,Jabra,2015,,0
5146,896539,5.0,2016-12-03,Female,Headphones,Jabra,2014,,0
5257,896927,5.0,2016-12-04,Male,Headphones,Philips,2015,,0
7528,897664,2.0,2016-12-05,Female,Headphones,Philips,2015,,0
5146,897791,4.0,2016-12-05,Female,Headphones,Jabra,2014,,0
5146,897803,5.0,2016-12-05,Female,Headphones,Jabra,2014,,0
5146,897804,4.0,2016-12-05,Female,Headphones,Jabra,2014,,0
5257,898006,5.0,2016-12-05,Male,Headphones,Philips,2015,,0
8739,310257,5.0,2016-12-05,Male,Headphones,Philips,2016,Male,2
3150,898441,1.0,2016-12-06,Male,Headphones,Philips,2013,,0
7526,899126,5.0,2016-12-07,Male,Headphones,Philips,2015,Male,0
7482,899178,3.0,2016-12-07,Male,Headphones,Jabra,2015,,0
5257,899204,5.0,2016-12-07,Male,Headphones,Philips,2015,,0
5257,899206,5.0,2016-12-07,Male,Headphones,Philips,2015,,0
5146,899462,2.0,2016-12-07,Female,Headphones,Jabra,2014,,0
5146,899470,5.0,2016-12-07,Female,Headphones,Jabra,2014,,0
5146,899482,3.0,2016-12-07,Female,Headphones,Jabra,2014,,0
9106,899728,5.0,2016-12-08,Male,Headphones,Jabra,2017,,0
5257,899746,5.0,2016-12-08,Male,Headphones,Philips,2015,,0
5257,899748,5.0,2016-12-08,Male,Headphones,Philips,2015,,0
5257,899760,4.0,2016-12-08,Male,Headphones,Philips,2015,,0
5146,899826,5.0,2016-12-08,Female,Headphones,Jabra,2014,,0
5142,899974,1.0,2016-12-08,Female,Headphones,Jabra,2014,,0
3150,900400,2.0,2016-12-08,Male,Headphones,Philips,2013,,0
5142,900821,2.0,2016-12-09,Female,Headphones,Jabra,2014,,0
5146,900954,5.0,2016-12-09,Female,Headphones,Jabra,2014,,0
5146,900955,5.0,2016-12-09,Female,Headphones,Jabra,2014,,0
5146,900960,5.0,2016-12-09,Female,Headphones,Jabra,2014,,0
5146,900961,5.0,2016-12-09,Female,Headphones,Jabra,2014,,0
3439,901079,1.0,2016-12-09,Male,Headphones,Philips,2014,,0
7047,901121,4.0,2016-12-09,Female&Male,Headphones,Philips,2015,,0
8739,901175,3.0,2016-12-10,Male,Headphones,Philips,2016,,0
5146,901182,3.0,2016-12-10,Female,Headphones,Jabra,2014,,0
5146,901184,3.0,2016-12-10,Female,Headphones,Jabra,2014,,0
3338,901581,1.0,2016-12-10,Male,Headphones,Jabra,2013,,0
5257,902181,5.0,2016-12-11,Male,Headphones,Philips,2015,,0
5257,902185,5.0,2016-12-11,Male,Headphones,Philips,2015,,0
5146,902313,5.0,2016-12-11,Female,Headphones,Jabra,2014,,0
5146,902363,5.0,2016-12-11,Female,Headphones,Jabra,2014,,0
5146,902235,3.0,2016-12-11,Female,Headphones,Jabra,2014,Male,2
4128,902480,5.0,2016-12-12,Female,Headphones,Jabra,2014,Female,0
5257,902499,5.0,2016-12-12,Male,Headphones,Philips,2015,,0
4128,902534,5.0,2016-12-12,Female,Headphones,Jabra,2014,,0
5146,902925,5.0,2016-12-12,Female,Headphones,Jabra,2014,,0
6015,903083,1.0,2016-12-12,Female,Headphones,Jabra,2015,,0
5142,903101,5.0,2016-12-12,Female,Headphones,Jabra,2014,,0
1728,903164,5.0,2016-12-12,Female&Male,Headphones,Jabra,2011,,0
5146,903552,5.0,2016-12-13,Female,Headphones,Jabra,2014,,0
5146,903590,5.0,2016-12-13,Female,Headphones,Jabra,2014,,0
5146,903591,4.0,2016-12-13,Female,Headphones,Jabra,2014,,0
1758,903753,3.0,2016-12-13,Male,Headphones,Jabra,2011,,0
5257,793679,5.0,2016-12-14,Male,Headphones,Philips,2015,Male,2
5257,191149,5.0,2016-12-14,Male,Headphones,Philips,2015,,2
7482,904186,1.0,2016-12-14,Male,Headphones,Jabra,2015,,0
5146,286019,4.0,2016-12-14,Female,Headphones,Jabra,2014,,2
5146,904281,5.0,2016-12-14,Female,Headphones,Jabra,2014,,0
4128,904395,5.0,2016-12-14,Female,Headphones,Jabra,2014,Male,0
5146,796247,2.0,2016-12-15,Female,Headphones,Jabra,2014,Male,2
5146,904915,3.0,2016-12-15,Female,Headphones,Jabra,2014,,0
5142,905158,3.0,2016-12-15,Female,Headphones,Jabra,2014,,0
1466,905572,2.0,2016-12-16,Male,Headphones,Philips,2010,,0
3461,905608,5.0,2016-12-16,Male,Headphones,Philips,2013,,0
3150,905765,5.0,2016-12-16,Male,Headphones,Philips,2013,,0
3439,905777,3.0,2016-12-16,Male,Headphones,Philips,2014,,0
5146,905814,5.0,2016-12-17,Female,Headphones,Jabra,2014,,0
5146,905851,5.0,2016-12-17,Female,Headphones,Jabra,2014,,0
5146,905869,2.0,2016-12-17,Female,Headphones,Jabra,2014,,0
5257,91312,5.0,2016-12-17,Male,Headphones,Philips,2015,,2
7213,750143,5.0,2016-12-18,Female&Male,Headphones,Philips,2015,,2
5146,906475,1.0,2016-12-18,Female,Headphones,Jabra,2014,,0
5257,906498,5.0,2016-12-18,Male,Headphones,Philips,2015,,0
5142,906790,5.0,2016-12-18,Female,Headphones,Jabra,2014,,0
5257,907185,5.0,2016-12-19,Male,Headphones,Philips,2015,,0
5146,907399,2.0,2016-12-19,Female,Headphones,Jabra,2014,,0
3338,907775,2.0,2016-12-20,Male,Headphones,Jabra,2013,,0
7526,907843,4.0,2016-12-20,Male,Headphones,Philips,2015,,0
5146,907974,4.0,2016-12-20,Female,Headphones,Jabra,2014,,0
5146,907979,3.0,2016-12-20,Female,Headphones,Jabra,2014,,0
5257,908103,5.0,2016-12-20,Male,Headphones,Philips,2015,,0
5257,908141,5.0,2016-12-20,Male,Headphones,Philips,2015,,0
7482,908342,3.0,2016-12-21,Male,Headphones,Jabra,2015,,0
5146,908354,5.0,2016-12-21,Female,Headphones,Jabra,2014,,0
5146,237607,5.0,2016-12-21,Female,Headphones,Jabra,2014,Male,2
3150,908770,5.0,2016-12-21,Male,Headphones,Philips,2013,Female,0
5257,525364,3.0,2016-12-21,Male,Headphones,Philips,2015,,2
5142,642144,1.0,2016-12-22,Female,Headphones,Jabra,2014,,2
4128,909732,1.0,2016-12-23,Female,Headphones,Jabra,2014,,0
5257,909920,5.0,2016-12-23,Male,Headphones,Philips,2015,,0
5146,910277,5.0,2016-12-24,Female,Headphones,Jabra,2014,,2
5146,910425,2.0,2016-12-24,Female,Headphones,Jabra,2014,,0
5146,910427,3.0,2016-12-24,Female,Headphones,Jabra,2014,,0
7526,863407,4.0,2016-12-25,Male,Headphones,Philips,2015,,2
5146,910850,4.0,2016-12-25,Female,Headphones,Jabra,2014,,0
5146,910851,5.0,2016-12-25,Female,Headphones,Jabra,2014,,0
5257,812385,5.0,2016-12-25,Male,Headphones,Philips,2015,,2
5257,911852,5.0,2016-12-26,Male,Headphones,Philips,2015,,0
5257,224436,5.0,2016-12-26,Male,Headphones,Philips,2015,Male,2
5146,804927,5.0,2016-12-26,Female,Headphones,Jabra,2014,,2
5146,911922,5.0,2016-12-26,Female,Headphones,Jabra,2014,Male,0
5146,848698,3.0,2016-12-26,Female,Headphones,Jabra,2014,,2
5146,912202,5.0,2016-12-27,Female,Headphones,Jabra,2014,,0
5142,912230,2.0,2016-12-27,Female,Headphones,Jabra,2014,,0
5257,913096,5.0,2016-12-27,Male,Headphones,Philips,2015,,0
5257,913304,5.0,2016-12-28,Male,Headphones,Philips,2015,,0
5142,913892,1.0,2016-12-28,Female,Headphones,Jabra,2014,,0
5146,647523,2.0,2016-12-28,Female,Headphones,Jabra,2014,,2
5146,914472,5.0,2016-12-29,Female,Headphones,Jabra,2014,,0
5257,914971,5.0,2016-12-29,Male,Headphones,Philips,2015,,0
4128,915037,1.0,2016-12-29,Female,Headphones,Jabra,2014,,0
3338,915284,2.0,2016-12-30,Male,Headphones,Jabra,2013,,0
5257,915438,5.0,2016-12-30,Male,Headphones,Philips,2015,,0
5257,915441,5.0,2016-12-30,Male,Headphones,Philips,2015,,0
5257,915490,5.0,2016-12-30,Male,Headphones,Philips,2015,,0
5146,915787,4.0,2016-12-30,Female,Headphones,Jabra,2014,,0
3461,616921,5.0,2016-12-30,Male,Headphones,Philips,2013,,2
5146,915793,5.0,2016-12-30,Female,Headphones,Jabra,2014,,0
1728,916000,5.0,2016-12-30,Female&Male,Headphones,Jabra,2011,,0
5142,916031,1.0,2016-12-30,Female,Headphones,Jabra,2014,,0
5142,916113,1.0,2016-12-31,Female,Headphones,Jabra,2014,,0
5257,916117,4.0,2016-12-31,Male,Headphones,Philips,2015,,0
5257,916118,5.0,2016-12-31,Male,Headphones,Philips,2015,,0
7047,916327,3.0,2016-12-31,Female&Male,Headphones,Philips,2015,Male,0
3461,43386,5.0,2016-12-31,Male,Headphones,Philips,2013,,2
5146,916680,5.0,2016-12-31,Female,Headphones,Jabra,2014,,0
5146,916900,5.0,2017-01-01,Female,Headphones,Jabra,2014,,0
5142,917233,1.0,2017-01-01,Female,Headphones,Jabra,2014,,0
7092,917438,4.0,2017-01-02,Male,Headphones,Philips,2015,Male,0
5142,917705,1.0,2017-01-02,Female,Headphones,Jabra,2014,,0
4128,917772,5.0,2017-01-02,Female,Headphones,Jabra,2014,,0
3338,917797,1.0,2017-01-02,Male,Headphones,Jabra,2013,,0
5146,15609,4.0,2017-01-02,Female,Headphones,Jabra,2014,,2
3606,918033,5.0,2017-01-02,Male,Headphones,Philips,2014,,0
8739,918743,5.0,2017-01-03,Male,Headphones,Philips,2016,,0
5146,918881,4.0,2017-01-03,Female,Headphones,Jabra,2014,,0
5257,919085,5.0,2017-01-03,Male,Headphones,Philips,2015,,0
5257,919564,5.0,2017-01-04,Male,Headphones,Philips,2015,,0
3150,919611,2.0,2017-01-04,Male,Headphones,Philips,2013,,0
3461,920081,3.0,2017-01-04,Male,Headphones,Philips,2013,Male,0
5146,920314,4.0,2017-01-04,Female,Headphones,Jabra,2014,,0
5146,301140,5.0,2017-01-04,Female,Headphones,Jabra,2014,Male,2
5146,920881,5.0,2017-01-05,Female,Headphones,Jabra,2014,,0
5146,532251,5.0,2017-01-05,Female,Headphones,Jabra,2014,,2
5146,920882,3.0,2017-01-05,Female,Headphones,Jabra,2014,,0
4128,921025,4.0,2017-01-05,Female,Headphones,Jabra,2014,,0
3150,920352,1.0,2017-01-05,Male,Headphones,Philips,2013,,2
3150,921248,5.0,2017-01-05,Male,Headphones,Philips,2013,,0
7482,921323,1.0,2017-01-06,Male,Headphones,Jabra,2015,,0
5257,921539,5.0,2017-01-06,Male,Headphones,Philips,2015,,0
3150,921909,5.0,2017-01-06,Male,Headphones,Philips,2013,,0
5146,922033,5.0,2017-01-06,Female,Headphones,Jabra,2014,,0
5146,922049,5.0,2017-01-06,Female,Headphones,Jabra,2014,,0
5146,922067,5.0,2017-01-06,Female,Headphones,Jabra,2014,,0
5146,922081,1.0,2017-01-06,Female,Headphones,Jabra,2014,,0
5146,922084,5.0,2017-01-06,Female,Headphones,Jabra,2014,,0
5146,922086,4.0,2017-01-06,Female,Headphones,Jabra,2014,,0
5146,922296,5.0,2017-01-07,Female,Headphones,Jabra,2014,,0
5146,922326,4.0,2017-01-07,Female,Headphones,Jabra,2014,,0
5146,922328,5.0,2017-01-07,Female,Headphones,Jabra,2014,,0
9106,922422,5.0,2017-01-07,Male,Headphones,Jabra,2017,,0
3150,923138,5.0,2017-01-08,Male,Headphones,Philips,2013,,0
4818,923229,5.0,2017-01-08,Male,Headphones,Philips,2014,,0
5146,923335,5.0,2017-01-08,Female,Headphones,Jabra,2014,,0
5146,923336,5.0,2017-01-08,Female,Headphones,Jabra,2014,,0
5146,923337,5.0,2017-01-08,Female,Headphones,Jabra,2014,,0
5257,923524,5.0,2017-01-08,Male,Headphones,Philips,2015,,0
5142,924140,1.0,2017-01-09,Female,Headphones,Jabra,2014,,0
5146,924333,5.0,2017-01-09,Female,Headphones,Jabra,2014,,0
1469,924509,1.0,2017-01-09,Male,Headphones,Philips,2011,,0
5257,519460,5.0,2017-01-09,Male,Headphones,Philips,2015,,2
5257,924821,5.0,2017-01-10,Male,Headphones,Philips,2015,,0
5142,925036,1.0,2017-01-10,Female,Headphones,Jabra,2014,,0
3150,925059,2.0,2017-01-10,Male,Headphones,Philips,2013,,0
7528,925158,5.0,2017-01-10,Female,Headphones,Philips,2015,Male,0
2900,754796,4.0,2017-01-10,Female&Male,Headphones,Jabra,2013,,2
5146,925460,5.0,2017-01-10,Female,Headphones,Jabra,2014,Female,0
5146,925461,5.0,2017-01-10,Female,Headphones,Jabra,2014,,0
5146,925462,5.0,2017-01-10,Female,Headphones,Jabra,2014,,0
5146,925598,3.0,2017-01-10,Female,Headphones,Jabra,2014,,0
5146,925603,3.0,2017-01-10,Female,Headphones,Jabra,2014,,0
5146,536701,5.0,2017-01-11,Female,Headphones,Jabra,2014,,2
5146,925792,5.0,2017-01-11,Female,Headphones,Jabra,2014,,0
5257,919671,5.0,2017-01-11,Male,Headphones,Philips,2015,,2
5257,257881,5.0,2017-01-11,Male,Headphones,Philips,2015,,2
5257,925864,5.0,2017-01-11,Male,Headphones,Philips,2015,,0
5257,925865,5.0,2017-01-11,Male,Headphones,Philips,2015,,0
7482,925937,5.0,2017-01-11,Male,Headphones,Jabra,2015,,0
8739,926085,2.0,2017-01-11,Male,Headphones,Philips,2016,,0
5257,750278,5.0,2017-01-12,Male,Headphones,Philips,2015,Male,2
5146,926864,4.0,2017-01-12,Female,Headphones,Jabra,2014,Male,0
5146,926865,5.0,2017-01-12,Female,Headphones,Jabra,2014,,0
5146,926878,5.0,2017-01-12,Female,Headphones,Jabra,2014,Male,0
5146,926953,5.0,2017-01-12,Female,Headphones,Jabra,2014,,0
5257,785674,2.0,2017-01-13,Male,Headphones,Philips,2015,,2
7528,254728,2.0,2017-01-13,Female,Headphones,Philips,2015,,2
5146,927656,5.0,2017-01-13,Female,Headphones,Jabra,2014,,0
5146,927657,4.0,2017-01-13,Female,Headphones,Jabra,2014,,0
5146,927659,5.0,2017-01-13,Female,Headphones,Jabra,2014,,0
3338,927711,1.0,2017-01-13,Male,Headphones,Jabra,2013,,0
5257,927974,5.0,2017-01-14,Male,Headphones,Philips,2015,,0
5146,928068,5.0,2017-01-14,Female,Headphones,Jabra,2014,Female,0
5146,928091,5.0,2017-01-14,Female,Headphones,Jabra,2014,,0
3150,928095,5.0,2017-01-14,Male,Headphones,Philips,2013,Male,0
5146,928108,5.0,2017-01-14,Female,Headphones,Jabra,2014,,0
5146,928110,5.0,2017-01-14,Female,Headphones,Jabra,2014,,0
5146,928111,4.0,2017-01-14,Female,Headphones,Jabra,2014,,0
5142,928318,4.0,2017-01-14,Female,Headphones,Jabra,2014,,0
7528,928363,5.0,2017-01-14,Female,Headphones,Philips,2015,,0
5257,928756,5.0,2017-01-15,Male,Headphones,Philips,2015,,0
5257,928842,5.0,2017-01-15,Male,Headphones,Philips,2015,,0
5146,928930,5.0,2017-01-15,Female,Headphones,Jabra,2014,,0
5146,928932,4.0,2017-01-15,Female,Headphones,Jabra,2014,,0
5146,928933,5.0,2017-01-15,Female,Headphones,Jabra,2014,,0
5146,928939,5.0,2017-01-15,Female,Headphones,Jabra,2014,,0
7213,298276,1.0,2017-01-15,Female&Male,Headphones,Philips,2015,Male,2
3150,929288,5.0,2017-01-16,Male,Headphones,Philips,2013,,0
1466,929697,3.0,2017-01-16,Male,Headphones,Philips,2010,Female,0
5146,929770,3.0,2017-01-16,Female,Headphones,Jabra,2014,,0
5142,929893,1.0,2017-01-16,Female,Headphones,Jabra,2014,,0
5146,929966,4.0,2017-01-16,Female,Headphones,Jabra,2014,,0
5146,930004,5.0,2017-01-17,Female,Headphones,Jabra,2014,,0
5257,930219,5.0,2017-01-17,Male,Headphones,Philips,2015,,0
5142,930801,1.0,2017-01-18,Female,Headphones,Jabra,2014,,0
5146,631093,4.0,2017-01-18,Female,Headphones,Jabra,2014,Male,1
5146,931141,5.0,2017-01-18,Female,Headphones,Jabra,2014,,0
7482,931177,1.0,2017-01-18,Male,Headphones,Jabra,2015,,0
1466,847805,5.0,2017-01-19,Male,Headphones,Philips,2010,Male,2
5257,402376,2.0,2017-01-19,Male,Headphones,Philips,2015,,2
3150,555599,5.0,2017-01-20,Male,Headphones,Philips,2013,Female,2
5146,932431,5.0,2017-01-20,Female,Headphones,Jabra,2014,,0
5146,932432,5.0,2017-01-20,Female,Headphones,Jabra,2014,,0
7482,932452,1.0,2017-01-20,Male,Headphones,Jabra,2015,,0
5146,932454,5.0,2017-01-20,Female,Headphones,Jabra,2014,Female,0
5146,932456,4.0,2017-01-20,Female,Headphones,Jabra,2014,,0
5146,933294,5.0,2017-01-21,Female,Headphones,Jabra,2014,,0
5146,933420,5.0,2017-01-21,Female,Headphones,Jabra,2014,,0
5146,933423,5.0,2017-01-21,Female,Headphones,Jabra,2014,,0
5146,933424,4.0,2017-01-21,Female,Headphones,Jabra,2014,,0
5257,933562,5.0,2017-01-21,Male,Headphones,Philips,2015,,0
5142,933615,3.0,2017-01-21,Female,Headphones,Jabra,2014,,0
3461,934010,5.0,2017-01-22,Male,Headphones,Philips,2013,,0
5146,934271,2.0,2017-01-23,Female,Headphones,Jabra,2014,,0
3461,935148,4.0,2017-01-24,Male,Headphones,Philips,2013,,0
5257,935256,4.0,2017-01-24,Male,Headphones,Philips,2015,Male,0
5257,935863,5.0,2017-01-25,Male,Headphones,Philips,2015,,0
5257,935864,5.0,2017-01-25,Male,Headphones,Philips,2015,,0
5142,935869,4.0,2017-01-25,Female,Headphones,Jabra,2014,,0
5146,935985,3.0,2017-01-25,Female,Headphones,Jabra,2014,,0
5146,935986,5.0,2017-01-25,Female,Headphones,Jabra,2014,,0
5146,935987,4.0,2017-01-25,Female,Headphones,Jabra,2014,,0
5146,935988,4.0,2017-01-25,Female,Headphones,Jabra,2014,,0
1469,936369,4.0,2017-01-26,Male,Headphones,Philips,2011,,0
7092,936560,5.0,2017-01-26,Male,Headphones,Philips,2015,,0
5257,936755,4.0,2017-01-26,Male,Headphones,Philips,2015,,0
5257,936757,5.0,2017-01-26,Male,Headphones,Philips,2015,,0
5146,936774,5.0,2017-01-26,Female,Headphones,Jabra,2014,,0
3338,936793,2.0,2017-01-26,Male,Headphones,Jabra,2013,,0
9106,936848,5.0,2017-01-26,Male,Headphones,Jabra,2017,,0
3338,937241,1.0,2017-01-27,Male,Headphones,Jabra,2013,,0
5142,937336,3.0,2017-01-27,Female,Headphones,Jabra,2014,,0
5146,937442,4.0,2017-01-27,Female,Headphones,Jabra,2014,,0
5257,937483,5.0,2017-01-27,Male,Headphones,Philips,2015,,0
5257,937726,5.0,2017-01-28,Male,Headphones,Philips,2015,,0
5257,756445,5.0,2017-01-28,Male,Headphones,Philips,2015,,2
5146,937867,5.0,2017-01-28,Female,Headphones,Jabra,2014,,0
7482,938325,1.0,2017-01-29,Male,Headphones,Jabra,2015,,0
5142,938534,2.0,2017-01-29,Female,Headphones,Jabra,2014,Female,0
5257,809035,4.0,2017-01-29,Male,Headphones,Philips,2015,,2
5146,939003,1.0,2017-01-30,Female,Headphones,Jabra,2014,,0
5146,939014,5.0,2017-01-30,Female,Headphones,Jabra,2014,,0
5146,939054,5.0,2017-01-30,Female,Headphones,Jabra,2014,,0
3150,717071,5.0,2017-01-31,Male,Headphones,Philips,2013,,2
7482,939715,1.0,2017-01-31,Male,Headphones,Jabra,2015,,0
7482,939716,5.0,2017-01-31,Male,Headphones,Jabra,2015,,0
5257,939818,3.0,2017-01-31,Male,Headphones,Philips,2015,,0
5146,939978,5.0,2017-02-01,Female,Headphones,Jabra,2014,,0
5142,940115,3.0,2017-02-01,Female,Headphones,Jabra,2014,,0
5142,940117,2.0,2017-02-01,Female,Headphones,Jabra,2014,,0
3150,940257,5.0,2017-02-01,Male,Headphones,Philips,2013,,0
7047,940270,4.0,2017-02-01,Female&Male,Headphones,Philips,2015,,0
5257,940283,5.0,2017-02-01,Male,Headphones,Philips,2015,Male,0
7526,638557,5.0,2017-02-01,Male,Headphones,Philips,2015,,2
3150,940534,1.0,2017-02-02,Male,Headphones,Philips,2013,,0
5146,940558,2.0,2017-02-02,Female,Headphones,Jabra,2014,,2
5146,940895,3.0,2017-02-02,Female,Headphones,Jabra,2014,,0
5146,940997,5.0,2017-02-02,Female,Headphones,Jabra,2014,,0
5146,941098,5.0,2017-02-03,Female,Headphones,Jabra,2014,,0
7528,941151,5.0,2017-02-03,Female,Headphones,Philips,2015,,0
5146,941742,4.0,2017-02-04,Female,Headphones,Jabra,2014,,0
5146,616274,3.0,2017-02-04,Female,Headphones,Jabra,2014,,2
5142,941832,5.0,2017-02-04,Female,Headphones,Jabra,2014,,0
3461,941907,2.0,2017-02-04,Male,Headphones,Philips,2013,,0
4128,942565,5.0,2017-02-05,Female,Headphones,Jabra,2014,Male,0
5146,942635,4.0,2017-02-05,Female,Headphones,Jabra,2014,,0
3150,943042,3.0,2017-02-06,Male,Headphones,Philips,2013,,0
5146,943342,2.0,2017-02-06,Female,Headphones,Jabra,2014,Male,0
7526,943371,4.0,2017-02-06,Male,Headphones,Philips,2015,,0
5146,943403,2.0,2017-02-06,Female,Headphones,Jabra,2014,,0
5257,943450,5.0,2017-02-06,Male,Headphones,Philips,2015,,0
4128,943491,5.0,2017-02-07,Female,Headphones,Jabra,2014,,0
4128,943501,5.0,2017-02-07,Female,Headphones,Jabra,2014,,0
5142,943518,3.0,2017-02-07,Female,Headphones,Jabra,2014,,0
5257,943562,5.0,2017-02-07,Male,Headphones,Philips,2015,,0
5146,943656,5.0,2017-02-07,Female,Headphones,Jabra,2014,,0
5146,943658,2.0,2017-02-07,Female,Headphones,Jabra,2014,,0
4818,944188,5.0,2017-02-08,Male,Headphones,Philips,2014,,0
9106,944397,5.0,2017-02-08,Male,Headphones,Jabra,2017,,0
5146,944524,5.0,2017-02-08,Female,Headphones,Jabra,2014,,0
3338,944555,5.0,2017-02-08,Male,Headphones,Jabra,2013,,0
5146,944845,4.0,2017-02-09,Female,Headphones,Jabra,2014,Female,0
5257,945232,5.0,2017-02-09,Male,Headphones,Philips,2015,Male,0
5257,945237,4.0,2017-02-09,Male,Headphones,Philips,2015,,0
8390,686648,2.0,2017-02-10,Female&Male,Headphones,Apple,2015,,2
5257,946149,4.0,2017-02-11,Male,Headphones,Philips,2015,,0
5257,946150,5.0,2017-02-11,Male,Headphones,Philips,2015,,0
3338,946887,5.0,2017-02-12,Male,Headphones,Jabra,2013,,0
5257,946956,2.0,2017-02-12,Male,Headphones,Philips,2015,,0
3150,947059,1.0,2017-02-12,Male,Headphones,Philips,2013,,0
5146,947098,3.0,2017-02-12,Female,Headphones,Jabra,2014,,0
6015,947189,2.0,2017-02-13,Female,Headphones,Jabra,2015,,0
5257,947332,2.0,2017-02-13,Male,Headphones,Philips,2015,,0
3338,947386,5.0,2017-02-13,Male,Headphones,Jabra,2013,,0
3439,947885,5.0,2017-02-14,Male,Headphones,Philips,2014,,0
4128,948213,1.0,2017-02-14,Female,Headphones,Jabra,2014,,0
5146,948272,5.0,2017-02-14,Female,Headphones,Jabra,2014,Female,0
5146,948435,3.0,2017-02-15,Female,Headphones,Jabra,2014,,0
5146,948439,5.0,2017-02-15,Female,Headphones,Jabra,2014,,0
5146,948457,5.0,2017-02-15,Female,Headphones,Jabra,2014,,0
5257,948541,4.0,2017-02-15,Male,Headphones,Philips,2015,,0
4128,948558,1.0,2017-02-15,Female,Headphones,Jabra,2014,,0
5142,948934,3.0,2017-02-15,Female,Headphones,Jabra,2014,,0
7526,949267,5.0,2017-02-16,Male,Headphones,Philips,2015,,0
5146,949657,5.0,2017-02-16,Female,Headphones,Jabra,2014,,0
4128,949888,5.0,2017-02-17,Female,Headphones,Jabra,2014,,0
5257,949900,5.0,2017-02-17,Male,Headphones,Philips,2015,Male,0
7092,950219,4.0,2017-02-17,Male,Headphones,Philips,2015,,0
7526,950382,5.0,2017-02-18,Male,Headphones,Philips,2015,,0
3338,950422,1.0,2017-02-18,Male,Headphones,Jabra,2013,,0
5257,64335,4.0,2017-02-18,Male,Headphones,Philips,2015,Male,2
5146,950496,2.0,2017-02-18,Female,Headphones,Jabra,2014,,0
5142,950521,1.0,2017-02-18,Female,Headphones,Jabra,2014,,0
5257,950942,5.0,2017-02-19,Male,Headphones,Philips,2015,,0
5146,951030,3.0,2017-02-19,Female,Headphones,Jabra,2014,,0
1728,951194,1.0,2017-02-20,Female&Male,Headphones,Jabra,2011,,0
5142,951265,4.0,2017-02-20,Female,Headphones,Jabra,2014,,0
5146,951342,5.0,2017-02-20,Female,Headphones,Jabra,2014,,0
5146,951343,3.0,2017-02-20,Female,Headphones,Jabra,2014,,0
3338,951425,5.0,2017-02-20,Male,Headphones,Jabra,2013,,0
5142,951756,1.0,2017-02-21,Female,Headphones,Jabra,2014,Female,0
5257,952008,4.0,2017-02-21,Male,Headphones,Philips,2015,,0
3461,952272,5.0,2017-02-21,Male,Headphones,Philips,2013,,0
3439,441281,2.0,2017-02-21,Male,Headphones,Philips,2014,,2
5257,952532,4.0,2017-02-22,Male,Headphones,Philips,2015,,0
5142,952585,1.0,2017-02-22,Female,Headphones,Jabra,2014,,0
5146,952762,2.0,2017-02-22,Female,Headphones,Jabra,2014,,0
4128,952923,5.0,2017-02-22,Female,Headphones,Jabra,2014,Male,0
5257,953023,5.0,2017-02-23,Male,Headphones,Philips,2015,,0
5146,953079,1.0,2017-02-23,Female,Headphones,Jabra,2014,,0
4128,953569,5.0,2017-02-23,Female,Headphones,Jabra,2014,,0
7047,953839,4.0,2017-02-24,Female&Male,Headphones,Philips,2015,,0
5257,953864,5.0,2017-02-24,Male,Headphones,Philips,2015,,0
5146,953899,2.0,2017-02-24,Female,Headphones,Jabra,2014,,0
5146,953900,5.0,2017-02-24,Female,Headphones,Jabra,2014,,0
3150,954161,4.0,2017-02-24,Male,Headphones,Philips,2013,,0
5146,954288,5.0,2017-02-25,Female,Headphones,Jabra,2014,,0
5146,954289,2.0,2017-02-25,Female,Headphones,Jabra,2014,,0
5257,913800,5.0,2017-02-26,Male,Headphones,Philips,2015,,2
5146,577232,3.0,2017-02-26,Female,Headphones,Jabra,2014,,2
5257,955481,5.0,2017-02-27,Male,Headphones,Philips,2015,,0
5257,732284,3.0,2017-02-27,Male,Headphones,Philips,2015,Male,2
5257,955795,2.0,2017-02-28,Male,Headphones,Philips,2015,,0
5257,678895,5.0,2017-02-28,Male,Headphones,Philips,2015,,2
5142,955956,3.0,2017-02-28,Female,Headphones,Jabra,2014,,0
2921,956322,5.0,2017-02-28,Male,Headphones,Jabra,2013,,0
1469,956352,3.0,2017-02-28,Male,Headphones,Philips,2011,,0
7528,957155,1.0,2017-03-02,Female,Headphones,Philips,2015,,0
5146,957676,4.0,2017-03-03,Female,Headphones,Jabra,2014,,0
5142,958054,1.0,2017-03-03,Female,Headphones,Jabra,2014,,0
5146,958652,4.0,2017-03-05,Female,Headphones,Jabra,2014,,0
5257,958887,5.0,2017-03-05,Male,Headphones,Philips,2015,,0
4128,959220,5.0,2017-03-06,Female,Headphones,Jabra,2014,Male,0
4128,959343,5.0,2017-03-06,Female,Headphones,Jabra,2014,,0
5146,959421,5.0,2017-03-06,Female,Headphones,Jabra,2014,,0
3150,959512,5.0,2017-03-06,Male,Headphones,Philips,2013,,0
3150,32961,2.0,2017-03-06,Male,Headphones,Philips,2013,,2
7526,959694,3.0,2017-03-06,Male,Headphones,Philips,2015,,0
5257,960142,5.0,2017-03-07,Male,Headphones,Philips,2015,,0
5146,960191,4.0,2017-03-07,Female,Headphones,Jabra,2014,,0
3150,960199,3.0,2017-03-07,Male,Headphones,Philips,2013,,0
3150,960816,1.0,2017-03-08,Male,Headphones,Philips,2013,,0
5146,960817,4.0,2017-03-08,Female,Headphones,Jabra,2014,,0
3461,961277,1.0,2017-03-09,Male,Headphones,Philips,2013,Male,0
5257,961352,5.0,2017-03-09,Male,Headphones,Philips,2015,,0
5146,961385,5.0,2017-03-09,Female,Headphones,Jabra,2014,,0
5142,961526,3.0,2017-03-09,Female,Headphones,Jabra,2014,,0
5257,961665,3.0,2017-03-10,Male,Headphones,Philips,2015,,0
3461,961674,2.0,2017-03-10,Male,Headphones,Philips,2013,Female,0
3150,961756,3.0,2017-03-10,Male,Headphones,Philips,2013,,0
5257,962322,3.0,2017-03-11,Male,Headphones,Philips,2015,,0
3150,962433,5.0,2017-03-11,Male,Headphones,Philips,2013,,0
3150,962715,5.0,2017-03-12,Male,Headphones,Philips,2013,Male,0
8739,962849,5.0,2017-03-12,Male,Headphones,Philips,2016,,0
7482,962933,5.0,2017-03-12,Male,Headphones,Jabra,2015,Male,0
5146,963058,5.0,2017-03-12,Female,Headphones,Jabra,2014,,0
5146,963344,4.0,2017-03-13,Female,Headphones,Jabra,2014,,0
5142,963510,1.0,2017-03-13,Female,Headphones,Jabra,2014,,0
5257,963968,5.0,2017-03-14,Male,Headphones,Philips,2015,,0
5257,963970,3.0,2017-03-14,Male,Headphones,Philips,2015,,0
5257,963980,3.0,2017-03-14,Male,Headphones,Philips,2015,,0
5146,964495,2.0,2017-03-14,Female,Headphones,Jabra,2014,,0
5146,155822,3.0,2017-03-14,Female,Headphones,Jabra,2014,Male,2
7092,964648,5.0,2017-03-15,Male,Headphones,Philips,2015,Male,0
5146,965053,5.0,2017-03-15,Female,Headphones,Jabra,2014,Male,0
5146,965036,5.0,2017-03-15,Female,Headphones,Jabra,2014,,1
3150,965085,5.0,2017-03-15,Male,Headphones,Philips,2013,,0
5142,966072,5.0,2017-03-17,Female,Headphones,Jabra,2014,,0
5142,966073,4.0,2017-03-17,Female,Headphones,Jabra,2014,,0
5257,412438,5.0,2017-03-17,Male,Headphones,Philips,2015,Male,2
5257,888346,5.0,2017-03-18,Male,Headphones,Philips,2015,,1
2900,966821,2.0,2017-03-18,Female&Male,Headphones,Jabra,2013,,0
5257,927420,4.0,2017-03-18,Male,Headphones,Philips,2015,,2
5257,966830,4.0,2017-03-18,Male,Headphones,Philips,2015,,0
5146,967200,4.0,2017-03-19,Female,Headphones,Jabra,2014,,0
5257,967311,5.0,2017-03-19,Male,Headphones,Philips,2015,,0
3150,967584,4.0,2017-03-20,Male,Headphones,Philips,2013,,0
5146,967751,2.0,2017-03-20,Female,Headphones,Jabra,2014,,0
9106,807166,1.0,2017-03-20,Male,Headphones,Jabra,2017,,1
5257,968385,5.0,2017-03-21,Male,Headphones,Philips,2015,,0
5257,86202,5.0,2017-03-21,Male,Headphones,Philips,2015,,2
3150,687538,2.0,2017-03-21,Male,Headphones,Philips,2013,Female,2
3150,968654,1.0,2017-03-22,Male,Headphones,Philips,2013,,0
5257,968770,5.0,2017-03-22,Male,Headphones,Philips,2015,,0
5257,968783,3.0,2017-03-22,Male,Headphones,Philips,2015,Male,0
5142,968840,1.0,2017-03-22,Female,Headphones,Jabra,2014,,0
7047,969061,5.0,2017-03-22,Female&Male,Headphones,Philips,2015,,0
5146,970066,3.0,2017-03-24,Female,Headphones,Jabra,2014,,0
5146,970067,3.0,2017-03-24,Female,Headphones,Jabra,2014,,0
7528,970177,5.0,2017-03-24,Female,Headphones,Philips,2015,,0
3338,970622,4.0,2017-03-25,Male,Headphones,Jabra,2013,,0
3150,970711,2.0,2017-03-25,Male,Headphones,Philips,2013,,0
5146,970827,2.0,2017-03-25,Female,Headphones,Jabra,2014,,0
3150,861804,5.0,2017-03-26,Male,Headphones,Philips,2013,,2
5146,971381,5.0,2017-03-26,Female,Headphones,Jabra,2014,,0
3461,971484,3.0,2017-03-27,Male,Headphones,Philips,2013,,0
1762,971592,5.0,2017-03-27,Male,Headphones,Philips,2013,,0
5257,971670,4.0,2017-03-27,Male,Headphones,Philips,2015,,0
5257,971671,5.0,2017-03-27,Male,Headphones,Philips,2015,,0
5142,972119,1.0,2017-03-27,Female,Headphones,Jabra,2014,,0
5257,972253,1.0,2017-03-28,Male,Headphones,Philips,2015,,0
4128,972410,5.0,2017-03-28,Female,Headphones,Jabra,2014,,0
5146,972510,4.0,2017-03-28,Female,Headphones,Jabra,2014,,0
3150,972596,1.0,2017-03-28,Male,Headphones,Philips,2013,,0
5257,972861,4.0,2017-03-29,Male,Headphones,Philips,2015,,0
2900,898259,5.0,2017-03-29,Female&Male,Headphones,Jabra,2013,,2
7092,973235,5.0,2017-03-29,Male,Headphones,Philips,2015,,0
3150,973238,5.0,2017-03-29,Male,Headphones,Philips,2013,,0
5257,808580,5.0,2017-03-31,Male,Headphones,Philips,2015,Female,2
5257,974154,5.0,2017-03-31,Male,Headphones,Philips,2015,,0
5142,974733,5.0,2017-04-01,Female,Headphones,Jabra,2014,,0
5146,974877,5.0,2017-04-02,Female,Headphones,Jabra,2014,,0
5142,975301,5.0,2017-04-03,Female,Headphones,Jabra,2014,,0
5146,975751,4.0,2017-04-03,Female,Headphones,Jabra,2014,,0
5146,975760,4.0,2017-04-03,Female,Headphones,Jabra,2014,,0
5257,975768,4.0,2017-04-03,Male,Headphones,Philips,2015,,0
5257,975794,4.0,2017-04-03,Male,Headphones,Philips,2015,,0
5257,976244,5.0,2017-04-04,Male,Headphones,Philips,2015,,0
5257,976248,5.0,2017-04-04,Male,Headphones,Philips,2015,,0
3150,976255,5.0,2017-04-04,Male,Headphones,Philips,2013,,0
7092,976331,2.0,2017-04-04,Male,Headphones,Philips,2015,,0
5146,770787,3.0,2017-04-04,Female,Headphones,Jabra,2014,,2
5142,976384,1.0,2017-04-04,Female,Headphones,Jabra,2014,,0
5146,977131,5.0,2017-04-06,Female,Headphones,Jabra,2014,,0
4128,977480,4.0,2017-04-06,Female,Headphones,Jabra,2014,Female,0
4128,977711,1.0,2017-04-07,Female,Headphones,Jabra,2014,,0
4128,977717,5.0,2017-04-07,Female,Headphones,Jabra,2014,,0
3461,977785,1.0,2017-04-07,Male,Headphones,Philips,2013,,0
5146,978283,2.0,2017-04-08,Female,Headphones,Jabra,2014,,0
5146,978604,3.0,2017-04-09,Female,Headphones,Jabra,2014,,0
5257,978640,5.0,2017-04-09,Male,Headphones,Philips,2015,,0
5146,979178,4.0,2017-04-10,Female,Headphones,Jabra,2014,,0
5146,979385,2.0,2017-04-11,Female,Headphones,Jabra,2014,,0
5146,979386,3.0,2017-04-11,Female,Headphones,Jabra,2014,,0
5257,979558,4.0,2017-04-11,Male,Headphones,Philips,2015,,0
5257,979559,5.0,2017-04-11,Male,Headphones,Philips,2015,,0
5257,980084,5.0,2017-04-12,Male,Headphones,Philips,2015,,0
3338,980256,5.0,2017-04-12,Male,Headphones,Jabra,2013,,0
5146,980346,1.0,2017-04-12,Female,Headphones,Jabra,2014,,0
5146,980473,5.0,2017-04-13,Female,Headphones,Jabra,2014,,0
7528,980938,5.0,2017-04-14,Female,Headphones,Philips,2015,,0
5146,981211,1.0,2017-04-14,Female,Headphones,Jabra,2014,,0
7047,444246,5.0,2017-04-15,Female&Male,Headphones,Philips,2015,Male,2
3150,981715,1.0,2017-04-16,Male,Headphones,Philips,2013,Male,0
5257,981720,2.0,2017-04-16,Male,Headphones,Philips,2015,,0
5142,981984,2.0,2017-04-16,Female,Headphones,Jabra,2014,,0
6015,982081,2.0,2017-04-17,Female,Headphones,Jabra,2015,,0
5146,982328,5.0,2017-04-17,Female,Headphones,Jabra,2014,,0
7482,982722,1.0,2017-04-18,Male,Headphones,Jabra,2015,,0
5257,546851,4.0,2017-04-18,Male,Headphones,Philips,2015,,2
1728,340132,1.0,2017-04-19,Female&Male,Headphones,Jabra,2011,,2
7482,983353,4.0,2017-04-19,Male,Headphones,Jabra,2015,,0
7213,983684,4.0,2017-04-19,Female&Male,Headphones,Philips,2015,,0
7526,983925,4.0,2017-04-20,Male,Headphones,Philips,2015,,0
5257,984015,3.0,2017-04-20,Male,Headphones,Philips,2015,,0
5146,984159,5.0,2017-04-20,Female,Headphones,Jabra,2014,,0
8739,984650,3.0,2017-04-21,Male,Headphones,Philips,2016,,0
4128,984785,5.0,2017-04-22,Female,Headphones,Jabra,2014,,0
5146,735974,5.0,2017-04-22,Female,Headphones,Jabra,2014,,2
1499,985044,5.0,2017-04-22,Male,Headphones,Philips,2011,,0
5146,985167,5.0,2017-04-23,Female,Headphones,Jabra,2014,,0
7482,985510,1.0,2017-04-23,Male,Headphones,Jabra,2015,,0
3150,985780,5.0,2017-04-24,Male,Headphones,Philips,2013,,0
5146,324726,3.0,2017-04-24,Female,Headphones,Jabra,2014,,2
7482,985811,5.0,2017-04-24,Male,Headphones,Jabra,2015,,0
4128,985987,1.0,2017-04-24,Female,Headphones,Jabra,2014,,0
4128,986002,5.0,2017-04-24,Female,Headphones,Jabra,2014,,0
5257,986060,4.0,2017-04-24,Male,Headphones,Philips,2015,,0
5257,986177,2.0,2017-04-25,Male,Headphones,Philips,2015,,0
3461,986211,5.0,2017-04-25,Male,Headphones,Philips,2013,,0
5146,986254,5.0,2017-04-25,Female,Headphones,Jabra,2014,,0
5146,986255,4.0,2017-04-25,Female,Headphones,Jabra,2014,,0
5146,986256,4.0,2017-04-25,Female,Headphones,Jabra,2014,,0
5146,597286,1.0,2017-04-26,Female,Headphones,Jabra,2014,,2
1469,987063,1.0,2017-04-26,Male,Headphones,Philips,2011,,0
3150,987672,5.0,2017-04-27,Male,Headphones,Philips,2013,,0
4128,987772,1.0,2017-04-28,Female,Headphones,Jabra,2014,,0
5257,987915,5.0,2017-04-28,Male,Headphones,Philips,2015,,0
5257,987923,5.0,2017-04-28,Male,Headphones,Philips,2015,,0
5257,988434,5.0,2017-04-29,Male,Headphones,Philips,2015,,0
5142,988594,5.0,2017-04-30,Female,Headphones,Jabra,2014,,0
5257,988780,4.0,2017-04-30,Male,Headphones,Philips,2015,,0
7526,988891,2.0,2017-04-30,Male,Headphones,Philips,2015,,0
7528,989041,5.0,2017-05-01,Female,Headphones,Philips,2015,,0
7092,989310,3.0,2017-05-01,Male,Headphones,Philips,2015,,0
5257,989349,5.0,2017-05-01,Male,Headphones,Philips,2015,,0
5146,989761,5.0,2017-05-02,Female,Headphones,Jabra,2014,,0
1469,989213,3.0,2017-05-02,Male,Headphones,Philips,2011,,2
7528,989817,1.0,2017-05-02,Female,Headphones,Philips,2015,,0
7092,990093,5.0,2017-05-02,Male,Headphones,Philips,2015,,0
5146,990122,3.0,2017-05-03,Female,Headphones,Jabra,2014,,0
5146,990124,5.0,2017-05-03,Female,Headphones,Jabra,2014,,0
5146,990128,5.0,2017-05-03,Female,Headphones,Jabra,2014,,0
5257,990311,5.0,2017-05-03,Male,Headphones,Philips,2015,,0
4818,990666,5.0,2017-05-04,Male,Headphones,Philips,2014,,0
5146,990947,5.0,2017-05-04,Female,Headphones,Jabra,2014,,0
1499,991057,4.0,2017-05-04,Male,Headphones,Philips,2011,Male,0
5257,991132,5.0,2017-05-05,Male,Headphones,Philips,2015,,0
5142,937144,5.0,2017-05-05,Female,Headphones,Jabra,2014,,2
5146,991266,4.0,2017-05-05,Female,Headphones,Jabra,2014,,0
9106,991481,3.0,2017-05-06,Male,Headphones,Jabra,2017,,0
5146,991697,1.0,2017-05-06,Female,Headphones,Jabra,2014,,0
3461,254949,5.0,2017-05-06,Male,Headphones,Philips,2013,Male,2
5257,991779,4.0,2017-05-06,Male,Headphones,Philips,2015,,0
5146,923761,3.0,2017-05-08,Female,Headphones,Jabra,2014,,2
3150,992345,5.0,2017-05-08,Male,Headphones,Philips,2013,Female,0
5142,992453,1.0,2017-05-08,Female,Headphones,Jabra,2014,,0
7092,992843,4.0,2017-05-09,Male,Headphones,Philips,2015,,0
5146,992848,5.0,2017-05-09,Female,Headphones,Jabra,2014,,0
8739,993200,5.0,2017-05-10,Male,Headphones,Philips,2016,,0
5257,993307,5.0,2017-05-11,Male,Headphones,Philips,2015,,0
3150,993540,5.0,2017-05-11,Male,Headphones,Philips,2013,Male,0
5146,993687,4.0,2017-05-11,Female,Headphones,Jabra,2014,,0
5257,993728,5.0,2017-05-12,Male,Headphones,Philips,2015,,0
8410,993800,2.0,2017-05-12,Female&Male,Headphones,Philips,2017,,0
5146,994358,5.0,2017-05-13,Female,Headphones,Jabra,2014,Female,0
5142,994368,5.0,2017-05-13,Female,Headphones,Jabra,2014,,0
1728,994590,5.0,2017-05-14,Female&Male,Headphones,Jabra,2011,,0
3461,994668,1.0,2017-05-14,Male,Headphones,Philips,2013,,0
5257,994936,5.0,2017-05-14,Male,Headphones,Philips,2015,,0
5257,995050,5.0,2017-05-15,Male,Headphones,Philips,2015,,0
5257,995111,5.0,2017-05-15,Male,Headphones,Philips,2015,,0
8410,995182,4.0,2017-05-15,Female&Male,Headphones,Philips,2017,Male,0
5146,995889,5.0,2017-05-16,Female,Headphones,Jabra,2014,,0
4818,996120,5.0,2017-05-17,Male,Headphones,Philips,2014,,0
5146,996298,5.0,2017-05-17,Female,Headphones,Jabra,2014,,0
3338,996350,1.0,2017-05-17,Male,Headphones,Jabra,2013,,0
5142,997076,4.0,2017-05-19,Female,Headphones,Jabra,2014,,0
7526,997127,5.0,2017-05-19,Male,Headphones,Philips,2015,,0
3150,286022,1.0,2017-05-19,Male,Headphones,Philips,2013,Male,2
5257,960031,5.0,2017-05-21,Male,Headphones,Philips,2015,,2
5146,998004,5.0,2017-05-21,Female,Headphones,Jabra,2014,,0
5257,998388,5.0,2017-05-22,Male,Headphones,Philips,2015,,0
5257,998403,2.0,2017-05-22,Male,Headphones,Philips,2015,,0
3150,998493,1.0,2017-05-22,Male,Headphones,Philips,2013,,0
5146,998517,2.0,2017-05-22,Female,Headphones,Jabra,2014,,0
5146,998807,5.0,2017-05-23,Female,Headphones,Jabra,2014,,0
3150,999289,2.0,2017-05-24,Male,Headphones,Philips,2013,,0
5146,999640,5.0,2017-05-25,Female,Headphones,Jabra,2014,,0
5257,999762,5.0,2017-05-25,Male,Headphones,Philips,2015,,0
5146,1000126,5.0,2017-05-26,Female,Headphones,Jabra,2014,,0
5146,1000137,1.0,2017-05-26,Female,Headphones,Jabra,2014,,0
3338,1000153,2.0,2017-05-26,Male,Headphones,Jabra,2013,,0
7213,1000528,4.0,2017-05-27,Female&Male,Headphones,Philips,2015,,0
4128,627583,4.0,2017-05-28,Female,Headphones,Jabra,2014,Male,2
5257,1000842,4.0,2017-05-28,Male,Headphones,Philips,2015,,0
5257,1001186,2.0,2017-05-29,Male,Headphones,Philips,2015,,0
5146,1001545,3.0,2017-05-30,Female,Headphones,Jabra,2014,,0
5146,1002051,5.0,2017-05-31,Female,Headphones,Jabra,2014,,0
5146,1002064,2.0,2017-05-31,Female,Headphones,Jabra,2014,,0
3338,170010,5.0,2017-05-31,Male,Headphones,Jabra,2013,,2
5257,1002532,5.0,2017-06-01,Male,Headphones,Philips,2015,,0
3150,1002572,4.0,2017-06-01,Male,Headphones,Philips,2013,,0
5257,1002888,5.0,2017-06-02,Male,Headphones,Philips,2015,,0
7526,1003282,5.0,2017-06-03,Male,Headphones,Philips,2015,,0
5257,1003569,5.0,2017-06-03,Male,Headphones,Philips,2015,,0
3338,578618,5.0,2017-06-04,Male,Headphones,Jabra,2013,Male,2
5142,1004053,2.0,2017-06-05,Female,Headphones,Jabra,2014,,0
7092,1004467,5.0,2017-06-05,Male,Headphones,Philips,2015,,0
5142,1004724,1.0,2017-06-06,Female,Headphones,Jabra,2014,,0
5146,1004757,5.0,2017-06-06,Female,Headphones,Jabra,2014,,0
3461,1005127,1.0,2017-06-07,Male,Headphones,Philips,2013,,0
7482,1005290,5.0,2017-06-07,Male,Headphones,Jabra,2015,Female,0
3150,998759,5.0,2017-06-07,Male,Headphones,Philips,2013,Male,2
5146,872951,4.0,2017-06-07,Female,Headphones,Jabra,2014,,2
7526,1005588,3.0,2017-06-08,Male,Headphones,Philips,2015,,0
7092,1005651,1.0,2017-06-08,Male,Headphones,Philips,2015,,0
8739,1005776,5.0,2017-06-08,Male,Headphones,Philips,2016,,0
7528,1006060,1.0,2017-06-09,Female,Headphones,Philips,2015,,0
5257,1006141,4.0,2017-06-09,Male,Headphones,Philips,2015,,0
5146,1006387,5.0,2017-06-10,Female,Headphones,Jabra,2014,,0
5146,1006788,5.0,2017-06-11,Female,Headphones,Jabra,2014,,0
5257,1007308,5.0,2017-06-12,Male,Headphones,Philips,2015,,0
3150,870216,4.0,2017-06-12,Male,Headphones,Philips,2013,Female,2
3150,1007412,2.0,2017-06-12,Male,Headphones,Philips,2013,,0
1762,1007494,1.0,2017-06-13,Male,Headphones,Philips,2013,,0
3150,1007883,4.0,2017-06-14,Male,Headphones,Philips,2013,,0
3150,1007884,5.0,2017-06-14,Male,Headphones,Philips,2013,,0
3338,1008063,1.0,2017-06-14,Male,Headphones,Jabra,2013,,0
5146,1008093,5.0,2017-06-14,Female,Headphones,Jabra,2014,,0
1728,1008280,3.0,2017-06-14,Female&Male,Headphones,Jabra,2011,,0
5146,1008390,1.0,2017-06-15,Female,Headphones,Jabra,2014,,0
5146,1008399,5.0,2017-06-15,Female,Headphones,Jabra,2014,,0
5257,1008427,5.0,2017-06-15,Male,Headphones,Philips,2015,,0
4128,1008526,2.0,2017-06-15,Female,Headphones,Jabra,2014,,0
7213,1008684,5.0,2017-06-16,Female&Male,Headphones,Philips,2015,,0
3150,1008918,5.0,2017-06-16,Male,Headphones,Philips,2013,,0
5146,1009082,5.0,2017-06-16,Female,Headphones,Jabra,2014,,0
3150,1009199,1.0,2017-06-17,Male,Headphones,Philips,2013,,0
5146,1009366,3.0,2017-06-17,Female,Headphones,Jabra,2014,,0
7092,1009393,5.0,2017-06-17,Male,Headphones,Philips,2015,,0
5146,1009451,2.0,2017-06-18,Female,Headphones,Jabra,2014,,0
5257,1010228,5.0,2017-06-19,Male,Headphones,Philips,2015,,0
5257,1010239,5.0,2017-06-19,Male,Headphones,Philips,2015,,0
9106,1010564,5.0,2017-06-20,Male,Headphones,Jabra,2017,,0
3150,1011247,2.0,2017-06-22,Male,Headphones,Philips,2013,,0
5146,1011254,1.0,2017-06-22,Female,Headphones,Jabra,2014,,0
5257,1011412,5.0,2017-06-22,Male,Headphones,Philips,2015,,0
3461,1012034,5.0,2017-06-24,Male,Headphones,Philips,2013,,0
7047,1012327,1.0,2017-06-25,Female&Male,Headphones,Philips,2015,,0
3338,1012351,3.0,2017-06-25,Male,Headphones,Jabra,2013,,0
5146,1012575,5.0,2017-06-25,Female,Headphones,Jabra,2014,,0
5146,96052,1.0,2017-06-26,Female,Headphones,Jabra,2014,,2
5146,1012838,1.0,2017-06-26,Female,Headphones,Jabra,2014,,0
5257,1012880,5.0,2017-06-26,Male,Headphones,Philips,2015,,0
5257,1012882,4.0,2017-06-26,Male,Headphones,Philips,2015,,0
5142,1013276,1.0,2017-06-27,Female,Headphones,Jabra,2014,,0
5257,1013665,5.0,2017-06-28,Male,Headphones,Philips,2015,,0
7482,1013725,1.0,2017-06-28,Male,Headphones,Jabra,2015,,0
5146,1013761,5.0,2017-06-28,Female,Headphones,Jabra,2014,,0
5146,1013786,5.0,2017-06-28,Female,Headphones,Jabra,2014,,0
5146,1014052,5.0,2017-06-29,Female,Headphones,Jabra,2014,,0
9106,1014356,5.0,2017-06-30,Male,Headphones,Jabra,2017,,0
5146,1014379,1.0,2017-06-30,Female,Headphones,Jabra,2014,,0
5257,1014829,5.0,2017-07-01,Male,Headphones,Philips,2015,Male,0
5257,1014831,2.0,2017-07-01,Male,Headphones,Philips,2015,,0
5146,1015502,1.0,2017-07-03,Female,Headphones,Jabra,2014,,0
5257,1015537,5.0,2017-07-03,Male,Headphones,Philips,2015,,0
5146,1015881,5.0,2017-07-05,Female,Headphones,Jabra,2014,,0
5257,1016019,4.0,2017-07-05,Male,Headphones,Philips,2015,,0
5142,1016142,1.0,2017-07-05,Female,Headphones,Jabra,2014,,0
7526,1016396,4.0,2017-07-06,Male,Headphones,Philips,2015,,0
7526,1016397,5.0,2017-07-06,Male,Headphones,Philips,2015,,0
3150,1016918,1.0,2017-07-07,Male,Headphones,Philips,2013,,0
3150,1017421,4.0,2017-07-09,Male,Headphones,Philips,2013,Male,0
5257,1017658,5.0,2017-07-09,Male,Headphones,Philips,2015,,0
3150,1018043,1.0,2017-07-11,Male,Headphones,Philips,2013,,0
3461,1018266,4.0,2017-07-11,Male,Headphones,Philips,2013,Male,0
5257,1018465,5.0,2017-07-12,Male,Headphones,Philips,2015,,0
5257,1018487,4.0,2017-07-12,Male,Headphones,Philips,2015,,0
5146,1018518,5.0,2017-07-12,Female,Headphones,Jabra,2014,,0
5146,1018521,2.0,2017-07-12,Female,Headphones,Jabra,2014,,0
7213,1018596,5.0,2017-07-12,Female&Male,Headphones,Philips,2015,,0
4128,1018629,5.0,2017-07-12,Female,Headphones,Jabra,2014,,0
5146,1019303,4.0,2017-07-13,Female,Headphones,Jabra,2014,,0
5142,1019449,1.0,2017-07-14,Female,Headphones,Jabra,2014,,0
5257,1019600,5.0,2017-07-14,Male,Headphones,Philips,2015,,0
3150,1019615,5.0,2017-07-14,Male,Headphones,Philips,2013,Female,0
3150,1019618,5.0,2017-07-14,Male,Headphones,Philips,2013,,0
5146,1019635,5.0,2017-07-14,Female,Headphones,Jabra,2014,Male,0
5146,1019721,3.0,2017-07-15,Female,Headphones,Jabra,2014,,0
5142,1020027,1.0,2017-07-15,Female,Headphones,Jabra,2014,,0
5146,1020209,5.0,2017-07-16,Female,Headphones,Jabra,2014,,0
5146,1020677,2.0,2017-07-17,Female,Headphones,Jabra,2014,,0
5146,197033,5.0,2017-07-18,Female,Headphones,Jabra,2014,,2
3150,1020975,1.0,2017-07-18,Male,Headphones,Philips,2013,Male,0
5146,1021034,2.0,2017-07-18,Female,Headphones,Jabra,2014,,0
3150,1021526,2.0,2017-07-19,Male,Headphones,Philips,2013,,0
5257,1021570,4.0,2017-07-19,Male,Headphones,Philips,2015,,0
5146,1021753,2.0,2017-07-19,Female,Headphones,Jabra,2014,,0
7526,1022037,5.0,2017-07-20,Male,Headphones,Philips,2015,,0
5146,1022250,4.0,2017-07-20,Female,Headphones,Jabra,2014,,0
5146,1022251,3.0,2017-07-20,Female,Headphones,Jabra,2014,,0
7047,725463,1.0,2017-07-20,Female&Male,Headphones,Philips,2015,,2
5142,1022529,4.0,2017-07-20,Female,Headphones,Jabra,2014,,0
5146,559629,2.0,2017-07-21,Female,Headphones,Jabra,2014,,2
3150,1022637,5.0,2017-07-21,Male,Headphones,Philips,2013,,0
4128,1023038,5.0,2017-07-21,Female,Headphones,Jabra,2014,,0
8739,1023212,3.0,2017-07-22,Male,Headphones,Philips,2016,,0
7092,1023367,5.0,2017-07-22,Male,Headphones,Philips,2015,,0
5146,1023462,2.0,2017-07-22,Female,Headphones,Jabra,2014,Male,0
4128,1023546,3.0,2017-07-23,Female,Headphones,Jabra,2014,,0
5146,1023557,4.0,2017-07-23,Female,Headphones,Jabra,2014,,0
3150,1024423,5.0,2017-07-25,Male,Headphones,Philips,2013,,0
5257,1025155,5.0,2017-07-26,Male,Headphones,Philips,2015,,2
5146,1025297,5.0,2017-07-26,Female,Headphones,Jabra,2014,,0
5146,292783,5.0,2017-07-26,Female,Headphones,Jabra,2014,,2
5146,1025298,4.0,2017-07-26,Female,Headphones,Jabra,2014,,0
2992,1025312,5.0,2017-07-26,Male,Headphones,Philips,2013,,0
5142,1025351,1.0,2017-07-26,Female,Headphones,Jabra,2014,,0
5257,1025774,5.0,2017-07-27,Male,Headphones,Philips,2015,,0
5142,1026901,2.0,2017-07-30,Female,Headphones,Jabra,2014,,0
5257,1026953,5.0,2017-07-30,Male,Headphones,Philips,2015,,0
4128,1027072,5.0,2017-07-30,Female,Headphones,Jabra,2014,,0
5146,1027270,5.0,2017-07-31,Female,Headphones,Jabra,2014,Female,0
7482,1027461,5.0,2017-07-31,Male,Headphones,Jabra,2015,Male,0
2992,1027856,5.0,2017-08-01,Male,Headphones,Philips,2013,,0
4128,1028338,1.0,2017-08-02,Female,Headphones,Jabra,2014,,0
3150,1028372,2.0,2017-08-02,Male,Headphones,Philips,2013,,0
5257,1028516,5.0,2017-08-02,Male,Headphones,Philips,2015,,0
5146,1028723,3.0,2017-08-02,Female,Headphones,Jabra,2014,,0
5146,1028767,5.0,2017-08-02,Female,Headphones,Jabra,2014,,0
3150,1029087,3.0,2017-08-03,Male,Headphones,Philips,2013,Female,0
5257,1029456,4.0,2017-08-04,Male,Headphones,Philips,2015,,0
5142,1029925,5.0,2017-08-05,Female,Headphones,Jabra,2014,,0
5257,1030136,5.0,2017-08-06,Male,Headphones,Philips,2015,,0
3150,1030225,1.0,2017-08-06,Male,Headphones,Philips,2013,,0
7528,1030925,5.0,2017-08-07,Female,Headphones,Philips,2015,,0
7482,1030973,1.0,2017-08-07,Male,Headphones,Jabra,2015,,0
5146,1031064,5.0,2017-08-08,Female,Headphones,Jabra,2014,,0
5146,1031106,2.0,2017-08-08,Female,Headphones,Jabra,2014,,0
5257,873886,5.0,2017-08-08,Male,Headphones,Philips,2015,,2
7482,1031802,1.0,2017-08-09,Male,Headphones,Jabra,2015,,0
5257,1031826,4.0,2017-08-09,Male,Headphones,Philips,2015,,0
3150,1032415,1.0,2017-08-10,Male,Headphones,Philips,2013,Female,0
5142,564754,1.0,2017-08-11,Female,Headphones,Jabra,2014,,2
5257,1032939,5.0,2017-08-11,Male,Headphones,Philips,2015,,0
4128,1032999,5.0,2017-08-11,Female,Headphones,Jabra,2014,,0
2614,1033153,5.0,2017-08-12,Female,Headphones,Philips,2015,,0
5146,1033518,4.0,2017-08-12,Female,Headphones,Jabra,2014,,0
5146,1033520,4.0,2017-08-12,Female,Headphones,Jabra,2014,,0
4128,1033526,5.0,2017-08-12,Female,Headphones,Jabra,2014,,0
3150,1033842,3.0,2017-08-13,Male,Headphones,Philips,2013,,0
5257,1034026,4.0,2017-08-14,Male,Headphones,Philips,2015,,0
5146,1034334,5.0,2017-08-14,Female,Headphones,Jabra,2014,,0
7528,1034492,4.0,2017-08-14,Female,Headphones,Philips,2015,,0
5146,839175,4.0,2017-08-15,Female,Headphones,Jabra,2014,,2
5142,1034984,2.0,2017-08-15,Female,Headphones,Jabra,2014,,0
7526,1035367,4.0,2017-08-16,Male,Headphones,Philips,2015,,0
9106,1035783,3.0,2017-08-17,Male,Headphones,Jabra,2017,,0
5146,1035830,3.0,2017-08-17,Female,Headphones,Jabra,2014,,0
5257,1036165,5.0,2017-08-18,Male,Headphones,Philips,2015,,2
5146,1036436,5.0,2017-08-19,Female,Headphones,Jabra,2014,,0
5257,1036652,5.0,2017-08-19,Male,Headphones,Philips,2015,,0
5257,159298,5.0,2017-08-19,Male,Headphones,Philips,2015,,2
4128,1036747,1.0,2017-08-20,Female,Headphones,Jabra,2014,,0
3338,1036940,4.0,2017-08-20,Male,Headphones,Jabra,2013,,0
3150,1037108,1.0,2017-08-21,Male,Headphones,Philips,2013,,0
5146,1037477,5.0,2017-08-21,Female,Headphones,Jabra,2014,,0
5146,1037478,3.0,2017-08-21,Female,Headphones,Jabra,2014,,0
5146,1037479,4.0,2017-08-21,Female,Headphones,Jabra,2014,Female,0
5146,137126,5.0,2017-08-21,Female,Headphones,Jabra,2014,,0
3606,1037883,3.0,2017-08-22,Male,Headphones,Philips,2014,,0
6742,1037917,1.0,2017-08-22,Male,Headphones,Philips,2018,,0
8410,1037998,3.0,2017-08-22,Female&Male,Headphones,Philips,2017,,0
7528,1038059,2.0,2017-08-23,Female,Headphones,Philips,2015,,0
7482,149259,5.0,2017-08-23,Male,Headphones,Jabra,2015,Male,2
547,613971,5.0,2017-08-23,Male,Headphones,Philips,2007,,2
5257,1038871,5.0,2017-08-24,Male,Headphones,Philips,2015,,0
5257,199442,5.0,2017-08-24,Male,Headphones,Philips,2015,,1
2992,1039168,5.0,2017-08-25,Male,Headphones,Philips,2013,,0
3150,1039263,4.0,2017-08-25,Male,Headphones,Philips,2013,,0
4128,1039276,4.0,2017-08-25,Female,Headphones,Jabra,2014,,0
4128,146016,1.0,2017-08-25,Female,Headphones,Jabra,2014,,2
7528,1039617,4.0,2017-08-26,Female,Headphones,Philips,2015,Male,0
5146,1039747,5.0,2017-08-26,Female,Headphones,Jabra,2014,,0
5257,1040257,5.0,2017-08-28,Male,Headphones,Philips,2015,,0
5146,1040325,5.0,2017-08-28,Female,Headphones,Jabra,2014,,0
5146,1040963,1.0,2017-08-29,Female,Headphones,Jabra,2014,,0
1728,1041075,1.0,2017-08-30,Female&Male,Headphones,Jabra,2011,,0
4128,1041465,5.0,2017-08-30,Female,Headphones,Jabra,2014,,0
3150,1041533,5.0,2017-08-31,Male,Headphones,Philips,2013,,0
3150,1041534,5.0,2017-08-31,Male,Headphones,Philips,2013,,0
5146,1041581,4.0,2017-08-31,Female,Headphones,Jabra,2014,,0
7526,1041812,5.0,2017-08-31,Male,Headphones,Philips,2015,,0
5146,1042024,5.0,2017-09-01,Female,Headphones,Jabra,2014,,0
5257,1042510,4.0,2017-09-02,Male,Headphones,Philips,2015,,0
5257,1042706,5.0,2017-09-03,Male,Headphones,Philips,2015,,2
7092,1043041,1.0,2017-09-04,Male,Headphones,Philips,2015,,0
5146,1043112,3.0,2017-09-04,Female,Headphones,Jabra,2014,,0
3150,700532,5.0,2017-09-04,Male,Headphones,Philips,2013,,2
7047,1043484,5.0,2017-09-05,Female&Male,Headphones,Philips,2015,,0
7047,1043486,1.0,2017-09-05,Female&Male,Headphones,Philips,2015,,0
5257,1043832,5.0,2017-09-05,Male,Headphones,Philips,2015,,0
5257,1043873,5.0,2017-09-05,Male,Headphones,Philips,2015,,0
4128,1043951,5.0,2017-09-06,Female,Headphones,Jabra,2014,,0
3338,1045203,1.0,2017-09-08,Male,Headphones,Jabra,2013,,0
3150,1045258,5.0,2017-09-09,Male,Headphones,Philips,2013,Male,0
5257,1045443,1.0,2017-09-09,Male,Headphones,Philips,2015,,0
3150,1045823,5.0,2017-09-10,Male,Headphones,Philips,2013,,0
5146,1045650,4.0,2017-09-10,Female,Headphones,Jabra,2014,,2
3461,1045955,5.0,2017-09-11,Male,Headphones,Philips,2013,,0
5146,1043871,5.0,2017-09-11,Female,Headphones,Jabra,2014,,2
5257,1046322,5.0,2017-09-11,Male,Headphones,Philips,2015,,0
5257,1046325,5.0,2017-09-11,Male,Headphones,Philips,2015,,0
5146,1046394,5.0,2017-09-12,Female,Headphones,Jabra,2014,Female,0
4128,1046848,4.0,2017-09-13,Female,Headphones,Jabra,2014,,0
2992,1047141,3.0,2017-09-14,Male,Headphones,Philips,2013,,0
5146,235432,4.0,2017-09-14,Female,Headphones,Jabra,2014,Male,2
5146,1047230,5.0,2017-09-14,Female,Headphones,Jabra,2014,,0
5257,1047325,2.0,2017-09-14,Male,Headphones,Philips,2015,,0
5257,1047424,4.0,2017-09-14,Male,Headphones,Philips,2015,,2
5257,1047494,5.0,2017-09-15,Male,Headphones,Philips,2015,,0
5146,1047511,4.0,2017-09-15,Female,Headphones,Jabra,2014,,0
3150,1047564,5.0,2017-09-15,Male,Headphones,Philips,2013,Male,0
3461,1047666,3.0,2017-09-15,Male,Headphones,Philips,2013,,0
4128,1047913,4.0,2017-09-16,Female,Headphones,Jabra,2014,,0
5146,815081,5.0,2017-09-16,Female,Headphones,Jabra,2014,,1
5146,1048137,5.0,2017-09-16,Female,Headphones,Jabra,2014,,0
4128,1048474,5.0,2017-09-17,Female,Headphones,Jabra,2014,,0
5146,415182,5.0,2017-09-17,Female,Headphones,Jabra,2014,,2
5146,1048682,5.0,2017-09-18,Female,Headphones,Jabra,2014,Male,0
2992,1048920,3.0,2017-09-18,Male,Headphones,Philips,2013,,0
4128,1049399,4.0,2017-09-20,Female,Headphones,Jabra,2014,,0
5142,1049413,2.0,2017-09-20,Female,Headphones,Jabra,2014,,0
5146,1049443,1.0,2017-09-20,Female,Headphones,Jabra,2014,,0
5146,1049445,2.0,2017-09-20,Female,Headphones,Jabra,2014,,0
3338,1050088,2.0,2017-09-21,Male,Headphones,Jabra,2013,,0
5142,1050440,2.0,2017-09-22,Female,Headphones,Jabra,2014,,0
5257,1050554,5.0,2017-09-22,Male,Headphones,Philips,2015,,0
2992,1050620,5.0,2017-09-23,Male,Headphones,Philips,2013,,0
5257,1050896,5.0,2017-09-23,Male,Headphones,Philips,2015,,0
5257,1050931,1.0,2017-09-23,Male,Headphones,Philips,2015,,0
6015,1051138,5.0,2017-09-24,Female,Headphones,Jabra,2015,,0
5257,1051167,2.0,2017-09-24,Male,Headphones,Philips,2015,,0
5142,1051261,1.0,2017-09-24,Female,Headphones,Jabra,2014,,0
5257,1051271,5.0,2017-09-25,Male,Headphones,Philips,2015,,0
3150,1051909,4.0,2017-09-26,Male,Headphones,Philips,2013,,0
7482,1051946,1.0,2017-09-26,Male,Headphones,Jabra,2015,,0
1762,1052767,1.0,2017-09-28,Male,Headphones,Philips,2013,,0
3150,1053592,5.0,2017-09-30,Male,Headphones,Philips,2013,,0
5146,1053606,5.0,2017-09-30,Female,Headphones,Jabra,2014,Male,0
5146,1053607,5.0,2017-09-30,Female,Headphones,Jabra,2014,,0
5146,1054411,3.0,2017-10-02,Female,Headphones,Jabra,2014,,0
7482,1054619,1.0,2017-10-03,Male,Headphones,Jabra,2015,,0
5257,1054755,5.0,2017-10-03,Male,Headphones,Philips,2015,,0
5146,1054758,5.0,2017-10-03,Female,Headphones,Jabra,2014,,0
5146,1054890,1.0,2017-10-04,Female,Headphones,Jabra,2014,,0
3439,1055535,5.0,2017-10-06,Male,Headphones,Philips,2014,,0
5257,605934,5.0,2017-10-07,Male,Headphones,Philips,2015,,1
5146,1056331,5.0,2017-10-08,Female,Headphones,Jabra,2014,,0
5142,1056376,3.0,2017-10-08,Female,Headphones,Jabra,2014,,0
5146,1056481,5.0,2017-10-09,Female,Headphones,Jabra,2014,,0
5257,1056486,5.0,2017-10-09,Male,Headphones,Philips,2015,,0
2992,719468,5.0,2017-10-09,Male,Headphones,Philips,2013,,2
5257,1056980,4.0,2017-10-10,Male,Headphones,Philips,2015,,0
7213,1057043,5.0,2017-10-10,Female&Male,Headphones,Philips,2015,,0
4128,1057171,5.0,2017-10-11,Female,Headphones,Jabra,2014,,0
4128,1057172,5.0,2017-10-11,Female,Headphones,Jabra,2014,,0
7047,1057817,3.0,2017-10-13,Female&Male,Headphones,Philips,2015,,0
5146,1058049,4.0,2017-10-13,Female,Headphones,Jabra,2014,,0
5146,1058054,5.0,2017-10-13,Female,Headphones,Jabra,2014,,0
5146,406459,5.0,2017-10-13,Female,Headphones,Jabra,2014,,2
5257,1058062,5.0,2017-10-13,Male,Headphones,Philips,2015,,0
4128,867990,5.0,2017-10-14,Female,Headphones,Jabra,2014,Female,1
5146,1058273,3.0,2017-10-14,Female,Headphones,Jabra,2014,Male,2
5146,1058552,4.0,2017-10-15,Female,Headphones,Jabra,2014,Male,0
5146,804055,5.0,2017-10-15,Female,Headphones,Jabra,2014,Female,1
5142,1058663,1.0,2017-10-16,Female,Headphones,Jabra,2014,,0
7482,1059065,1.0,2017-10-17,Male,Headphones,Jabra,2015,,0
5146,1059152,1.0,2017-10-17,Female,Headphones,Jabra,2014,,0
5257,1059284,4.0,2017-10-17,Male,Headphones,Philips,2015,,0
3150,1059809,5.0,2017-10-19,Male,Headphones,Philips,2013,,0
5142,1059818,1.0,2017-10-19,Female,Headphones,Jabra,2014,,0
5146,1059876,2.0,2017-10-19,Female,Headphones,Jabra,2014,,0
5257,746199,5.0,2017-10-19,Male,Headphones,Philips,2015,,1
5257,1060164,5.0,2017-10-20,Male,Headphones,Philips,2015,,0
5257,1060181,5.0,2017-10-20,Male,Headphones,Philips,2015,,0
3461,1060349,1.0,2017-10-21,Male,Headphones,Philips,2013,Male,0
5146,1060627,5.0,2017-10-22,Female,Headphones,Jabra,2014,,0
5146,300665,4.0,2017-10-22,Female,Headphones,Jabra,2014,Male,2
5146,1061118,5.0,2017-10-23,Female,Headphones,Jabra,2014,,0
3150,1061220,5.0,2017-10-23,Male,Headphones,Philips,2013,,0
8739,1061266,2.0,2017-10-24,Male,Headphones,Philips,2016,,0
3150,1061551,4.0,2017-10-24,Male,Headphones,Philips,2013,,0
5146,1061604,5.0,2017-10-24,Female,Headphones,Jabra,2014,,0
5257,1061833,5.0,2017-10-25,Male,Headphones,Philips,2015,,0
4128,1062102,4.0,2017-10-25,Female,Headphones,Jabra,2014,,0
7528,1062197,5.0,2017-10-26,Female,Headphones,Philips,2015,Female,0
5257,1062221,5.0,2017-10-26,Male,Headphones,Philips,2015,,2
3150,1062535,3.0,2017-10-27,Male,Headphones,Philips,2013,,0
5257,1062685,5.0,2017-10-27,Male,Headphones,Philips,2015,,0
5257,1062686,5.0,2017-10-27,Male,Headphones,Philips,2015,,0
5257,1062886,5.0,2017-10-28,Male,Headphones,Philips,2015,,0
5146,1063046,4.0,2017-10-28,Female,Headphones,Jabra,2014,,0
3606,1063104,1.0,2017-10-28,Male,Headphones,Philips,2014,,0
5146,1063211,4.0,2017-10-29,Female,Headphones,Jabra,2014,,0
5142,1063267,4.0,2017-10-29,Female,Headphones,Jabra,2014,,0
5146,1063626,5.0,2017-10-30,Female,Headphones,Jabra,2014,,0
5146,1063627,4.0,2017-10-30,Female,Headphones,Jabra,2014,,0
3150,1063651,5.0,2017-10-30,Male,Headphones,Philips,2013,,0
7213,1063689,5.0,2017-10-30,Female&Male,Headphones,Philips,2015,,0
4128,1063865,1.0,2017-10-30,Female,Headphones,Jabra,2014,,0
8739,1064058,4.0,2017-10-31,Male,Headphones,Philips,2016,,0
5146,97448,5.0,2017-10-31,Female,Headphones,Jabra,2014,,2
5146,1064250,4.0,2017-10-31,Female,Headphones,Jabra,2014,,0
5146,1064257,5.0,2017-10-31,Female,Headphones,Jabra,2014,,0
5257,1064273,5.0,2017-11-01,Male,Headphones,Philips,2015,,2
5257,1064398,5.0,2017-11-01,Male,Headphones,Philips,2015,,0
8739,1064532,5.0,2017-11-01,Male,Headphones,Philips,2016,,0
5146,1064540,2.0,2017-11-01,Female,Headphones,Jabra,2014,,0
5146,1064614,5.0,2017-11-01,Female,Headphones,Jabra,2014,,0
5146,1064924,4.0,2017-11-02,Female,Headphones,Jabra,2014,Male,0
5257,1064936,5.0,2017-11-02,Male,Headphones,Philips,2015,,0
5257,1065013,5.0,2017-11-03,Male,Headphones,Philips,2015,,0
5257,786425,4.0,2017-11-03,Male,Headphones,Philips,2015,,2
5257,33381,5.0,2017-11-03,Male,Headphones,Philips,2015,Male,2
5257,1065036,2.0,2017-11-03,Male,Headphones,Philips,2015,,0
5146,1065566,5.0,2017-11-04,Female,Headphones,Jabra,2014,,0
5146,1065807,5.0,2017-11-05,Female,Headphones,Jabra,2014,,0
3150,1065857,1.0,2017-11-05,Male,Headphones,Philips,2013,,0
4128,1066060,5.0,2017-11-05,Female,Headphones,Jabra,2014,,0
7092,1066340,2.0,2017-11-06,Male,Headphones,Philips,2015,,0
5257,1066514,5.0,2017-11-06,Male,Headphones,Philips,2015,,0
3150,1066648,2.0,2017-11-07,Male,Headphones,Philips,2013,Male,0
5146,1066756,2.0,2017-11-07,Female,Headphones,Jabra,2014,,0
5146,1067007,2.0,2017-11-08,Female,Headphones,Jabra,2014,,0
7528,1067185,4.0,2017-11-08,Female,Headphones,Philips,2015,,0
9106,1067284,5.0,2017-11-09,Male,Headphones,Jabra,2017,,0
5146,1067337,5.0,2017-11-09,Female,Headphones,Jabra,2014,,0
5257,631207,5.0,2017-11-10,Male,Headphones,Philips,2015,,2
5146,1067849,4.0,2017-11-10,Female,Headphones,Jabra,2014,,0
5146,1067850,5.0,2017-11-10,Female,Headphones,Jabra,2014,,0
5257,1068166,5.0,2017-11-11,Male,Headphones,Philips,2015,,0
5257,1068167,4.0,2017-11-11,Male,Headphones,Philips,2015,,0
5257,1068420,5.0,2017-11-12,Male,Headphones,Philips,2015,,0
5146,1068428,2.0,2017-11-12,Female,Headphones,Jabra,2014,,0
5146,1068429,5.0,2017-11-12,Female,Headphones,Jabra,2014,,0
5142,1069018,1.0,2017-11-14,Female,Headphones,Jabra,2014,,0
6015,1069117,1.0,2017-11-14,Female,Headphones,Jabra,2015,,0
5257,1069150,5.0,2017-11-14,Male,Headphones,Philips,2015,,0
3461,1069266,4.0,2017-11-14,Male,Headphones,Philips,2013,,0
5142,1069607,1.0,2017-11-15,Female,Headphones,Jabra,2014,,0
5146,1069801,5.0,2017-11-15,Female,Headphones,Jabra,2014,,0
5146,1069815,3.0,2017-11-15,Female,Headphones,Jabra,2014,,0
5146,1027252,5.0,2017-11-17,Female,Headphones,Jabra,2014,,2
3439,1070377,1.0,2017-11-17,Male,Headphones,Philips,2014,,0
5257,1070485,5.0,2017-11-17,Male,Headphones,Philips,2015,,0
5146,1070871,5.0,2017-11-18,Female,Headphones,Jabra,2014,,0
5146,1070872,5.0,2017-11-18,Female,Headphones,Jabra,2014,,0
5146,1070909,4.0,2017-11-19,Female,Headphones,Jabra,2014,,0
8739,1071135,1.0,2017-11-19,Male,Headphones,Philips,2016,,0
5257,173316,5.0,2017-11-19,Male,Headphones,Philips,2015,Male,2
5146,1071182,5.0,2017-11-20,Female,Headphones,Jabra,2014,,0
5146,1071193,3.0,2017-11-20,Female,Headphones,Jabra,2014,,0
5257,1071277,5.0,2017-11-20,Male,Headphones,Philips,2015,,0
5146,1071791,5.0,2017-11-21,Female,Headphones,Jabra,2014,,0
3150,1071853,5.0,2017-11-22,Male,Headphones,Philips,2013,,0
5257,1072033,5.0,2017-11-22,Male,Headphones,Philips,2015,,0
7528,1072593,5.0,2017-11-25,Female,Headphones,Philips,2015,Male,0
5146,1072611,5.0,2017-11-25,Female,Headphones,Jabra,2014,,0
5146,1072628,5.0,2017-11-25,Female,Headphones,Jabra,2014,,0
236,1072687,3.0,2017-11-25,Male,Headphones,Philips,2005,,0
5146,1073145,5.0,2017-11-26,Female,Headphones,Jabra,2014,,0
5257,1073455,5.0,2017-11-27,Male,Headphones,Philips,2015,,0
5257,1073466,5.0,2017-11-27,Male,Headphones,Philips,2015,Male,0
5257,1073243,5.0,2017-11-27,Male,Headphones,Philips,2015,,2
5146,982270,1.0,2017-11-27,Female,Headphones,Jabra,2014,,2
5146,1063512,5.0,2017-11-28,Female,Headphones,Jabra,2014,,2
3150,1073747,5.0,2017-11-28,Male,Headphones,Philips,2013,,0
3150,1073749,3.0,2017-11-28,Male,Headphones,Philips,2013,,0
8739,1050981,2.0,2017-11-28,Male,Headphones,Philips,2016,,2
5257,1074356,5.0,2017-11-29,Male,Headphones,Philips,2015,,0
5146,821982,5.0,2017-11-29,Female,Headphones,Jabra,2014,Female,2
3150,1074584,2.0,2017-11-30,Male,Headphones,Philips,2013,,0
3150,1074587,3.0,2017-11-30,Male,Headphones,Philips,2013,,0
3461,1074699,5.0,2017-11-30,Male,Headphones,Philips,2013,,0
2992,1074817,5.0,2017-11-30,Male,Headphones,Philips,2013,,0
5146,249712,5.0,2017-12-01,Female,Headphones,Jabra,2014,Male,2
7482,1075421,1.0,2017-12-02,Male,Headphones,Jabra,2015,,0
5146,1075494,3.0,2017-12-02,Female,Headphones,Jabra,2014,,0
5146,1075495,5.0,2017-12-02,Female,Headphones,Jabra,2014,Male,0
7092,1075542,1.0,2017-12-03,Male,Headphones,Philips,2015,,0
5146,1075583,5.0,2017-12-03,Female,Headphones,Jabra,2014,,0
4128,1075666,5.0,2017-12-03,Female,Headphones,Jabra,2014,,0
5257,1076059,5.0,2017-12-04,Male,Headphones,Philips,2015,,0
5257,1076290,5.0,2017-12-05,Male,Headphones,Philips,2015,,0
5257,1076365,5.0,2017-12-05,Male,Headphones,Philips,2015,,0
5257,1076371,5.0,2017-12-05,Male,Headphones,Philips,2015,,0
4818,1076505,1.0,2017-12-05,Male,Headphones,Philips,2014,,0
5146,1076732,4.0,2017-12-06,Female,Headphones,Jabra,2014,,0
5146,1076746,3.0,2017-12-06,Female,Headphones,Jabra,2014,,0
5146,1042642,5.0,2017-12-06,Female,Headphones,Jabra,2014,,1
5257,1076997,5.0,2017-12-06,Male,Headphones,Philips,2015,,0
5257,1076998,5.0,2017-12-06,Male,Headphones,Philips,2015,,0
7047,1077022,1.0,2017-12-06,Female&Male,Headphones,Philips,2015,,0
5257,1077193,1.0,2017-12-07,Male,Headphones,Philips,2015,,0
5146,1077325,5.0,2017-12-07,Female,Headphones,Jabra,2014,,0
5146,1077335,1.0,2017-12-07,Female,Headphones,Jabra,2014,,0
2992,1077552,5.0,2017-12-08,Male,Headphones,Philips,2013,,0
2614,1077701,4.0,2017-12-08,Female,Headphones,Philips,2015,,0
5257,1077762,4.0,2017-12-08,Male,Headphones,Philips,2015,,0
3338,1077775,2.0,2017-12-08,Male,Headphones,Jabra,2013,,0
7047,978504,3.0,2017-12-09,Female&Male,Headphones,Philips,2015,Male,0
5146,1078072,5.0,2017-12-09,Female,Headphones,Jabra,2014,,0
5257,1078087,5.0,2017-12-09,Male,Headphones,Philips,2015,,0
5146,1078257,2.0,2017-12-10,Female,Headphones,Jabra,2014,,0
5146,1078275,2.0,2017-12-10,Female,Headphones,Jabra,2014,,0
5146,1078277,5.0,2017-12-10,Female,Headphones,Jabra,2014,,0
5257,322198,5.0,2017-12-11,Male,Headphones,Philips,2015,,2
5146,1079478,4.0,2017-12-13,Female,Headphones,Jabra,2014,,0
5146,1079479,5.0,2017-12-13,Female,Headphones,Jabra,2014,,0
5146,1079480,5.0,2017-12-13,Female,Headphones,Jabra,2014,,0
5146,1079481,5.0,2017-12-13,Female,Headphones,Jabra,2014,Male,0
5146,563224,4.0,2017-12-14,Female,Headphones,Jabra,2014,Male,2
5146,1079797,5.0,2017-12-14,Female,Headphones,Jabra,2014,,0
5146,1079798,1.0,2017-12-14,Female,Headphones,Jabra,2014,,0
5257,1079826,5.0,2017-12-14,Male,Headphones,Philips,2015,,0
3150,1079932,5.0,2017-12-14,Male,Headphones,Philips,2013,,0
5257,1079957,5.0,2017-12-14,Male,Headphones,Philips,2015,,0
5142,1080103,1.0,2017-12-15,Female,Headphones,Jabra,2014,,0
5146,1080188,3.0,2017-12-15,Female,Headphones,Jabra,2014,,0
3150,1080219,5.0,2017-12-15,Male,Headphones,Philips,2013,Female,0
5257,962127,5.0,2017-12-15,Male,Headphones,Philips,2015,,2
5146,1080402,2.0,2017-12-16,Female,Headphones,Jabra,2014,,0
4128,486477,5.0,2017-12-16,Female,Headphones,Jabra,2014,,2
4128,1080440,5.0,2017-12-16,Female,Headphones,Jabra,2014,,0
5257,1080461,5.0,2017-12-16,Male,Headphones,Philips,2015,,0
3338,1080684,5.0,2017-12-16,Male,Headphones,Jabra,2013,Female,0
5146,1080970,5.0,2017-12-17,Female,Headphones,Jabra,2014,,0
5146,1080971,2.0,2017-12-17,Female,Headphones,Jabra,2014,,0
5146,258902,4.0,2017-12-17,Female,Headphones,Jabra,2014,,2
4128,1081285,5.0,2017-12-18,Female,Headphones,Jabra,2014,,0
4128,1081286,2.0,2017-12-18,Female,Headphones,Jabra,2014,,0
5146,1081333,4.0,2017-12-18,Female,Headphones,Jabra,2014,,0
5146,1081334,4.0,2017-12-18,Female,Headphones,Jabra,2014,,0
2992,1081862,1.0,2017-12-19,Male,Headphones,Philips,2013,,0
5257,1081951,5.0,2017-12-19,Male,Headphones,Philips,2015,,0
5146,1082387,4.0,2017-12-21,Female,Headphones,Jabra,2014,,0
4128,711535,2.0,2017-12-22,Female,Headphones,Jabra,2014,,2
5257,746012,5.0,2017-12-23,Male,Headphones,Philips,2015,Male,2
5146,1082957,3.0,2017-12-23,Female,Headphones,Jabra,2014,,0
5146,1082958,3.0,2017-12-23,Female,Headphones,Jabra,2014,,0
9540,1083079,5.0,2017-12-23,Male,Headphones,Philips,2018,,0
5257,1083191,5.0,2017-12-24,Male,Headphones,Philips,2015,,0
5257,1083197,1.0,2017-12-24,Male,Headphones,Philips,2015,,0
5146,1083373,5.0,2017-12-24,Female,Headphones,Jabra,2014,,0
5146,1083653,4.0,2017-12-25,Female,Headphones,Jabra,2014,,0
3150,1083917,3.0,2017-12-26,Male,Headphones,Philips,2013,,0
5142,1084001,5.0,2017-12-26,Female,Headphones,Jabra,2014,,0
5146,1084662,3.0,2017-12-27,Female,Headphones,Jabra,2014,,0
5146,1084663,1.0,2017-12-27,Female,Headphones,Jabra,2014,,0
5146,1084664,4.0,2017-12-27,Female,Headphones,Jabra,2014,,0
5146,1084953,4.0,2017-12-28,Female,Headphones,Jabra,2014,,0
5146,1084955,5.0,2017-12-28,Female,Headphones,Jabra,2014,,0
5257,1085108,5.0,2017-12-28,Male,Headphones,Philips,2015,,0
5257,306525,5.0,2017-12-28,Male,Headphones,Philips,2015,Male,2
5257,1085110,5.0,2017-12-28,Male,Headphones,Philips,2015,,0
5146,1085204,5.0,2017-12-29,Female,Headphones,Jabra,2014,,0
5257,1085234,4.0,2017-12-29,Male,Headphones,Philips,2015,,0
5257,13814,5.0,2017-12-29,Male,Headphones,Philips,2015,Male,2
3150,1085681,5.0,2017-12-29,Male,Headphones,Philips,2013,,0
5257,1085847,5.0,2017-12-30,Male,Headphones,Philips,2015,,0
3700,503670,3.0,2017-12-30,Male,Headphones,Philips,2014,Male,2
5257,1086173,1.0,2017-12-31,Male,Headphones,Philips,2015,,0
5146,1086439,5.0,2017-12-31,Female,Headphones,Jabra,2014,,0
5146,1086441,5.0,2017-12-31,Female,Headphones,Jabra,2014,,0
5257,1086755,4.0,2018-01-01,Male,Headphones,Philips,2015,,0
5142,1087025,5.0,2018-01-02,Female,Headphones,Jabra,2014,,0
5146,1087034,2.0,2018-01-02,Female,Headphones,Jabra,2014,,0
5146,1087044,4.0,2018-01-02,Female,Headphones,Jabra,2014,,0
5146,1087045,5.0,2018-01-02,Female,Headphones,Jabra,2014,,0
3150,17317,3.0,2018-01-02,Male,Headphones,Philips,2013,,2
5146,1087291,2.0,2018-01-03,Female,Headphones,Jabra,2014,,0
5257,1087522,5.0,2018-01-03,Male,Headphones,Philips,2015,,0
3338,1087659,1.0,2018-01-03,Male,Headphones,Jabra,2013,,0
5146,1087849,5.0,2018-01-04,Female,Headphones,Jabra,2014,,0
5146,1087850,4.0,2018-01-04,Female,Headphones,Jabra,2014,,0
5146,1087857,4.0,2018-01-04,Female,Headphones,Jabra,2014,,0
5257,1088080,5.0,2018-01-04,Male,Headphones,Philips,2015,Male,0
5257,1088081,5.0,2018-01-04,Male,Headphones,Philips,2015,,0
9540,1088333,5.0,2018-01-05,Male,Headphones,Philips,2018,,0
5146,1088566,5.0,2018-01-05,Female,Headphones,Jabra,2014,,0
5146,1088610,5.0,2018-01-06,Female,Headphones,Jabra,2014,,0
5146,1088613,1.0,2018-01-06,Female,Headphones,Jabra,2014,,0
3150,161792,4.0,2018-01-06,Male,Headphones,Philips,2013,,2
5142,1089337,4.0,2018-01-07,Female,Headphones,Jabra,2014,,0
7092,1089798,1.0,2018-01-08,Male,Headphones,Philips,2015,,0
5146,1089984,5.0,2018-01-09,Female,Headphones,Jabra,2014,,0
5257,1090034,5.0,2018-01-09,Male,Headphones,Philips,2015,,0
7482,1090613,1.0,2018-01-10,Male,Headphones,Jabra,2015,,0
3150,1090789,5.0,2018-01-10,Male,Headphones,Philips,2013,Male,0
3150,1090821,5.0,2018-01-10,Male,Headphones,Philips,2013,,0
5146,1090922,4.0,2018-01-10,Female,Headphones,Jabra,2014,,0
5142,1091034,2.0,2018-01-11,Female,Headphones,Jabra,2014,,0
5146,1085052,5.0,2018-01-11,Female,Headphones,Jabra,2014,Male,2
5146,1091482,2.0,2018-01-12,Female,Headphones,Jabra,2014,,0
5146,1091494,5.0,2018-01-12,Female,Headphones,Jabra,2014,,0
5146,1091498,4.0,2018-01-12,Female,Headphones,Jabra,2014,,0
3700,1091534,4.0,2018-01-12,Male,Headphones,Philips,2014,,2
3150,1091810,5.0,2018-01-12,Male,Headphones,Philips,2013,,0
3150,1091869,5.0,2018-01-12,Male,Headphones,Philips,2013,Female,0
5142,1091913,4.0,2018-01-13,Female,Headphones,Jabra,2014,,0
7482,1092140,5.0,2018-01-13,Male,Headphones,Jabra,2015,,0
5257,1092475,3.0,2018-01-14,Male,Headphones,Philips,2015,,0
5146,681019,5.0,2018-01-15,Female,Headphones,Jabra,2014,,2
9540,1092804,3.0,2018-01-15,Male,Headphones,Philips,2018,,0
4128,1092850,3.0,2018-01-15,Female,Headphones,Jabra,2014,,0
5146,1093169,5.0,2018-01-16,Female,Headphones,Jabra,2014,,0
5146,1093170,4.0,2018-01-16,Female,Headphones,Jabra,2014,,0
3150,1093377,2.0,2018-01-16,Male,Headphones,Philips,2013,,0
5257,1093379,3.0,2018-01-16,Male,Headphones,Philips,2015,,0
5146,1093692,1.0,2018-01-17,Female,Headphones,Jabra,2014,,0
5146,1093693,5.0,2018-01-17,Female,Headphones,Jabra,2014,,0
5146,1093710,5.0,2018-01-17,Female,Headphones,Jabra,2014,,0
5257,1094162,5.0,2018-01-18,Male,Headphones,Philips,2015,,0
5146,1094415,5.0,2018-01-19,Female,Headphones,Jabra,2014,,0
5146,1094416,5.0,2018-01-19,Female,Headphones,Jabra,2014,,0
5257,1094410,5.0,2018-01-19,Male,Headphones,Philips,2015,,2
5257,1094604,5.0,2018-01-20,Male,Headphones,Philips,2015,,2
5257,1094861,4.0,2018-01-20,Male,Headphones,Philips,2015,,0
5257,1095001,5.0,2018-01-21,Male,Headphones,Philips,2015,,0
5257,1095004,5.0,2018-01-21,Male,Headphones,Philips,2015,,0
5257,1095030,5.0,2018-01-21,Male,Headphones,Philips,2015,,0
5146,1095124,5.0,2018-01-21,Female,Headphones,Jabra,2014,Female,0
5146,981262,5.0,2018-01-21,Female,Headphones,Jabra,2014,,2
5146,1095317,5.0,2018-01-22,Female,Headphones,Jabra,2014,,0
5257,1095548,5.0,2018-01-22,Male,Headphones,Philips,2015,,0
5257,1095773,5.0,2018-01-23,Male,Headphones,Philips,2015,,0
3338,1095952,5.0,2018-01-24,Male,Headphones,Jabra,2013,Male,0
5146,1096046,5.0,2018-01-24,Female,Headphones,Jabra,2014,,0
5146,1096047,4.0,2018-01-24,Female,Headphones,Jabra,2014,,0
5146,1096048,2.0,2018-01-24,Female,Headphones,Jabra,2014,,0
3150,1096100,5.0,2018-01-24,Male,Headphones,Philips,2013,Male,0
1728,1096313,1.0,2018-01-25,Female&Male,Headphones,Jabra,2011,,0
7047,1096330,5.0,2018-01-25,Female&Male,Headphones,Philips,2015,,0
5146,1096540,4.0,2018-01-25,Female,Headphones,Jabra,2014,,0
5146,1096541,5.0,2018-01-25,Female,Headphones,Jabra,2014,,0
5146,1096597,5.0,2018-01-25,Female,Headphones,Jabra,2014,,0
5146,1096636,4.0,2018-01-25,Female,Headphones,Jabra,2014,,0
5257,1097015,5.0,2018-01-26,Male,Headphones,Philips,2015,,0
5257,1097022,5.0,2018-01-26,Male,Headphones,Philips,2015,,0
5257,1016396,5.0,2018-01-27,Male,Headphones,Philips,2015,,2
5257,1097410,5.0,2018-01-27,Male,Headphones,Philips,2015,,0
3700,1097623,5.0,2018-01-27,Male,Headphones,Philips,2014,,0
5146,96028,4.0,2018-01-28,Female,Headphones,Jabra,2014,Male,2
5146,1097784,5.0,2018-01-28,Female,Headphones,Jabra,2014,,0
7526,1097833,5.0,2018-01-28,Male,Headphones,Philips,2015,,0
5257,1097871,5.0,2018-01-28,Male,Headphones,Philips,2015,,0
9540,1097890,2.0,2018-01-28,Male,Headphones,Philips,2018,,0
5146,1098295,5.0,2018-01-29,Female,Headphones,Jabra,2014,,0
5146,1098312,5.0,2018-01-29,Female,Headphones,Jabra,2014,Male,0
5146,1098313,4.0,2018-01-29,Female,Headphones,Jabra,2014,,0
5146,1098923,4.0,2018-01-30,Female,Headphones,Jabra,2014,,0
3150,1099223,1.0,2018-01-31,Male,Headphones,Philips,2013,Female,0
5146,1099267,5.0,2018-01-31,Female,Headphones,Jabra,2014,,0
5257,1099632,4.0,2018-02-01,Male,Headphones,Philips,2015,Male,0
5146,1099737,4.0,2018-02-01,Female,Headphones,Jabra,2014,,0
5257,1100006,5.0,2018-02-02,Male,Headphones,Philips,2015,,0
5257,1100014,5.0,2018-02-02,Male,Headphones,Philips,2015,,0
5146,1100076,2.0,2018-02-02,Female,Headphones,Jabra,2014,,0
5146,1100078,4.0,2018-02-02,Female,Headphones,Jabra,2014,,0
5146,277907,5.0,2018-02-02,Female,Headphones,Jabra,2014,Male,2
5257,1100256,5.0,2018-02-03,Male,Headphones,Philips,2015,,0
5257,1100272,5.0,2018-02-03,Male,Headphones,Philips,2015,,0
5257,812292,5.0,2018-02-04,Male,Headphones,Philips,2015,Male,2
5257,1100749,5.0,2018-02-04,Male,Headphones,Philips,2015,,0
5146,1100881,5.0,2018-02-05,Female,Headphones,Jabra,2014,,0
3150,1100885,4.0,2018-02-05,Male,Headphones,Philips,2013,Female,0
5146,1100891,5.0,2018-02-05,Female,Headphones,Jabra,2014,,0
5257,1101586,5.0,2018-02-06,Male,Headphones,Philips,2015,,0
1762,1101704,2.0,2018-02-07,Male,Headphones,Philips,2013,,0
3150,1101811,4.0,2018-02-07,Male,Headphones,Philips,2013,,0
5257,1101864,5.0,2018-02-07,Male,Headphones,Philips,2015,,0
5146,1102060,5.0,2018-02-08,Female,Headphones,Jabra,2014,,0
5257,1102345,2.0,2018-02-08,Male,Headphones,Philips,2015,,0
5146,1102537,5.0,2018-02-09,Female,Headphones,Jabra,2014,,0
3150,1102681,5.0,2018-02-09,Male,Headphones,Philips,2013,,0
7526,1102819,5.0,2018-02-10,Male,Headphones,Philips,2015,,0
5146,1103091,5.0,2018-02-10,Female,Headphones,Jabra,2014,,0
5146,843906,1.0,2018-02-11,Female,Headphones,Jabra,2014,Male,2
5146,402430,3.0,2018-02-11,Female,Headphones,Jabra,2014,,2
5257,1103738,5.0,2018-02-12,Male,Headphones,Philips,2015,,0
5146,1103755,5.0,2018-02-12,Female,Headphones,Jabra,2014,,0
3338,1103792,5.0,2018-02-12,Male,Headphones,Jabra,2013,,0
5257,1104053,4.0,2018-02-13,Male,Headphones,Philips,2015,,0
5146,1104730,5.0,2018-02-15,Female,Headphones,Jabra,2014,,0
4128,1104842,1.0,2018-02-15,Female,Headphones,Jabra,2014,,0
4128,1104717,2.0,2018-02-15,Female,Headphones,Jabra,2014,,2
5257,1104960,5.0,2018-02-15,Male,Headphones,Philips,2015,,0
5257,1104968,4.0,2018-02-15,Male,Headphones,Philips,2015,,0
3338,1105093,5.0,2018-02-16,Male,Headphones,Jabra,2013,,0
5146,1105286,5.0,2018-02-16,Female,Headphones,Jabra,2014,,0
5146,1105291,5.0,2018-02-16,Female,Headphones,Jabra,2014,,0
5257,733619,5.0,2018-02-17,Male,Headphones,Philips,2015,,2
3461,1105915,5.0,2018-02-18,Male,Headphones,Philips,2013,,0
5146,1105946,4.0,2018-02-19,Female,Headphones,Jabra,2014,,0
5257,1106244,5.0,2018-02-19,Male,Headphones,Philips,2015,,0
5257,1106245,5.0,2018-02-19,Male,Headphones,Philips,2015,,0
5146,1106353,1.0,2018-02-20,Female,Headphones,Jabra,2014,,0
5146,1106987,1.0,2018-02-21,Female,Headphones,Jabra,2014,,0
5146,1106989,5.0,2018-02-21,Female,Headphones,Jabra,2014,,0
5146,1107102,3.0,2018-02-22,Female,Headphones,Jabra,2014,,0
5146,1107107,4.0,2018-02-22,Female,Headphones,Jabra,2014,,0
5142,1107132,1.0,2018-02-22,Female,Headphones,Jabra,2014,,0
5146,1107698,5.0,2018-02-23,Female,Headphones,Jabra,2014,,0
3150,1107704,5.0,2018-02-23,Male,Headphones,Philips,2013,Male,0
5146,1107825,1.0,2018-02-24,Female,Headphones,Jabra,2014,,0
1469,1108030,1.0,2018-02-24,Male,Headphones,Philips,2011,,0
5146,1108448,1.0,2018-02-25,Female,Headphones,Jabra,2014,,0
5146,1108445,5.0,2018-02-25,Female,Headphones,Jabra,2014,,2
5146,1108464,3.0,2018-02-25,Female,Headphones,Jabra,2014,,0
5142,1109003,1.0,2018-02-27,Female,Headphones,Jabra,2014,Female,0
5146,1109542,4.0,2018-02-28,Female,Headphones,Jabra,2014,,0
3150,1109908,2.0,2018-03-01,Male,Headphones,Philips,2013,,0
5146,1110031,5.0,2018-03-01,Female,Headphones,Jabra,2014,,0
5146,1110032,5.0,2018-03-01,Female,Headphones,Jabra,2014,,0
5146,1110033,2.0,2018-03-01,Female,Headphones,Jabra,2014,,0
5257,1110048,5.0,2018-03-01,Male,Headphones,Philips,2015,,0
5146,801505,5.0,2018-03-02,Female,Headphones,Jabra,2014,,2
5257,1110523,4.0,2018-03-02,Male,Headphones,Philips,2015,,0
5146,1110865,1.0,2018-03-03,Female,Headphones,Jabra,2014,,0
5146,1110866,5.0,2018-03-03,Female,Headphones,Jabra,2014,,0
5257,1111112,5.0,2018-03-04,Male,Headphones,Philips,2015,,0
5257,1111113,5.0,2018-03-04,Male,Headphones,Philips,2015,,0
4128,1111164,5.0,2018-03-04,Female,Headphones,Jabra,2014,,0
5146,1111309,4.0,2018-03-04,Female,Headphones,Jabra,2014,,0
3461,1111310,1.0,2018-03-04,Male,Headphones,Philips,2013,,0
5146,1111346,3.0,2018-03-04,Female,Headphones,Jabra,2014,,0
5142,1111379,1.0,2018-03-04,Female,Headphones,Jabra,2014,,0
5146,1111397,2.0,2018-03-04,Female,Headphones,Jabra,2014,,0
5142,1111436,5.0,2018-03-05,Female,Headphones,Jabra,2014,,0
5146,1111446,5.0,2018-03-05,Female,Headphones,Jabra,2014,,0
5257,1111640,5.0,2018-03-05,Male,Headphones,Philips,2015,,0
5257,1111647,5.0,2018-03-05,Male,Headphones,Philips,2015,,0
4818,1112098,5.0,2018-03-06,Male,Headphones,Philips,2014,,0
3150,1112246,2.0,2018-03-06,Male,Headphones,Philips,2013,,0
5257,1112254,5.0,2018-03-06,Male,Headphones,Philips,2015,,0
5146,1112329,2.0,2018-03-07,Female,Headphones,Jabra,2014,,0
5146,1112491,4.0,2018-03-07,Female,Headphones,Jabra,2014,,0
5146,1112493,5.0,2018-03-07,Female,Headphones,Jabra,2014,,0
5146,1112494,2.0,2018-03-07,Female,Headphones,Jabra,2014,,0
6015,1112538,5.0,2018-03-07,Female,Headphones,Jabra,2015,,0
3150,987114,5.0,2018-03-07,Male,Headphones,Philips,2013,,2
3150,1112823,5.0,2018-03-08,Male,Headphones,Philips,2013,,0
5257,1113089,3.0,2018-03-08,Male,Headphones,Philips,2015,,0
5146,1113164,2.0,2018-03-08,Female,Headphones,Jabra,2014,,0
5146,1113229,5.0,2018-03-09,Female,Headphones,Jabra,2014,,0
5257,1113446,5.0,2018-03-09,Male,Headphones,Philips,2015,,0
1466,1113571,5.0,2018-03-09,Male,Headphones,Philips,2010,,0
5146,1113716,3.0,2018-03-10,Female,Headphones,Jabra,2014,,0
3150,1113909,5.0,2018-03-10,Male,Headphones,Philips,2013,,0
5146,1114085,1.0,2018-03-11,Female,Headphones,Jabra,2014,,0
5146,1006209,5.0,2018-03-11,Female,Headphones,Jabra,2014,Male,2
5257,1114199,4.0,2018-03-11,Male,Headphones,Philips,2015,,0
4128,1114634,1.0,2018-03-12,Female,Headphones,Jabra,2014,,0
1728,1114928,3.0,2018-03-13,Female&Male,Headphones,Jabra,2011,,0
5146,1114929,5.0,2018-03-13,Female,Headphones,Jabra,2014,,0
3461,1115227,1.0,2018-03-14,Male,Headphones,Philips,2013,,0
5257,1115379,5.0,2018-03-14,Male,Headphones,Philips,2015,,0
5146,1115409,5.0,2018-03-15,Female,Headphones,Jabra,2014,Female,0
5146,1115768,4.0,2018-03-16,Female,Headphones,Jabra,2014,,0
5257,1116070,5.0,2018-03-17,Male,Headphones,Philips,2015,,0
9540,1116190,5.0,2018-03-17,Male,Headphones,Philips,2018,,0
5146,1019904,2.0,2018-03-17,Female,Headphones,Jabra,2014,Male,2
5146,1116258,5.0,2018-03-17,Female,Headphones,Jabra,2014,,0
5146,1116292,4.0,2018-03-17,Female,Headphones,Jabra,2014,,0
5142,1116462,2.0,2018-03-18,Female,Headphones,Jabra,2014,Male,0
5257,1116841,5.0,2018-03-19,Male,Headphones,Philips,2015,,0
5146,261336,5.0,2018-03-19,Female,Headphones,Jabra,2014,Male,2
5146,1117139,5.0,2018-03-19,Female,Headphones,Jabra,2014,,0
5146,1117305,5.0,2018-03-20,Female,Headphones,Jabra,2014,,0
5257,1075157,5.0,2018-03-20,Male,Headphones,Philips,2015,,2
5142,1117543,5.0,2018-03-20,Female,Headphones,Jabra,2014,,0
3700,1117888,2.0,2018-03-21,Male,Headphones,Philips,2014,,0
7047,1117930,5.0,2018-03-21,Female&Male,Headphones,Philips,2015,Female,0
5257,1118025,5.0,2018-03-22,Male,Headphones,Philips,2015,,0
5146,1118148,1.0,2018-03-22,Female,Headphones,Jabra,2014,Female,0
5146,1118171,5.0,2018-03-22,Female,Headphones,Jabra,2014,,0
2614,1101606,3.0,2018-03-23,Female,Headphones,Philips,2015,,2
5257,1118620,4.0,2018-03-23,Male,Headphones,Philips,2015,,0
8739,1118674,5.0,2018-03-23,Male,Headphones,Philips,2016,,0
5257,1118780,5.0,2018-03-24,Male,Headphones,Philips,2015,,0
5142,1118900,1.0,2018-03-24,Female,Headphones,Jabra,2014,,0
5257,1119254,5.0,2018-03-25,Male,Headphones,Philips,2015,,0
8739,1119378,2.0,2018-03-26,Male,Headphones,Philips,2016,,0
7482,1119404,3.0,2018-03-26,Male,Headphones,Jabra,2015,,0
7526,1119498,2.0,2018-03-26,Male,Headphones,Philips,2015,,0
5146,1119527,5.0,2018-03-26,Female,Headphones,Jabra,2014,,0
5146,1119531,4.0,2018-03-26,Female,Headphones,Jabra,2014,,0
5146,1119532,4.0,2018-03-26,Female,Headphones,Jabra,2014,,0
5257,1119732,5.0,2018-03-26,Male,Headphones,Philips,2015,,0
5257,1119793,5.0,2018-03-27,Male,Headphones,Philips,2015,,0
3150,1119851,5.0,2018-03-27,Male,Headphones,Philips,2013,,0
4128,1119925,5.0,2018-03-27,Female,Headphones,Jabra,2014,,0
7482,1120049,2.0,2018-03-27,Male,Headphones,Jabra,2015,,0
4128,1120165,4.0,2018-03-28,Female,Headphones,Jabra,2014,,0
5146,1120189,5.0,2018-03-28,Female,Headphones,Jabra,2014,,0
5257,1120649,2.0,2018-03-29,Male,Headphones,Philips,2015,,0
5146,1120769,5.0,2018-03-29,Female,Headphones,Jabra,2014,,0
1728,1120815,5.0,2018-03-30,Female&Male,Headphones,Jabra,2011,Male,0
5257,1120860,5.0,2018-03-30,Male,Headphones,Philips,2015,,0
4128,1121161,5.0,2018-03-31,Female,Headphones,Jabra,2014,,0
5146,1121251,5.0,2018-03-31,Female,Headphones,Jabra,2014,,0
5257,1121304,4.0,2018-03-31,Male,Headphones,Philips,2015,,2
5146,1121547,5.0,2018-04-01,Female,Headphones,Jabra,2014,,0
5146,1121759,5.0,2018-04-02,Female,Headphones,Jabra,2014,,0
5146,1121761,5.0,2018-04-02,Female,Headphones,Jabra,2014,,0
5257,1121850,5.0,2018-04-02,Male,Headphones,Philips,2015,Male,2
5257,1121979,4.0,2018-04-02,Male,Headphones,Philips,2015,,0
8739,1122045,2.0,2018-04-02,Male,Headphones,Philips,2016,,0
5142,1122091,1.0,2018-04-03,Female,Headphones,Jabra,2014,,0
5146,1122287,4.0,2018-04-03,Female,Headphones,Jabra,2014,,0
5257,1122335,5.0,2018-04-03,Male,Headphones,Philips,2015,,0
5257,1122333,4.0,2018-04-03,Male,Headphones,Philips,2015,,2
5257,1122361,3.0,2018-04-03,Male,Headphones,Philips,2015,,0
5146,749064,4.0,2018-04-04,Female,Headphones,Jabra,2014,,2
9540,1122717,5.0,2018-04-04,Male,Headphones,Philips,2018,,0
2992,1122866,3.0,2018-04-05,Male,Headphones,Philips,2013,,0
5146,1122878,1.0,2018-04-05,Female,Headphones,Jabra,2014,,0
4128,1122924,2.0,2018-04-05,Female,Headphones,Jabra,2014,,0
5146,343956,2.0,2018-04-05,Female,Headphones,Jabra,2014,,2
5257,1123096,3.0,2018-04-05,Male,Headphones,Philips,2015,,0
5257,1123099,4.0,2018-04-05,Male,Headphones,Philips,2015,Female,0
3150,1123466,1.0,2018-04-07,Male,Headphones,Philips,2013,,0
5146,1124072,3.0,2018-04-08,Female,Headphones,Jabra,2014,,0
5146,1124091,2.0,2018-04-09,Female,Headphones,Jabra,2014,,0
5257,236533,4.0,2018-04-09,Male,Headphones,Philips,2015,,2
5257,1124446,5.0,2018-04-10,Male,Headphones,Philips,2015,,0
5146,1124652,5.0,2018-04-10,Female,Headphones,Jabra,2014,,0
5146,1124747,5.0,2018-04-10,Female,Headphones,Jabra,2014,,0
5146,1124793,3.0,2018-04-10,Female,Headphones,Jabra,2014,,0
5257,1124977,5.0,2018-04-11,Male,Headphones,Philips,2015,,0
5142,1125288,2.0,2018-04-12,Female,Headphones,Jabra,2014,,0
5257,1125303,2.0,2018-04-12,Male,Headphones,Philips,2015,,0
3150,1125431,2.0,2018-04-12,Male,Headphones,Philips,2013,,0
5257,1125609,5.0,2018-04-13,Male,Headphones,Philips,2015,,0
5146,1125719,5.0,2018-04-13,Female,Headphones,Jabra,2014,,0
5146,1126036,5.0,2018-04-14,Female,Headphones,Jabra,2014,,0
3338,1126091,3.0,2018-04-14,Male,Headphones,Jabra,2013,,0
5257,1126357,5.0,2018-04-15,Male,Headphones,Philips,2015,,0
5146,1126431,4.0,2018-04-15,Female,Headphones,Jabra,2014,,0
5146,1126524,1.0,2018-04-16,Female,Headphones,Jabra,2014,,0
5146,1126544,5.0,2018-04-16,Female,Headphones,Jabra,2014,,0
5257,1126626,5.0,2018-04-16,Male,Headphones,Philips,2015,,0
9540,1126853,4.0,2018-04-17,Male,Headphones,Philips,2018,,0
3150,1126927,2.0,2018-04-17,Male,Headphones,Philips,2013,,0
5142,1126954,1.0,2018-04-17,Female,Headphones,Jabra,2014,,0
5146,1127141,4.0,2018-04-17,Female,Headphones,Jabra,2014,,0
5146,1127346,3.0,2018-04-18,Female,Headphones,Jabra,2014,,0
5146,1127358,5.0,2018-04-18,Female,Headphones,Jabra,2014,,0
5146,1127417,5.0,2018-04-18,Female,Headphones,Jabra,2014,,0
5146,1127419,2.0,2018-04-18,Female,Headphones,Jabra,2014,,0
5142,1127481,1.0,2018-04-18,Female,Headphones,Jabra,2014,,0
3150,1127648,3.0,2018-04-19,Male,Headphones,Philips,2013,,0
5146,1127683,4.0,2018-04-19,Female,Headphones,Jabra,2014,,0
5146,1127709,5.0,2018-04-19,Female,Headphones,Jabra,2014,Female,0
5146,1127711,1.0,2018-04-19,Female,Headphones,Jabra,2014,,0
5146,1127716,5.0,2018-04-19,Female,Headphones,Jabra,2014,,0
5146,1127765,4.0,2018-04-19,Female,Headphones,Jabra,2014,,0
7482,1127772,1.0,2018-04-19,Male,Headphones,Jabra,2015,,0
5146,1127783,5.0,2018-04-19,Female,Headphones,Jabra,2014,Female,0
2614,1127833,3.0,2018-04-19,Female,Headphones,Philips,2015,,0
5146,796065,4.0,2018-04-20,Female,Headphones,Jabra,2014,,2
5257,1127981,5.0,2018-04-20,Male,Headphones,Philips,2015,,0
7526,1128027,5.0,2018-04-20,Male,Headphones,Philips,2015,,0
5257,1128343,1.0,2018-04-21,Male,Headphones,Philips,2015,,0
5257,1128344,5.0,2018-04-21,Male,Headphones,Philips,2015,,0
5257,1128346,5.0,2018-04-21,Male,Headphones,Philips,2015,,0
5257,1128573,5.0,2018-04-22,Male,Headphones,Philips,2015,,0
5257,1128417,5.0,2018-04-22,Male,Headphones,Philips,2015,,2
5146,1128587,5.0,2018-04-22,Female,Headphones,Jabra,2014,,0
5257,1128760,4.0,2018-04-23,Male,Headphones,Philips,2015,,0
5257,1128764,5.0,2018-04-23,Male,Headphones,Philips,2015,,0
5257,1128766,1.0,2018-04-23,Male,Headphones,Philips,2015,,0
5142,1128910,2.0,2018-04-23,Female,Headphones,Jabra,2014,,0
7047,1129000,2.0,2018-04-23,Female&Male,Headphones,Philips,2015,,0
5257,1129168,5.0,2018-04-24,Male,Headphones,Philips,2015,,0
5146,1129210,5.0,2018-04-24,Female,Headphones,Jabra,2014,,0
236,893097,4.0,2018-04-24,Male,Headphones,Philips,2005,Male,2
5146,1129771,4.0,2018-04-25,Female,Headphones,Jabra,2014,,0
5146,1129782,5.0,2018-04-25,Female,Headphones,Jabra,2014,,0
5257,1129948,5.0,2018-04-26,Male,Headphones,Philips,2015,,0
3700,1129993,4.0,2018-04-26,Male,Headphones,Philips,2014,,0
5146,1130202,4.0,2018-04-27,Female,Headphones,Jabra,2014,,0
2614,1130336,5.0,2018-04-27,Female,Headphones,Philips,2015,,0
4128,1130594,5.0,2018-04-28,Female,Headphones,Jabra,2014,,0
7482,1130710,1.0,2018-04-29,Male,Headphones,Jabra,2015,,0
4128,1130806,5.0,2018-04-29,Female,Headphones,Jabra,2014,,0
4128,1130807,5.0,2018-04-29,Female,Headphones,Jabra,2014,,0
5257,1130951,5.0,2018-04-29,Male,Headphones,Philips,2015,,0
5257,1130953,3.0,2018-04-29,Male,Headphones,Philips,2015,,0
5257,1131919,4.0,2018-05-02,Male,Headphones,Philips,2015,,0
3150,1131920,5.0,2018-05-02,Male,Headphones,Philips,2013,,0
5257,1131921,5.0,2018-05-02,Male,Headphones,Philips,2015,,0
7482,1132030,2.0,2018-05-03,Male,Headphones,Jabra,2015,,0
5257,1132386,5.0,2018-05-04,Male,Headphones,Philips,2015,,0
5146,1132804,5.0,2018-05-06,Female,Headphones,Jabra,2014,,0
5257,580323,5.0,2018-05-06,Male,Headphones,Philips,2015,,2
5257,1133256,5.0,2018-05-07,Male,Headphones,Philips,2015,,0
5146,1133382,1.0,2018-05-08,Female,Headphones,Jabra,2014,,0
4128,1133388,4.0,2018-05-08,Female,Headphones,Jabra,2014,,0
3483,1133480,5.0,2018-05-08,Male,Headphones,Philips,2018,,0
5257,1133820,5.0,2018-05-09,Male,Headphones,Philips,2015,,0
5146,1134030,2.0,2018-05-10,Female,Headphones,Jabra,2014,,0
5257,1134185,4.0,2018-05-11,Male,Headphones,Philips,2015,,0
5257,1134194,5.0,2018-05-11,Male,Headphones,Philips,2015,,0
5257,1134212,3.0,2018-05-11,Male,Headphones,Philips,2015,,0
5257,1134214,5.0,2018-05-11,Male,Headphones,Philips,2015,,0
5146,1134264,4.0,2018-05-11,Female,Headphones,Jabra,2014,,0
5257,264358,5.0,2018-05-12,Male,Headphones,Philips,2015,,2
5146,1134602,5.0,2018-05-12,Female,Headphones,Jabra,2014,,0
3150,1134610,5.0,2018-05-12,Male,Headphones,Philips,2013,,0
3461,367550,2.0,2018-05-12,Male,Headphones,Philips,2013,,2
5257,1134735,4.0,2018-05-13,Male,Headphones,Philips,2015,,0
5146,1134843,5.0,2018-05-13,Female,Headphones,Jabra,2014,,0
5257,1135282,5.0,2018-05-15,Male,Headphones,Philips,2015,,0
5146,1135296,2.0,2018-05-15,Female,Headphones,Jabra,2014,,0
5257,1135318,4.0,2018-05-15,Male,Headphones,Philips,2015,,0
6699,1135384,1.0,2018-05-15,Female,Headphones,Jabra,2015,,0
5146,1135548,4.0,2018-05-16,Female,Headphones,Jabra,2014,,0
5146,1135549,3.0,2018-05-16,Female,Headphones,Jabra,2014,,0
3150,1135842,5.0,2018-05-17,Male,Headphones,Philips,2013,,0
5146,1135947,3.0,2018-05-17,Female,Headphones,Jabra,2014,,0
5257,198176,5.0,2018-05-18,Male,Headphones,Philips,2015,Male,2
5257,1103974,5.0,2018-05-18,Male,Headphones,Philips,2015,,2
5257,1136311,5.0,2018-05-19,Male,Headphones,Philips,2015,,0
5146,1136409,5.0,2018-05-19,Female,Headphones,Jabra,2014,,0
5146,1136410,3.0,2018-05-19,Female,Headphones,Jabra,2014,,0
5257,1136596,5.0,2018-05-20,Male,Headphones,Philips,2015,,0
5146,1136782,4.0,2018-05-21,Female,Headphones,Jabra,2014,,0
5146,177860,5.0,2018-05-21,Female,Headphones,Jabra,2014,,2
7482,1137087,3.0,2018-05-22,Male,Headphones,Jabra,2015,,0
4128,1137282,5.0,2018-05-22,Female,Headphones,Jabra,2014,,0
5146,1137373,5.0,2018-05-22,Female,Headphones,Jabra,2014,,0
7482,1137549,1.0,2018-05-23,Male,Headphones,Jabra,2015,,0
2992,962205,3.0,2018-05-23,Male,Headphones,Philips,2013,,2
5257,1137671,5.0,2018-05-23,Male,Headphones,Philips,2015,Male,0
5257,1137865,4.0,2018-05-24,Male,Headphones,Philips,2015,,0
5257,21378,5.0,2018-05-25,Male,Headphones,Philips,2015,,2
5146,1138204,1.0,2018-05-25,Female,Headphones,Jabra,2014,,0
9540,1138298,3.0,2018-05-26,Male,Headphones,Philips,2018,,0
5146,1138334,2.0,2018-05-26,Female,Headphones,Jabra,2014,,0
5257,1138386,5.0,2018-05-26,Male,Headphones,Philips,2015,,2
5257,1138421,4.0,2018-05-26,Male,Headphones,Philips,2015,,0
5146,1138518,5.0,2018-05-27,Female,Headphones,Jabra,2014,,0
5257,1138733,5.0,2018-05-28,Male,Headphones,Philips,2015,,2
8739,191871,5.0,2018-05-28,Male,Headphones,Philips,2016,,2
5142,1138851,4.0,2018-05-28,Female,Headphones,Jabra,2014,,0
7092,1138991,4.0,2018-05-29,Male,Headphones,Philips,2015,,0
5146,1139065,5.0,2018-05-29,Female,Headphones,Jabra,2014,Male,0
5146,1139066,5.0,2018-05-29,Female,Headphones,Jabra,2014,,0
5257,1139202,5.0,2018-05-30,Male,Headphones,Philips,2015,,0
5257,1139212,3.0,2018-05-30,Male,Headphones,Philips,2015,Male,0
5146,1139339,1.0,2018-05-30,Female,Headphones,Jabra,2014,,0
3150,1139647,1.0,2018-05-31,Male,Headphones,Philips,2013,,0
5257,1139668,1.0,2018-05-31,Male,Headphones,Philips,2015,,0
5146,1139683,5.0,2018-05-31,Female,Headphones,Jabra,2014,,0
5146,1139780,5.0,2018-06-01,Female,Headphones,Jabra,2014,,0
4128,1139852,5.0,2018-06-01,Female,Headphones,Jabra,2014,,0
5146,1139969,5.0,2018-06-02,Female,Headphones,Jabra,2014,,0
5146,1139970,5.0,2018-06-02,Female,Headphones,Jabra,2014,,0
5146,1140112,5.0,2018-06-02,Female,Headphones,Jabra,2014,,0
6015,1140390,5.0,2018-06-04,Female,Headphones,Jabra,2015,,2
5257,1140603,5.0,2018-06-04,Male,Headphones,Philips,2015,,0
3150,1140618,5.0,2018-06-04,Male,Headphones,Philips,2013,,0
3150,1140695,1.0,2018-06-05,Male,Headphones,Philips,2013,,0
5142,1141158,5.0,2018-06-06,Female,Headphones,Jabra,2014,,0
5142,1141159,3.0,2018-06-06,Female,Headphones,Jabra,2014,,0
3150,1141206,4.0,2018-06-06,Male,Headphones,Philips,2013,,0
5257,1141525,4.0,2018-06-07,Male,Headphones,Philips,2015,,0
5146,1012102,5.0,2018-06-08,Female,Headphones,Jabra,2014,,2
5257,1141708,4.0,2018-06-08,Male,Headphones,Philips,2015,,0
4128,1141835,1.0,2018-06-09,Female,Headphones,Jabra,2014,Female,0
4128,1141839,5.0,2018-06-09,Female,Headphones,Jabra,2014,,0
5257,1141893,5.0,2018-06-09,Male,Headphones,Philips,2015,,0
2992,1141917,5.0,2018-06-09,Male,Headphones,Philips,2013,,0
5146,1141946,4.0,2018-06-09,Female,Headphones,Jabra,2014,,0
4128,357511,5.0,2018-06-10,Female,Headphones,Jabra,2014,Male,2
3700,1142168,5.0,2018-06-10,Male,Headphones,Philips,2014,,0
5257,1142224,5.0,2018-06-10,Male,Headphones,Philips,2015,,0
5257,1142275,5.0,2018-06-11,Male,Headphones,Philips,2015,,0
4128,1142368,5.0,2018-06-11,Female,Headphones,Jabra,2014,,0
5146,1142376,5.0,2018-06-11,Female,Headphones,Jabra,2014,,0
5257,1142391,2.0,2018-06-11,Male,Headphones,Philips,2015,,0
5257,1142405,5.0,2018-06-11,Male,Headphones,Philips,2015,,0
5146,437052,2.0,2018-06-11,Female,Headphones,Jabra,2014,,2
5146,1142490,3.0,2018-06-11,Female,Headphones,Jabra,2014,,0
5146,1142565,2.0,2018-06-11,Female,Headphones,Jabra,2014,,0
5146,1142646,3.0,2018-06-12,Female,Headphones,Jabra,2014,Female,0
5146,1142758,2.0,2018-06-12,Female,Headphones,Jabra,2014,,0
5146,1143076,2.0,2018-06-13,Female,Headphones,Jabra,2014,,0
3461,1143180,5.0,2018-06-14,Male,Headphones,Philips,2013,,0
5257,1143433,5.0,2018-06-15,Male,Headphones,Philips,2015,,0
4128,1143438,5.0,2018-06-15,Female,Headphones,Jabra,2014,,0
4128,1143440,1.0,2018-06-15,Female,Headphones,Jabra,2014,,0
3150,1143662,4.0,2018-06-16,Male,Headphones,Philips,2013,,0
5146,1143670,4.0,2018-06-16,Female,Headphones,Jabra,2014,,0
4128,1143736,5.0,2018-06-16,Female,Headphones,Jabra,2014,,0
5257,396575,4.0,2018-06-16,Male,Headphones,Philips,2015,,2
4128,1144006,3.0,2018-06-17,Female,Headphones,Jabra,2014,,0
3338,1144210,5.0,2018-06-18,Male,Headphones,Jabra,2013,,0
5142,1144258,1.0,2018-06-18,Female,Headphones,Jabra,2014,,0
5146,1144372,5.0,2018-06-18,Female,Headphones,Jabra,2014,Female,0
4128,1144380,4.0,2018-06-18,Female,Headphones,Jabra,2014,,0
5146,1144679,5.0,2018-06-19,Female,Headphones,Jabra,2014,,0
5146,1144789,2.0,2018-06-20,Female,Headphones,Jabra,2014,,0
6742,1144829,2.0,2018-06-20,Male,Headphones,Philips,2018,,0
4128,1144842,5.0,2018-06-20,Female,Headphones,Jabra,2014,Female,0
3150,1144906,5.0,2018-06-20,Male,Headphones,Philips,2013,,0
5146,1145210,5.0,2018-06-21,Female,Headphones,Jabra,2014,,0
5257,1145468,5.0,2018-06-22,Male,Headphones,Philips,2015,,0
5257,1145702,5.0,2018-06-23,Male,Headphones,Philips,2015,,0
5146,1145703,5.0,2018-06-23,Female,Headphones,Jabra,2014,,0
3338,1145780,1.0,2018-06-24,Male,Headphones,Jabra,2013,,0
5146,1145809,5.0,2018-06-24,Female,Headphones,Jabra,2014,,0
5146,1146123,3.0,2018-06-25,Female,Headphones,Jabra,2014,,0
4128,1146222,5.0,2018-06-25,Female,Headphones,Jabra,2014,,0
5146,68068,1.0,2018-06-27,Female,Headphones,Jabra,2014,,2
5257,888571,3.0,2018-06-27,Male,Headphones,Philips,2015,,2
5146,1146571,5.0,2018-06-27,Female,Headphones,Jabra,2014,,0
5146,1146945,5.0,2018-06-28,Female,Headphones,Jabra,2014,,0
5146,1146962,5.0,2018-06-28,Female,Headphones,Jabra,2014,,0
5146,1147163,5.0,2018-06-29,Female,Headphones,Jabra,2014,,0
3338,163471,5.0,2018-06-29,Male,Headphones,Jabra,2013,,2
5146,1147323,5.0,2018-06-30,Female,Headphones,Jabra,2014,,0
5257,1147326,5.0,2018-06-30,Male,Headphones,Philips,2015,,0
3461,158677,5.0,2018-07-01,Male,Headphones,Philips,2013,,2
5146,1147736,5.0,2018-07-02,Female,Headphones,Jabra,2014,,0
5146,1147738,5.0,2018-07-02,Female,Headphones,Jabra,2014,,0
5257,1147825,5.0,2018-07-03,Male,Headphones,Philips,2015,,0
5257,1147826,5.0,2018-07-03,Male,Headphones,Philips,2015,,0
5146,1147830,1.0,2018-07-03,Female,Headphones,Jabra,2014,Male,0
5146,1148077,5.0,2018-07-04,Female,Headphones,Jabra,2014,,0
5146,1148093,5.0,2018-07-04,Female,Headphones,Jabra,2014,,0
3150,1148277,5.0,2018-07-05,Male,Headphones,Philips,2013,,0
5146,1148403,5.0,2018-07-05,Female,Headphones,Jabra,2014,,0
5146,1148437,2.0,2018-07-05,Female,Headphones,Jabra,2014,Male,0
5257,1148453,3.0,2018-07-06,Male,Headphones,Philips,2015,,0
5146,1148633,4.0,2018-07-06,Female,Headphones,Jabra,2014,,0
4128,1148868,1.0,2018-07-07,Female,Headphones,Jabra,2014,,0
3338,1148877,1.0,2018-07-07,Male,Headphones,Jabra,2013,,0
5146,1149280,5.0,2018-07-09,Female,Headphones,Jabra,2014,,0
5146,1149575,5.0,2018-07-10,Female,Headphones,Jabra,2014,,0
5146,1150151,5.0,2018-07-13,Female,Headphones,Jabra,2014,,0
3700,1150297,5.0,2018-07-14,Male,Headphones,Philips,2014,,0
5146,1150368,5.0,2018-07-14,Female,Headphones,Jabra,2014,,0
4128,137925,3.0,2018-07-15,Female,Headphones,Jabra,2014,,2
7047,1150541,3.0,2018-07-15,Female&Male,Headphones,Philips,2015,,0
7213,1150615,4.0,2018-07-16,Female&Male,Headphones,Philips,2015,Female,0
5146,1150669,5.0,2018-07-16,Female,Headphones,Jabra,2014,,0
5146,1150826,3.0,2018-07-17,Female,Headphones,Jabra,2014,,0
5146,1150827,3.0,2018-07-17,Female,Headphones,Jabra,2014,,0
5146,1150836,4.0,2018-07-17,Female,Headphones,Jabra,2014,,0
5146,1151164,5.0,2018-07-18,Female,Headphones,Jabra,2014,,0
5146,1151407,4.0,2018-07-19,Female,Headphones,Jabra,2014,,0
5146,1151422,1.0,2018-07-19,Female,Headphones,Jabra,2014,,0
5146,1151535,3.0,2018-07-20,Female,Headphones,Jabra,2014,Male,0
5146,1151547,5.0,2018-07-20,Female,Headphones,Jabra,2014,,0
5146,984262,5.0,2018-07-20,Female,Headphones,Jabra,2014,,2
5146,1151678,4.0,2018-07-21,Female,Headphones,Jabra,2014,,0
5146,1151846,4.0,2018-07-22,Female,Headphones,Jabra,2014,,0
5146,1152142,4.0,2018-07-23,Female,Headphones,Jabra,2014,,0
7047,1152150,5.0,2018-07-23,Female&Male,Headphones,Philips,2015,,0
5146,1152292,4.0,2018-07-24,Female,Headphones,Jabra,2014,,0
5146,1152297,5.0,2018-07-24,Female,Headphones,Jabra,2014,,0
5142,585218,2.0,2018-07-24,Female,Headphones,Jabra,2014,,2
7482,1152600,4.0,2018-07-25,Male,Headphones,Jabra,2015,,0
4128,1152657,5.0,2018-07-26,Female,Headphones,Jabra,2014,,0
5146,1152664,3.0,2018-07-26,Female,Headphones,Jabra,2014,,0
5146,1152668,4.0,2018-07-26,Female,Headphones,Jabra,2014,,0
7528,1152850,5.0,2018-07-26,Female,Headphones,Philips,2015,Female,0
5146,1152970,2.0,2018-07-27,Female,Headphones,Jabra,2014,,0
5146,1152974,4.0,2018-07-27,Female,Headphones,Jabra,2014,,0
5146,1153408,3.0,2018-07-30,Female,Headphones,Jabra,2014,,0
5146,403785,5.0,2018-07-30,Female,Headphones,Jabra,2014,,2
5146,1020836,5.0,2018-07-31,Female,Headphones,Jabra,2014,,2
5146,1153729,3.0,2018-07-31,Female,Headphones,Jabra,2014,,0
5146,1153830,1.0,2018-08-01,Female,Headphones,Jabra,2014,Male,0
5146,1153831,5.0,2018-08-01,Female,Headphones,Jabra,2014,,0
9106,1153943,5.0,2018-08-01,Male,Headphones,Jabra,2017,,0
9106,1153944,4.0,2018-08-01,Male,Headphones,Jabra,2017,,0
5146,1154323,5.0,2018-08-03,Female,Headphones,Jabra,2014,,0
5146,690017,5.0,2018-08-04,Female,Headphones,Jabra,2014,Male,2
5146,1154661,3.0,2018-08-05,Female,Headphones,Jabra,2014,,0
5146,1154826,5.0,2018-08-06,Female,Headphones,Jabra,2014,,0
5146,750391,2.0,2018-08-06,Female,Headphones,Jabra,2014,,2
5146,1154952,4.0,2018-08-07,Female,Headphones,Jabra,2014,,0
5146,1154954,1.0,2018-08-07,Female,Headphones,Jabra,2014,,0
5146,1154960,5.0,2018-08-07,Female,Headphones,Jabra,2014,,0
5146,1155215,5.0,2018-08-08,Female,Headphones,Jabra,2014,,0
5146,1100851,5.0,2018-08-09,Female,Headphones,Jabra,2014,,2
7213,1156869,4.0,2018-08-21,Female&Male,Headphones,Philips,2015,,0
7213,1156870,5.0,2018-08-21,Female&Male,Headphones,Philips,2015,,0
